WARNING - 2024-12-02 00:16:20 --> [DEPRECATED] Creation of dynamic property App\Controllers\Cron\News::$validation is deprecated in APPPATH/Controllers/BaseController.php on line 57.
 1 SYSTEMPATH/CodeIgniter.php(892): App\Controllers\BaseController->initController(Object(CodeIgniter\HTTP\IncomingRequest), Object(CodeIgniter\HTTP\Response), Object(CodeIgniter\Log\Logger))
 2 SYSTEMPATH/CodeIgniter.php(485): CodeIgniter\CodeIgniter->createController()
 3 SYSTEMPATH/CodeIgniter.php(353): CodeIgniter\CodeIgniter->handleRequest(null, Object(Config\Cache), false)
 4 FCPATH/index.php(79): CodeIgniter\CodeIgniter->run()
WARNING - 2024-12-02 00:30:32 --> [DEPRECATED] Creation of dynamic property App\Controllers\Cron\Players::$validation is deprecated in APPPATH/Controllers/BaseController.php on line 57.
 1 SYSTEMPATH/CodeIgniter.php(892): App\Controllers\BaseController->initController(Object(CodeIgniter\HTTP\IncomingRequest), Object(CodeIgniter\HTTP\Response), Object(CodeIgniter\Log\Logger))
 2 SYSTEMPATH/CodeIgniter.php(485): CodeIgniter\CodeIgniter->createController()
 3 SYSTEMPATH/CodeIgniter.php(353): CodeIgniter\CodeIgniter->handleRequest(null, Object(Config\Cache), false)
 4 FCPATH/index.php(79): CodeIgniter\CodeIgniter->run()
WARNING - 2024-12-02 00:30:32 --> [DEPRECATED] Creation of dynamic property App\Controllers\Cron\Matches::$validation is deprecated in APPPATH/Controllers/BaseController.php on line 57.
 1 SYSTEMPATH/CodeIgniter.php(892): App\Controllers\BaseController->initController(Object(CodeIgniter\HTTP\IncomingRequest), Object(CodeIgniter\HTTP\Response), Object(CodeIgniter\Log\Logger))
 2 SYSTEMPATH/CodeIgniter.php(485): CodeIgniter\CodeIgniter->createController()
 3 SYSTEMPATH/CodeIgniter.php(353): CodeIgniter\CodeIgniter->handleRequest(null, Object(Config\Cache), false)
 4 FCPATH/index.php(79): CodeIgniter\CodeIgniter->run()
WARNING - 2024-12-02 00:30:32 --> [DEPRECATED] Creation of dynamic property App\Models\UserModel::$userBankAccoTbl is deprecated in APPPATH/Models/UserModel.php on line 18.
 1 APPPATH/Controllers/Cron/Players.php(34): App\Models\UserModel->__construct()
 2 SYSTEMPATH/CodeIgniter.php(919): App\Controllers\Cron\Players->getMatchPlayers()
 3 SYSTEMPATH/CodeIgniter.php(494): CodeIgniter\CodeIgniter->runController(Object(App\Controllers\Cron\Players))
 4 SYSTEMPATH/CodeIgniter.php(353): CodeIgniter\CodeIgniter->handleRequest(null, Object(Config\Cache), false)
 5 FCPATH/index.php(79): CodeIgniter\CodeIgniter->run()
WARNING - 2024-12-02 01:08:05 --> [DEPRECATED] Creation of dynamic property App\Controllers\Cron\News::$validation is deprecated in APPPATH/Controllers/BaseController.php on line 57.
 1 SYSTEMPATH/CodeIgniter.php(892): App\Controllers\BaseController->initController(Object(CodeIgniter\HTTP\IncomingRequest), Object(CodeIgniter\HTTP\Response), Object(CodeIgniter\Log\Logger))
 2 SYSTEMPATH/CodeIgniter.php(485): CodeIgniter\CodeIgniter->createController()
 3 SYSTEMPATH/CodeIgniter.php(353): CodeIgniter\CodeIgniter->handleRequest(null, Object(Config\Cache), false)
 4 FCPATH/index.php(79): CodeIgniter\CodeIgniter->run()
WARNING - 2024-12-02 03:30:02 --> [DEPRECATED] Creation of dynamic property App\Controllers\Cron\Players::$validation is deprecated in APPPATH/Controllers/BaseController.php on line 57.
 1 SYSTEMPATH/CodeIgniter.php(892): App\Controllers\BaseController->initController(Object(CodeIgniter\HTTP\IncomingRequest), Object(CodeIgniter\HTTP\Response), Object(CodeIgniter\Log\Logger))
 2 SYSTEMPATH/CodeIgniter.php(485): CodeIgniter\CodeIgniter->createController()
 3 SYSTEMPATH/CodeIgniter.php(353): CodeIgniter\CodeIgniter->handleRequest(null, Object(Config\Cache), false)
 4 FCPATH/index.php(79): CodeIgniter\CodeIgniter->run()
WARNING - 2024-12-02 03:30:02 --> [DEPRECATED] Creation of dynamic property App\Models\UserModel::$userBankAccoTbl is deprecated in APPPATH/Models/UserModel.php on line 18.
 1 APPPATH/Controllers/Cron/Players.php(34): App\Models\UserModel->__construct()
 2 SYSTEMPATH/CodeIgniter.php(919): App\Controllers\Cron\Players->getMatchPlayers()
 3 SYSTEMPATH/CodeIgniter.php(494): CodeIgniter\CodeIgniter->runController(Object(App\Controllers\Cron\Players))
 4 SYSTEMPATH/CodeIgniter.php(353): CodeIgniter\CodeIgniter->handleRequest(null, Object(Config\Cache), false)
 5 FCPATH/index.php(79): CodeIgniter\CodeIgniter->run()
WARNING - 2024-12-02 03:30:32 --> [DEPRECATED] Creation of dynamic property App\Controllers\Cron\Matches::$validation is deprecated in APPPATH/Controllers/BaseController.php on line 57.
 1 SYSTEMPATH/CodeIgniter.php(892): App\Controllers\BaseController->initController(Object(CodeIgniter\HTTP\IncomingRequest), Object(CodeIgniter\HTTP\Response), Object(CodeIgniter\Log\Logger))
 2 SYSTEMPATH/CodeIgniter.php(485): CodeIgniter\CodeIgniter->createController()
 3 SYSTEMPATH/CodeIgniter.php(353): CodeIgniter\CodeIgniter->handleRequest(null, Object(Config\Cache), false)
 4 FCPATH/index.php(79): CodeIgniter\CodeIgniter->run()
WARNING - 2024-12-02 04:05:41 --> [DEPRECATED] Creation of dynamic property App\Controllers\Matches::$validation is deprecated in APPPATH/Controllers/BaseController.php on line 57.
 1 SYSTEMPATH/CodeIgniter.php(892): App\Controllers\BaseController->initController(Object(CodeIgniter\HTTP\IncomingRequest), Object(CodeIgniter\HTTP\Response), Object(CodeIgniter\Log\Logger))
 2 SYSTEMPATH/CodeIgniter.php(485): CodeIgniter\CodeIgniter->createController()
 3 SYSTEMPATH/CodeIgniter.php(353): CodeIgniter\CodeIgniter->handleRequest(null, Object(Config\Cache), false)
 4 FCPATH/index.php(79): CodeIgniter\CodeIgniter->run()
WARNING - 2024-12-02 04:05:41 --> [DEPRECATED] Creation of dynamic property App\Controllers\Matches::$validation is deprecated in APPPATH/Controllers/BaseController.php on line 57.
 1 SYSTEMPATH/CodeIgniter.php(892): App\Controllers\BaseController->initController(Object(CodeIgniter\HTTP\IncomingRequest), Object(CodeIgniter\HTTP\Response), Object(CodeIgniter\Log\Logger))
 2 SYSTEMPATH/CodeIgniter.php(485): CodeIgniter\CodeIgniter->createController()
 3 SYSTEMPATH/CodeIgniter.php(353): CodeIgniter\CodeIgniter->handleRequest(null, Object(Config\Cache), false)
 4 FCPATH/index.php(79): CodeIgniter\CodeIgniter->run()
WARNING - 2024-12-02 04:05:41 --> [DEPRECATED] Creation of dynamic property App\Controllers\Cron\News::$validation is deprecated in APPPATH/Controllers/BaseController.php on line 57.
 1 SYSTEMPATH/CodeIgniter.php(892): App\Controllers\BaseController->initController(Object(CodeIgniter\HTTP\IncomingRequest), Object(CodeIgniter\HTTP\Response), Object(CodeIgniter\Log\Logger))
 2 SYSTEMPATH/CodeIgniter.php(485): CodeIgniter\CodeIgniter->createController()
 3 SYSTEMPATH/CodeIgniter.php(353): CodeIgniter\CodeIgniter->handleRequest(null, Object(Config\Cache), false)
 4 FCPATH/index.php(79): CodeIgniter\CodeIgniter->run()
WARNING - 2024-12-02 04:05:41 --> [DEPRECATED] Creation of dynamic property App\Controllers\Matches::$validation is deprecated in APPPATH/Controllers/BaseController.php on line 57.
 1 SYSTEMPATH/CodeIgniter.php(892): App\Controllers\BaseController->initController(Object(CodeIgniter\HTTP\IncomingRequest), Object(CodeIgniter\HTTP\Response), Object(CodeIgniter\Log\Logger))
 2 SYSTEMPATH/CodeIgniter.php(485): CodeIgniter\CodeIgniter->createController()
 3 SYSTEMPATH/CodeIgniter.php(353): CodeIgniter\CodeIgniter->handleRequest(null, Object(Config\Cache), false)
 4 FCPATH/index.php(79): CodeIgniter\CodeIgniter->run()
WARNING - 2024-12-02 04:05:41 --> [DEPRECATED] Creation of dynamic property App\Controllers\Matches::$validation is deprecated in APPPATH/Controllers/BaseController.php on line 57.
 1 SYSTEMPATH/CodeIgniter.php(892): App\Controllers\BaseController->initController(Object(CodeIgniter\HTTP\IncomingRequest), Object(CodeIgniter\HTTP\Response), Object(CodeIgniter\Log\Logger))
 2 SYSTEMPATH/CodeIgniter.php(485): CodeIgniter\CodeIgniter->createController()
 3 SYSTEMPATH/CodeIgniter.php(353): CodeIgniter\CodeIgniter->handleRequest(null, Object(Config\Cache), false)
 4 FCPATH/index.php(79): CodeIgniter\CodeIgniter->run()
WARNING - 2024-12-02 04:05:42 --> [DEPRECATED] Creation of dynamic property App\Controllers\Matches::$validation is deprecated in APPPATH/Controllers/BaseController.php on line 57.
 1 SYSTEMPATH/CodeIgniter.php(892): App\Controllers\BaseController->initController(Object(CodeIgniter\HTTP\IncomingRequest), Object(CodeIgniter\HTTP\Response), Object(CodeIgniter\Log\Logger))
 2 SYSTEMPATH/CodeIgniter.php(485): CodeIgniter\CodeIgniter->createController()
 3 SYSTEMPATH/CodeIgniter.php(353): CodeIgniter\CodeIgniter->handleRequest(null, Object(Config\Cache), false)
 4 FCPATH/index.php(79): CodeIgniter\CodeIgniter->run()
WARNING - 2024-12-02 04:05:43 --> [DEPRECATED] Creation of dynamic property App\Controllers\Matches::$validation is deprecated in APPPATH/Controllers/BaseController.php on line 57.
 1 SYSTEMPATH/CodeIgniter.php(892): App\Controllers\BaseController->initController(Object(CodeIgniter\HTTP\IncomingRequest), Object(CodeIgniter\HTTP\Response), Object(CodeIgniter\Log\Logger))
 2 SYSTEMPATH/CodeIgniter.php(485): CodeIgniter\CodeIgniter->createController()
 3 SYSTEMPATH/CodeIgniter.php(353): CodeIgniter\CodeIgniter->handleRequest(null, Object(Config\Cache), false)
 4 FCPATH/index.php(79): CodeIgniter\CodeIgniter->run()
WARNING - 2024-12-02 04:37:18 --> [DEPRECATED] Creation of dynamic property App\Controllers\Matches::$validation is deprecated in APPPATH/Controllers/BaseController.php on line 57.
 1 SYSTEMPATH/CodeIgniter.php(892): App\Controllers\BaseController->initController(Object(CodeIgniter\HTTP\IncomingRequest), Object(CodeIgniter\HTTP\Response), Object(CodeIgniter\Log\Logger))
 2 SYSTEMPATH/CodeIgniter.php(485): CodeIgniter\CodeIgniter->createController()
 3 SYSTEMPATH/CodeIgniter.php(353): CodeIgniter\CodeIgniter->handleRequest(null, Object(Config\Cache), false)
 4 FCPATH/index.php(79): CodeIgniter\CodeIgniter->run()
WARNING - 2024-12-02 04:37:19 --> [DEPRECATED] Creation of dynamic property App\Controllers\Cron\News::$validation is deprecated in APPPATH/Controllers/BaseController.php on line 57.
 1 SYSTEMPATH/CodeIgniter.php(892): App\Controllers\BaseController->initController(Object(CodeIgniter\HTTP\IncomingRequest), Object(CodeIgniter\HTTP\Response), Object(CodeIgniter\Log\Logger))
 2 SYSTEMPATH/CodeIgniter.php(485): CodeIgniter\CodeIgniter->createController()
 3 SYSTEMPATH/CodeIgniter.php(353): CodeIgniter\CodeIgniter->handleRequest(null, Object(Config\Cache), false)
 4 FCPATH/index.php(79): CodeIgniter\CodeIgniter->run()
WARNING - 2024-12-02 04:37:19 --> [DEPRECATED] Creation of dynamic property App\Controllers\Matches::$validation is deprecated in APPPATH/Controllers/BaseController.php on line 57.
 1 SYSTEMPATH/CodeIgniter.php(892): App\Controllers\BaseController->initController(Object(CodeIgniter\HTTP\IncomingRequest), Object(CodeIgniter\HTTP\Response), Object(CodeIgniter\Log\Logger))
 2 SYSTEMPATH/CodeIgniter.php(485): CodeIgniter\CodeIgniter->createController()
 3 SYSTEMPATH/CodeIgniter.php(353): CodeIgniter\CodeIgniter->handleRequest(null, Object(Config\Cache), false)
 4 FCPATH/index.php(79): CodeIgniter\CodeIgniter->run()
WARNING - 2024-12-02 04:37:19 --> [DEPRECATED] Creation of dynamic property App\Controllers\Matches::$validation is deprecated in APPPATH/Controllers/BaseController.php on line 57.
 1 SYSTEMPATH/CodeIgniter.php(892): App\Controllers\BaseController->initController(Object(CodeIgniter\HTTP\IncomingRequest), Object(CodeIgniter\HTTP\Response), Object(CodeIgniter\Log\Logger))
 2 SYSTEMPATH/CodeIgniter.php(485): CodeIgniter\CodeIgniter->createController()
 3 SYSTEMPATH/CodeIgniter.php(353): CodeIgniter\CodeIgniter->handleRequest(null, Object(Config\Cache), false)
 4 FCPATH/index.php(79): CodeIgniter\CodeIgniter->run()
WARNING - 2024-12-02 04:37:19 --> [DEPRECATED] Creation of dynamic property App\Controllers\Matches::$validation is deprecated in APPPATH/Controllers/BaseController.php on line 57.
 1 SYSTEMPATH/CodeIgniter.php(892): App\Controllers\BaseController->initController(Object(CodeIgniter\HTTP\IncomingRequest), Object(CodeIgniter\HTTP\Response), Object(CodeIgniter\Log\Logger))
 2 SYSTEMPATH/CodeIgniter.php(485): CodeIgniter\CodeIgniter->createController()
 3 SYSTEMPATH/CodeIgniter.php(353): CodeIgniter\CodeIgniter->handleRequest(null, Object(Config\Cache), false)
 4 FCPATH/index.php(79): CodeIgniter\CodeIgniter->run()
WARNING - 2024-12-02 04:37:19 --> [DEPRECATED] Creation of dynamic property App\Controllers\Matches::$validation is deprecated in APPPATH/Controllers/BaseController.php on line 57.
 1 SYSTEMPATH/CodeIgniter.php(892): App\Controllers\BaseController->initController(Object(CodeIgniter\HTTP\IncomingRequest), Object(CodeIgniter\HTTP\Response), Object(CodeIgniter\Log\Logger))
 2 SYSTEMPATH/CodeIgniter.php(485): CodeIgniter\CodeIgniter->createController()
 3 SYSTEMPATH/CodeIgniter.php(353): CodeIgniter\CodeIgniter->handleRequest(null, Object(Config\Cache), false)
 4 FCPATH/index.php(79): CodeIgniter\CodeIgniter->run()
WARNING - 2024-12-02 04:37:20 --> [DEPRECATED] Creation of dynamic property App\Controllers\Matches::$validation is deprecated in APPPATH/Controllers/BaseController.php on line 57.
 1 SYSTEMPATH/CodeIgniter.php(892): App\Controllers\BaseController->initController(Object(CodeIgniter\HTTP\IncomingRequest), Object(CodeIgniter\HTTP\Response), Object(CodeIgniter\Log\Logger))
 2 SYSTEMPATH/CodeIgniter.php(485): CodeIgniter\CodeIgniter->createController()
 3 SYSTEMPATH/CodeIgniter.php(353): CodeIgniter\CodeIgniter->handleRequest(null, Object(Config\Cache), false)
 4 FCPATH/index.php(79): CodeIgniter\CodeIgniter->run()
WARNING - 2024-12-02 06:25:14 --> [DEPRECATED] Creation of dynamic property App\Controllers\Matches::$validation is deprecated in APPPATH/Controllers/BaseController.php on line 57.
 1 SYSTEMPATH/CodeIgniter.php(892): App\Controllers\BaseController->initController(Object(CodeIgniter\HTTP\IncomingRequest), Object(CodeIgniter\HTTP\Response), Object(CodeIgniter\Log\Logger))
 2 SYSTEMPATH/CodeIgniter.php(485): CodeIgniter\CodeIgniter->createController()
 3 SYSTEMPATH/CodeIgniter.php(353): CodeIgniter\CodeIgniter->handleRequest(null, Object(Config\Cache), false)
 4 FCPATH/index.php(79): CodeIgniter\CodeIgniter->run()
WARNING - 2024-12-02 06:25:14 --> [DEPRECATED] Creation of dynamic property App\Controllers\Matches::$validation is deprecated in APPPATH/Controllers/BaseController.php on line 57.
 1 SYSTEMPATH/CodeIgniter.php(892): App\Controllers\BaseController->initController(Object(CodeIgniter\HTTP\IncomingRequest), Object(CodeIgniter\HTTP\Response), Object(CodeIgniter\Log\Logger))
 2 SYSTEMPATH/CodeIgniter.php(485): CodeIgniter\CodeIgniter->createController()
 3 SYSTEMPATH/CodeIgniter.php(353): CodeIgniter\CodeIgniter->handleRequest(null, Object(Config\Cache), false)
 4 FCPATH/index.php(79): CodeIgniter\CodeIgniter->run()
WARNING - 2024-12-02 06:25:14 --> [DEPRECATED] Creation of dynamic property App\Controllers\Cron\News::$validation is deprecated in APPPATH/Controllers/BaseController.php on line 57.
 1 SYSTEMPATH/CodeIgniter.php(892): App\Controllers\BaseController->initController(Object(CodeIgniter\HTTP\IncomingRequest), Object(CodeIgniter\HTTP\Response), Object(CodeIgniter\Log\Logger))
 2 SYSTEMPATH/CodeIgniter.php(485): CodeIgniter\CodeIgniter->createController()
 3 SYSTEMPATH/CodeIgniter.php(353): CodeIgniter\CodeIgniter->handleRequest(null, Object(Config\Cache), false)
 4 FCPATH/index.php(79): CodeIgniter\CodeIgniter->run()
WARNING - 2024-12-02 06:25:15 --> [DEPRECATED] Creation of dynamic property App\Controllers\Matches::$validation is deprecated in APPPATH/Controllers/BaseController.php on line 57.
 1 SYSTEMPATH/CodeIgniter.php(892): App\Controllers\BaseController->initController(Object(CodeIgniter\HTTP\IncomingRequest), Object(CodeIgniter\HTTP\Response), Object(CodeIgniter\Log\Logger))
 2 SYSTEMPATH/CodeIgniter.php(485): CodeIgniter\CodeIgniter->createController()
 3 SYSTEMPATH/CodeIgniter.php(353): CodeIgniter\CodeIgniter->handleRequest(null, Object(Config\Cache), false)
 4 FCPATH/index.php(79): CodeIgniter\CodeIgniter->run()
WARNING - 2024-12-02 06:25:15 --> [DEPRECATED] Creation of dynamic property App\Controllers\Matches::$validation is deprecated in APPPATH/Controllers/BaseController.php on line 57.
 1 SYSTEMPATH/CodeIgniter.php(892): App\Controllers\BaseController->initController(Object(CodeIgniter\HTTP\IncomingRequest), Object(CodeIgniter\HTTP\Response), Object(CodeIgniter\Log\Logger))
 2 SYSTEMPATH/CodeIgniter.php(485): CodeIgniter\CodeIgniter->createController()
 3 SYSTEMPATH/CodeIgniter.php(353): CodeIgniter\CodeIgniter->handleRequest(null, Object(Config\Cache), false)
 4 FCPATH/index.php(79): CodeIgniter\CodeIgniter->run()
WARNING - 2024-12-02 06:25:15 --> [DEPRECATED] Creation of dynamic property App\Controllers\Matches::$validation is deprecated in APPPATH/Controllers/BaseController.php on line 57.
 1 SYSTEMPATH/CodeIgniter.php(892): App\Controllers\BaseController->initController(Object(CodeIgniter\HTTP\IncomingRequest), Object(CodeIgniter\HTTP\Response), Object(CodeIgniter\Log\Logger))
 2 SYSTEMPATH/CodeIgniter.php(485): CodeIgniter\CodeIgniter->createController()
 3 SYSTEMPATH/CodeIgniter.php(353): CodeIgniter\CodeIgniter->handleRequest(null, Object(Config\Cache), false)
 4 FCPATH/index.php(79): CodeIgniter\CodeIgniter->run()
WARNING - 2024-12-02 06:25:37 --> [DEPRECATED] Creation of dynamic property App\Controllers\Matches::$validation is deprecated in APPPATH/Controllers/BaseController.php on line 57.
 1 SYSTEMPATH/CodeIgniter.php(892): App\Controllers\BaseController->initController(Object(CodeIgniter\HTTP\IncomingRequest), Object(CodeIgniter\HTTP\Response), Object(CodeIgniter\Log\Logger))
 2 SYSTEMPATH/CodeIgniter.php(485): CodeIgniter\CodeIgniter->createController()
 3 SYSTEMPATH/CodeIgniter.php(353): CodeIgniter\CodeIgniter->handleRequest(null, Object(Config\Cache), false)
 4 FCPATH/index.php(79): CodeIgniter\CodeIgniter->run()
WARNING - 2024-12-02 06:25:37 --> [DEPRECATED] Creation of dynamic property App\Controllers\Matches::$validation is deprecated in APPPATH/Controllers/BaseController.php on line 57.
 1 SYSTEMPATH/CodeIgniter.php(892): App\Controllers\BaseController->initController(Object(CodeIgniter\HTTP\IncomingRequest), Object(CodeIgniter\HTTP\Response), Object(CodeIgniter\Log\Logger))
 2 SYSTEMPATH/CodeIgniter.php(485): CodeIgniter\CodeIgniter->createController()
 3 SYSTEMPATH/CodeIgniter.php(353): CodeIgniter\CodeIgniter->handleRequest(null, Object(Config\Cache), false)
 4 FCPATH/index.php(79): CodeIgniter\CodeIgniter->run()
WARNING - 2024-12-02 06:25:37 --> [DEPRECATED] Creation of dynamic property App\Controllers\Cron\News::$validation is deprecated in APPPATH/Controllers/BaseController.php on line 57.
 1 SYSTEMPATH/CodeIgniter.php(892): App\Controllers\BaseController->initController(Object(CodeIgniter\HTTP\IncomingRequest), Object(CodeIgniter\HTTP\Response), Object(CodeIgniter\Log\Logger))
 2 SYSTEMPATH/CodeIgniter.php(485): CodeIgniter\CodeIgniter->createController()
 3 SYSTEMPATH/CodeIgniter.php(353): CodeIgniter\CodeIgniter->handleRequest(null, Object(Config\Cache), false)
 4 FCPATH/index.php(79): CodeIgniter\CodeIgniter->run()
WARNING - 2024-12-02 06:25:37 --> [DEPRECATED] Creation of dynamic property App\Controllers\Matches::$validation is deprecated in APPPATH/Controllers/BaseController.php on line 57.
 1 SYSTEMPATH/CodeIgniter.php(892): App\Controllers\BaseController->initController(Object(CodeIgniter\HTTP\IncomingRequest), Object(CodeIgniter\HTTP\Response), Object(CodeIgniter\Log\Logger))
 2 SYSTEMPATH/CodeIgniter.php(485): CodeIgniter\CodeIgniter->createController()
 3 SYSTEMPATH/CodeIgniter.php(353): CodeIgniter\CodeIgniter->handleRequest(null, Object(Config\Cache), false)
 4 FCPATH/index.php(79): CodeIgniter\CodeIgniter->run()
WARNING - 2024-12-02 06:25:37 --> [DEPRECATED] Creation of dynamic property App\Controllers\Matches::$validation is deprecated in APPPATH/Controllers/BaseController.php on line 57.
 1 SYSTEMPATH/CodeIgniter.php(892): App\Controllers\BaseController->initController(Object(CodeIgniter\HTTP\IncomingRequest), Object(CodeIgniter\HTTP\Response), Object(CodeIgniter\Log\Logger))
 2 SYSTEMPATH/CodeIgniter.php(485): CodeIgniter\CodeIgniter->createController()
 3 SYSTEMPATH/CodeIgniter.php(353): CodeIgniter\CodeIgniter->handleRequest(null, Object(Config\Cache), false)
 4 FCPATH/index.php(79): CodeIgniter\CodeIgniter->run()
WARNING - 2024-12-02 06:25:37 --> [DEPRECATED] Creation of dynamic property App\Controllers\Matches::$validation is deprecated in APPPATH/Controllers/BaseController.php on line 57.
 1 SYSTEMPATH/CodeIgniter.php(892): App\Controllers\BaseController->initController(Object(CodeIgniter\HTTP\IncomingRequest), Object(CodeIgniter\HTTP\Response), Object(CodeIgniter\Log\Logger))
 2 SYSTEMPATH/CodeIgniter.php(485): CodeIgniter\CodeIgniter->createController()
 3 SYSTEMPATH/CodeIgniter.php(353): CodeIgniter\CodeIgniter->handleRequest(null, Object(Config\Cache), false)
 4 FCPATH/index.php(79): CodeIgniter\CodeIgniter->run()
WARNING - 2024-12-02 06:30:01 --> [DEPRECATED] Creation of dynamic property App\Controllers\Cron\Players::$validation is deprecated in APPPATH/Controllers/BaseController.php on line 57.
 1 SYSTEMPATH/CodeIgniter.php(892): App\Controllers\BaseController->initController(Object(CodeIgniter\HTTP\IncomingRequest), Object(CodeIgniter\HTTP\Response), Object(CodeIgniter\Log\Logger))
 2 SYSTEMPATH/CodeIgniter.php(485): CodeIgniter\CodeIgniter->createController()
 3 SYSTEMPATH/CodeIgniter.php(353): CodeIgniter\CodeIgniter->handleRequest(null, Object(Config\Cache), false)
 4 FCPATH/index.php(79): CodeIgniter\CodeIgniter->run()
WARNING - 2024-12-02 06:30:01 --> [DEPRECATED] Creation of dynamic property App\Models\UserModel::$userBankAccoTbl is deprecated in APPPATH/Models/UserModel.php on line 18.
 1 APPPATH/Controllers/Cron/Players.php(34): App\Models\UserModel->__construct()
 2 SYSTEMPATH/CodeIgniter.php(919): App\Controllers\Cron\Players->getMatchPlayers()
 3 SYSTEMPATH/CodeIgniter.php(494): CodeIgniter\CodeIgniter->runController(Object(App\Controllers\Cron\Players))
 4 SYSTEMPATH/CodeIgniter.php(353): CodeIgniter\CodeIgniter->handleRequest(null, Object(Config\Cache), false)
 5 FCPATH/index.php(79): CodeIgniter\CodeIgniter->run()
WARNING - 2024-12-02 06:30:01 --> [DEPRECATED] Creation of dynamic property App\Controllers\Cron\Matches::$validation is deprecated in APPPATH/Controllers/BaseController.php on line 57.
 1 SYSTEMPATH/CodeIgniter.php(892): App\Controllers\BaseController->initController(Object(CodeIgniter\HTTP\IncomingRequest), Object(CodeIgniter\HTTP\Response), Object(CodeIgniter\Log\Logger))
 2 SYSTEMPATH/CodeIgniter.php(485): CodeIgniter\CodeIgniter->createController()
 3 SYSTEMPATH/CodeIgniter.php(353): CodeIgniter\CodeIgniter->handleRequest(null, Object(Config\Cache), false)
 4 FCPATH/index.php(79): CodeIgniter\CodeIgniter->run()
WARNING - 2024-12-02 06:30:32 --> [DEPRECATED] Creation of dynamic property App\Controllers\Cron\Toss::$validation is deprecated in APPPATH/Controllers/BaseController.php on line 57.
 1 SYSTEMPATH/CodeIgniter.php(892): App\Controllers\BaseController->initController(Object(CodeIgniter\HTTP\IncomingRequest), Object(CodeIgniter\HTTP\Response), Object(CodeIgniter\Log\Logger))
 2 SYSTEMPATH/CodeIgniter.php(485): CodeIgniter\CodeIgniter->createController()
 3 SYSTEMPATH/CodeIgniter.php(353): CodeIgniter\CodeIgniter->handleRequest(null, Object(Config\Cache), false)
 4 FCPATH/index.php(79): CodeIgniter\CodeIgniter->run()
WARNING - 2024-12-02 06:56:06 --> [DEPRECATED] Creation of dynamic property App\Controllers\Cron\News::$validation is deprecated in APPPATH/Controllers/BaseController.php on line 57.
 1 SYSTEMPATH/CodeIgniter.php(892): App\Controllers\BaseController->initController(Object(CodeIgniter\HTTP\IncomingRequest), Object(CodeIgniter\HTTP\Response), Object(CodeIgniter\Log\Logger))
 2 SYSTEMPATH/CodeIgniter.php(485): CodeIgniter\CodeIgniter->createController()
 3 SYSTEMPATH/CodeIgniter.php(353): CodeIgniter\CodeIgniter->handleRequest(null, Object(Config\Cache), false)
 4 FCPATH/index.php(79): CodeIgniter\CodeIgniter->run()
WARNING - 2024-12-02 06:56:06 --> [DEPRECATED] Creation of dynamic property App\Controllers\Matches::$validation is deprecated in APPPATH/Controllers/BaseController.php on line 57.
 1 SYSTEMPATH/CodeIgniter.php(892): App\Controllers\BaseController->initController(Object(CodeIgniter\HTTP\IncomingRequest), Object(CodeIgniter\HTTP\Response), Object(CodeIgniter\Log\Logger))
 2 SYSTEMPATH/CodeIgniter.php(485): CodeIgniter\CodeIgniter->createController()
 3 SYSTEMPATH/CodeIgniter.php(353): CodeIgniter\CodeIgniter->handleRequest(null, Object(Config\Cache), false)
 4 FCPATH/index.php(79): CodeIgniter\CodeIgniter->run()
WARNING - 2024-12-02 06:56:06 --> [DEPRECATED] Creation of dynamic property App\Controllers\Matches::$validation is deprecated in APPPATH/Controllers/BaseController.php on line 57.
 1 SYSTEMPATH/CodeIgniter.php(892): App\Controllers\BaseController->initController(Object(CodeIgniter\HTTP\IncomingRequest), Object(CodeIgniter\HTTP\Response), Object(CodeIgniter\Log\Logger))
 2 SYSTEMPATH/CodeIgniter.php(485): CodeIgniter\CodeIgniter->createController()
 3 SYSTEMPATH/CodeIgniter.php(353): CodeIgniter\CodeIgniter->handleRequest(null, Object(Config\Cache), false)
 4 FCPATH/index.php(79): CodeIgniter\CodeIgniter->run()
WARNING - 2024-12-02 06:56:07 --> [DEPRECATED] Creation of dynamic property App\Controllers\Matches::$validation is deprecated in APPPATH/Controllers/BaseController.php on line 57.
 1 SYSTEMPATH/CodeIgniter.php(892): App\Controllers\BaseController->initController(Object(CodeIgniter\HTTP\IncomingRequest), Object(CodeIgniter\HTTP\Response), Object(CodeIgniter\Log\Logger))
 2 SYSTEMPATH/CodeIgniter.php(485): CodeIgniter\CodeIgniter->createController()
 3 SYSTEMPATH/CodeIgniter.php(353): CodeIgniter\CodeIgniter->handleRequest(null, Object(Config\Cache), false)
 4 FCPATH/index.php(79): CodeIgniter\CodeIgniter->run()
WARNING - 2024-12-02 06:56:07 --> [DEPRECATED] Creation of dynamic property App\Controllers\Matches::$validation is deprecated in APPPATH/Controllers/BaseController.php on line 57.
 1 SYSTEMPATH/CodeIgniter.php(892): App\Controllers\BaseController->initController(Object(CodeIgniter\HTTP\IncomingRequest), Object(CodeIgniter\HTTP\Response), Object(CodeIgniter\Log\Logger))
 2 SYSTEMPATH/CodeIgniter.php(485): CodeIgniter\CodeIgniter->createController()
 3 SYSTEMPATH/CodeIgniter.php(353): CodeIgniter\CodeIgniter->handleRequest(null, Object(Config\Cache), false)
 4 FCPATH/index.php(79): CodeIgniter\CodeIgniter->run()
WARNING - 2024-12-02 06:56:07 --> [DEPRECATED] Creation of dynamic property App\Controllers\Matches::$validation is deprecated in APPPATH/Controllers/BaseController.php on line 57.
 1 SYSTEMPATH/CodeIgniter.php(892): App\Controllers\BaseController->initController(Object(CodeIgniter\HTTP\IncomingRequest), Object(CodeIgniter\HTTP\Response), Object(CodeIgniter\Log\Logger))
 2 SYSTEMPATH/CodeIgniter.php(485): CodeIgniter\CodeIgniter->createController()
 3 SYSTEMPATH/CodeIgniter.php(353): CodeIgniter\CodeIgniter->handleRequest(null, Object(Config\Cache), false)
 4 FCPATH/index.php(79): CodeIgniter\CodeIgniter->run()
WARNING - 2024-12-02 06:56:08 --> [DEPRECATED] Creation of dynamic property App\Controllers\Matches::$validation is deprecated in APPPATH/Controllers/BaseController.php on line 57.
 1 SYSTEMPATH/CodeIgniter.php(892): App\Controllers\BaseController->initController(Object(CodeIgniter\HTTP\IncomingRequest), Object(CodeIgniter\HTTP\Response), Object(CodeIgniter\Log\Logger))
 2 SYSTEMPATH/CodeIgniter.php(485): CodeIgniter\CodeIgniter->createController()
 3 SYSTEMPATH/CodeIgniter.php(353): CodeIgniter\CodeIgniter->handleRequest(null, Object(Config\Cache), false)
 4 FCPATH/index.php(79): CodeIgniter\CodeIgniter->run()
WARNING - 2024-12-02 07:02:08 --> [DEPRECATED] Creation of dynamic property App\Controllers\Cron\News::$validation is deprecated in APPPATH/Controllers/BaseController.php on line 57.
 1 SYSTEMPATH/CodeIgniter.php(892): App\Controllers\BaseController->initController(Object(CodeIgniter\HTTP\IncomingRequest), Object(CodeIgniter\HTTP\Response), Object(CodeIgniter\Log\Logger))
 2 SYSTEMPATH/CodeIgniter.php(485): CodeIgniter\CodeIgniter->createController()
 3 SYSTEMPATH/CodeIgniter.php(353): CodeIgniter\CodeIgniter->handleRequest(null, Object(Config\Cache), false)
 4 FCPATH/index.php(79): CodeIgniter\CodeIgniter->run()
WARNING - 2024-12-02 07:02:08 --> [DEPRECATED] Creation of dynamic property App\Controllers\Matches::$validation is deprecated in APPPATH/Controllers/BaseController.php on line 57.
 1 SYSTEMPATH/CodeIgniter.php(892): App\Controllers\BaseController->initController(Object(CodeIgniter\HTTP\IncomingRequest), Object(CodeIgniter\HTTP\Response), Object(CodeIgniter\Log\Logger))
 2 SYSTEMPATH/CodeIgniter.php(485): CodeIgniter\CodeIgniter->createController()
 3 SYSTEMPATH/CodeIgniter.php(353): CodeIgniter\CodeIgniter->handleRequest(null, Object(Config\Cache), false)
 4 FCPATH/index.php(79): CodeIgniter\CodeIgniter->run()
WARNING - 2024-12-02 07:02:08 --> [DEPRECATED] Creation of dynamic property App\Controllers\Matches::$validation is deprecated in APPPATH/Controllers/BaseController.php on line 57.
 1 SYSTEMPATH/CodeIgniter.php(892): App\Controllers\BaseController->initController(Object(CodeIgniter\HTTP\IncomingRequest), Object(CodeIgniter\HTTP\Response), Object(CodeIgniter\Log\Logger))
 2 SYSTEMPATH/CodeIgniter.php(485): CodeIgniter\CodeIgniter->createController()
 3 SYSTEMPATH/CodeIgniter.php(353): CodeIgniter\CodeIgniter->handleRequest(null, Object(Config\Cache), false)
 4 FCPATH/index.php(79): CodeIgniter\CodeIgniter->run()
WARNING - 2024-12-02 07:02:09 --> [DEPRECATED] Creation of dynamic property App\Controllers\Matches::$validation is deprecated in APPPATH/Controllers/BaseController.php on line 57.
 1 SYSTEMPATH/CodeIgniter.php(892): App\Controllers\BaseController->initController(Object(CodeIgniter\HTTP\IncomingRequest), Object(CodeIgniter\HTTP\Response), Object(CodeIgniter\Log\Logger))
 2 SYSTEMPATH/CodeIgniter.php(485): CodeIgniter\CodeIgniter->createController()
 3 SYSTEMPATH/CodeIgniter.php(353): CodeIgniter\CodeIgniter->handleRequest(null, Object(Config\Cache), false)
 4 FCPATH/index.php(79): CodeIgniter\CodeIgniter->run()
WARNING - 2024-12-02 07:02:09 --> [DEPRECATED] Creation of dynamic property App\Controllers\Matches::$validation is deprecated in APPPATH/Controllers/BaseController.php on line 57.
 1 SYSTEMPATH/CodeIgniter.php(892): App\Controllers\BaseController->initController(Object(CodeIgniter\HTTP\IncomingRequest), Object(CodeIgniter\HTTP\Response), Object(CodeIgniter\Log\Logger))
 2 SYSTEMPATH/CodeIgniter.php(485): CodeIgniter\CodeIgniter->createController()
 3 SYSTEMPATH/CodeIgniter.php(353): CodeIgniter\CodeIgniter->handleRequest(null, Object(Config\Cache), false)
 4 FCPATH/index.php(79): CodeIgniter\CodeIgniter->run()
WARNING - 2024-12-02 07:02:09 --> [DEPRECATED] Creation of dynamic property App\Controllers\Matches::$validation is deprecated in APPPATH/Controllers/BaseController.php on line 57.
 1 SYSTEMPATH/CodeIgniter.php(892): App\Controllers\BaseController->initController(Object(CodeIgniter\HTTP\IncomingRequest), Object(CodeIgniter\HTTP\Response), Object(CodeIgniter\Log\Logger))
 2 SYSTEMPATH/CodeIgniter.php(485): CodeIgniter\CodeIgniter->createController()
 3 SYSTEMPATH/CodeIgniter.php(353): CodeIgniter\CodeIgniter->handleRequest(null, Object(Config\Cache), false)
 4 FCPATH/index.php(79): CodeIgniter\CodeIgniter->run()
WARNING - 2024-12-02 07:02:14 --> [DEPRECATED] Creation of dynamic property App\Controllers\Matches::$validation is deprecated in APPPATH/Controllers/BaseController.php on line 57.
 1 SYSTEMPATH/CodeIgniter.php(892): App\Controllers\BaseController->initController(Object(CodeIgniter\HTTP\IncomingRequest), Object(CodeIgniter\HTTP\Response), Object(CodeIgniter\Log\Logger))
 2 SYSTEMPATH/CodeIgniter.php(485): CodeIgniter\CodeIgniter->createController()
 3 SYSTEMPATH/CodeIgniter.php(353): CodeIgniter\CodeIgniter->handleRequest(null, Object(Config\Cache), false)
 4 FCPATH/index.php(79): CodeIgniter\CodeIgniter->run()
WARNING - 2024-12-02 07:33:47 --> [DEPRECATED] Creation of dynamic property App\Controllers\Matches::$validation is deprecated in APPPATH/Controllers/BaseController.php on line 57.
 1 SYSTEMPATH/CodeIgniter.php(892): App\Controllers\BaseController->initController(Object(CodeIgniter\HTTP\IncomingRequest), Object(CodeIgniter\HTTP\Response), Object(CodeIgniter\Log\Logger))
 2 SYSTEMPATH/CodeIgniter.php(485): CodeIgniter\CodeIgniter->createController()
 3 SYSTEMPATH/CodeIgniter.php(353): CodeIgniter\CodeIgniter->handleRequest(null, Object(Config\Cache), false)
 4 FCPATH/index.php(79): CodeIgniter\CodeIgniter->run()
WARNING - 2024-12-02 07:33:47 --> [DEPRECATED] Creation of dynamic property App\Controllers\Cron\News::$validation is deprecated in APPPATH/Controllers/BaseController.php on line 57.
 1 SYSTEMPATH/CodeIgniter.php(892): App\Controllers\BaseController->initController(Object(CodeIgniter\HTTP\IncomingRequest), Object(CodeIgniter\HTTP\Response), Object(CodeIgniter\Log\Logger))
 2 SYSTEMPATH/CodeIgniter.php(485): CodeIgniter\CodeIgniter->createController()
 3 SYSTEMPATH/CodeIgniter.php(353): CodeIgniter\CodeIgniter->handleRequest(null, Object(Config\Cache), false)
 4 FCPATH/index.php(79): CodeIgniter\CodeIgniter->run()
WARNING - 2024-12-02 07:33:47 --> [DEPRECATED] Creation of dynamic property App\Controllers\Matches::$validation is deprecated in APPPATH/Controllers/BaseController.php on line 57.
 1 SYSTEMPATH/CodeIgniter.php(892): App\Controllers\BaseController->initController(Object(CodeIgniter\HTTP\IncomingRequest), Object(CodeIgniter\HTTP\Response), Object(CodeIgniter\Log\Logger))
 2 SYSTEMPATH/CodeIgniter.php(485): CodeIgniter\CodeIgniter->createController()
 3 SYSTEMPATH/CodeIgniter.php(353): CodeIgniter\CodeIgniter->handleRequest(null, Object(Config\Cache), false)
 4 FCPATH/index.php(79): CodeIgniter\CodeIgniter->run()
WARNING - 2024-12-02 07:33:48 --> [DEPRECATED] Creation of dynamic property App\Controllers\Matches::$validation is deprecated in APPPATH/Controllers/BaseController.php on line 57.
 1 SYSTEMPATH/CodeIgniter.php(892): App\Controllers\BaseController->initController(Object(CodeIgniter\HTTP\IncomingRequest), Object(CodeIgniter\HTTP\Response), Object(CodeIgniter\Log\Logger))
 2 SYSTEMPATH/CodeIgniter.php(485): CodeIgniter\CodeIgniter->createController()
 3 SYSTEMPATH/CodeIgniter.php(353): CodeIgniter\CodeIgniter->handleRequest(null, Object(Config\Cache), false)
 4 FCPATH/index.php(79): CodeIgniter\CodeIgniter->run()
WARNING - 2024-12-02 07:33:48 --> [DEPRECATED] Creation of dynamic property App\Controllers\Matches::$validation is deprecated in APPPATH/Controllers/BaseController.php on line 57.
 1 SYSTEMPATH/CodeIgniter.php(892): App\Controllers\BaseController->initController(Object(CodeIgniter\HTTP\IncomingRequest), Object(CodeIgniter\HTTP\Response), Object(CodeIgniter\Log\Logger))
 2 SYSTEMPATH/CodeIgniter.php(485): CodeIgniter\CodeIgniter->createController()
 3 SYSTEMPATH/CodeIgniter.php(353): CodeIgniter\CodeIgniter->handleRequest(null, Object(Config\Cache), false)
 4 FCPATH/index.php(79): CodeIgniter\CodeIgniter->run()
WARNING - 2024-12-02 07:33:48 --> [DEPRECATED] Creation of dynamic property App\Controllers\Matches::$validation is deprecated in APPPATH/Controllers/BaseController.php on line 57.
 1 SYSTEMPATH/CodeIgniter.php(892): App\Controllers\BaseController->initController(Object(CodeIgniter\HTTP\IncomingRequest), Object(CodeIgniter\HTTP\Response), Object(CodeIgniter\Log\Logger))
 2 SYSTEMPATH/CodeIgniter.php(485): CodeIgniter\CodeIgniter->createController()
 3 SYSTEMPATH/CodeIgniter.php(353): CodeIgniter\CodeIgniter->handleRequest(null, Object(Config\Cache), false)
 4 FCPATH/index.php(79): CodeIgniter\CodeIgniter->run()
WARNING - 2024-12-02 08:21:08 --> [DEPRECATED] Creation of dynamic property App\Controllers\Cron\News::$validation is deprecated in APPPATH/Controllers/BaseController.php on line 57.
 1 SYSTEMPATH/CodeIgniter.php(892): App\Controllers\BaseController->initController(Object(CodeIgniter\HTTP\IncomingRequest), Object(CodeIgniter\HTTP\Response), Object(CodeIgniter\Log\Logger))
 2 SYSTEMPATH/CodeIgniter.php(485): CodeIgniter\CodeIgniter->createController()
 3 SYSTEMPATH/CodeIgniter.php(353): CodeIgniter\CodeIgniter->handleRequest(null, Object(Config\Cache), false)
 4 FCPATH/index.php(79): CodeIgniter\CodeIgniter->run()
WARNING - 2024-12-02 09:30:01 --> [DEPRECATED] Creation of dynamic property App\Controllers\Cron\Matches::$validation is deprecated in APPPATH/Controllers/BaseController.php on line 57.
 1 SYSTEMPATH/CodeIgniter.php(892): App\Controllers\BaseController->initController(Object(CodeIgniter\HTTP\IncomingRequest), Object(CodeIgniter\HTTP\Response), Object(CodeIgniter\Log\Logger))
 2 SYSTEMPATH/CodeIgniter.php(485): CodeIgniter\CodeIgniter->createController()
 3 SYSTEMPATH/CodeIgniter.php(353): CodeIgniter\CodeIgniter->handleRequest(null, Object(Config\Cache), false)
 4 FCPATH/index.php(79): CodeIgniter\CodeIgniter->run()
WARNING - 2024-12-02 09:30:01 --> [DEPRECATED] Creation of dynamic property App\Controllers\Cron\Players::$validation is deprecated in APPPATH/Controllers/BaseController.php on line 57.
 1 SYSTEMPATH/CodeIgniter.php(892): App\Controllers\BaseController->initController(Object(CodeIgniter\HTTP\IncomingRequest), Object(CodeIgniter\HTTP\Response), Object(CodeIgniter\Log\Logger))
 2 SYSTEMPATH/CodeIgniter.php(485): CodeIgniter\CodeIgniter->createController()
 3 SYSTEMPATH/CodeIgniter.php(353): CodeIgniter\CodeIgniter->handleRequest(null, Object(Config\Cache), false)
 4 FCPATH/index.php(79): CodeIgniter\CodeIgniter->run()
WARNING - 2024-12-02 09:30:02 --> [DEPRECATED] Creation of dynamic property App\Models\UserModel::$userBankAccoTbl is deprecated in APPPATH/Models/UserModel.php on line 18.
 1 APPPATH/Controllers/Cron/Players.php(34): App\Models\UserModel->__construct()
 2 SYSTEMPATH/CodeIgniter.php(919): App\Controllers\Cron\Players->getMatchPlayers()
 3 SYSTEMPATH/CodeIgniter.php(494): CodeIgniter\CodeIgniter->runController(Object(App\Controllers\Cron\Players))
 4 SYSTEMPATH/CodeIgniter.php(353): CodeIgniter\CodeIgniter->handleRequest(null, Object(Config\Cache), false)
 5 FCPATH/index.php(79): CodeIgniter\CodeIgniter->run()
WARNING - 2024-12-02 09:43:41 --> [DEPRECATED] Creation of dynamic property App\Controllers\Cron\News::$validation is deprecated in APPPATH/Controllers/BaseController.php on line 57.
 1 SYSTEMPATH/CodeIgniter.php(892): App\Controllers\BaseController->initController(Object(CodeIgniter\HTTP\IncomingRequest), Object(CodeIgniter\HTTP\Response), Object(CodeIgniter\Log\Logger))
 2 SYSTEMPATH/CodeIgniter.php(485): CodeIgniter\CodeIgniter->createController()
 3 SYSTEMPATH/CodeIgniter.php(353): CodeIgniter\CodeIgniter->handleRequest(null, Object(Config\Cache), false)
 4 FCPATH/index.php(79): CodeIgniter\CodeIgniter->run()
WARNING - 2024-12-02 09:43:41 --> [DEPRECATED] Creation of dynamic property App\Controllers\Matches::$validation is deprecated in APPPATH/Controllers/BaseController.php on line 57.
 1 SYSTEMPATH/CodeIgniter.php(892): App\Controllers\BaseController->initController(Object(CodeIgniter\HTTP\IncomingRequest), Object(CodeIgniter\HTTP\Response), Object(CodeIgniter\Log\Logger))
 2 SYSTEMPATH/CodeIgniter.php(485): CodeIgniter\CodeIgniter->createController()
 3 SYSTEMPATH/CodeIgniter.php(353): CodeIgniter\CodeIgniter->handleRequest(null, Object(Config\Cache), false)
 4 FCPATH/index.php(79): CodeIgniter\CodeIgniter->run()
WARNING - 2024-12-02 09:43:41 --> [DEPRECATED] Creation of dynamic property App\Controllers\Matches::$validation is deprecated in APPPATH/Controllers/BaseController.php on line 57.
 1 SYSTEMPATH/CodeIgniter.php(892): App\Controllers\BaseController->initController(Object(CodeIgniter\HTTP\IncomingRequest), Object(CodeIgniter\HTTP\Response), Object(CodeIgniter\Log\Logger))
 2 SYSTEMPATH/CodeIgniter.php(485): CodeIgniter\CodeIgniter->createController()
 3 SYSTEMPATH/CodeIgniter.php(353): CodeIgniter\CodeIgniter->handleRequest(null, Object(Config\Cache), false)
 4 FCPATH/index.php(79): CodeIgniter\CodeIgniter->run()
WARNING - 2024-12-02 09:43:42 --> [DEPRECATED] Creation of dynamic property App\Controllers\Matches::$validation is deprecated in APPPATH/Controllers/BaseController.php on line 57.
 1 SYSTEMPATH/CodeIgniter.php(892): App\Controllers\BaseController->initController(Object(CodeIgniter\HTTP\IncomingRequest), Object(CodeIgniter\HTTP\Response), Object(CodeIgniter\Log\Logger))
 2 SYSTEMPATH/CodeIgniter.php(485): CodeIgniter\CodeIgniter->createController()
 3 SYSTEMPATH/CodeIgniter.php(353): CodeIgniter\CodeIgniter->handleRequest(null, Object(Config\Cache), false)
 4 FCPATH/index.php(79): CodeIgniter\CodeIgniter->run()
WARNING - 2024-12-02 09:43:42 --> [DEPRECATED] Creation of dynamic property App\Controllers\Matches::$validation is deprecated in APPPATH/Controllers/BaseController.php on line 57.
 1 SYSTEMPATH/CodeIgniter.php(892): App\Controllers\BaseController->initController(Object(CodeIgniter\HTTP\IncomingRequest), Object(CodeIgniter\HTTP\Response), Object(CodeIgniter\Log\Logger))
 2 SYSTEMPATH/CodeIgniter.php(485): CodeIgniter\CodeIgniter->createController()
 3 SYSTEMPATH/CodeIgniter.php(353): CodeIgniter\CodeIgniter->handleRequest(null, Object(Config\Cache), false)
 4 FCPATH/index.php(79): CodeIgniter\CodeIgniter->run()
WARNING - 2024-12-02 09:43:42 --> [DEPRECATED] Creation of dynamic property App\Controllers\Matches::$validation is deprecated in APPPATH/Controllers/BaseController.php on line 57.
 1 SYSTEMPATH/CodeIgniter.php(892): App\Controllers\BaseController->initController(Object(CodeIgniter\HTTP\IncomingRequest), Object(CodeIgniter\HTTP\Response), Object(CodeIgniter\Log\Logger))
 2 SYSTEMPATH/CodeIgniter.php(485): CodeIgniter\CodeIgniter->createController()
 3 SYSTEMPATH/CodeIgniter.php(353): CodeIgniter\CodeIgniter->handleRequest(null, Object(Config\Cache), false)
 4 FCPATH/index.php(79): CodeIgniter\CodeIgniter->run()
WARNING - 2024-12-02 09:44:11 --> [DEPRECATED] Creation of dynamic property App\Controllers\Matches::$validation is deprecated in APPPATH/Controllers/BaseController.php on line 57.
 1 SYSTEMPATH/CodeIgniter.php(892): App\Controllers\BaseController->initController(Object(CodeIgniter\HTTP\IncomingRequest), Object(CodeIgniter\HTTP\Response), Object(CodeIgniter\Log\Logger))
 2 SYSTEMPATH/CodeIgniter.php(485): CodeIgniter\CodeIgniter->createController()
 3 SYSTEMPATH/CodeIgniter.php(353): CodeIgniter\CodeIgniter->handleRequest(null, Object(Config\Cache), false)
 4 FCPATH/index.php(79): CodeIgniter\CodeIgniter->run()
WARNING - 2024-12-02 09:44:11 --> [DEPRECATED] Creation of dynamic property App\Controllers\Matches::$validation is deprecated in APPPATH/Controllers/BaseController.php on line 57.
 1 SYSTEMPATH/CodeIgniter.php(892): App\Controllers\BaseController->initController(Object(CodeIgniter\HTTP\IncomingRequest), Object(CodeIgniter\HTTP\Response), Object(CodeIgniter\Log\Logger))
 2 SYSTEMPATH/CodeIgniter.php(485): CodeIgniter\CodeIgniter->createController()
 3 SYSTEMPATH/CodeIgniter.php(353): CodeIgniter\CodeIgniter->handleRequest(null, Object(Config\Cache), false)
 4 FCPATH/index.php(79): CodeIgniter\CodeIgniter->run()
WARNING - 2024-12-02 09:44:12 --> [DEPRECATED] Creation of dynamic property App\Controllers\Cron\News::$validation is deprecated in APPPATH/Controllers/BaseController.php on line 57.
 1 SYSTEMPATH/CodeIgniter.php(892): App\Controllers\BaseController->initController(Object(CodeIgniter\HTTP\IncomingRequest), Object(CodeIgniter\HTTP\Response), Object(CodeIgniter\Log\Logger))
 2 SYSTEMPATH/CodeIgniter.php(485): CodeIgniter\CodeIgniter->createController()
 3 SYSTEMPATH/CodeIgniter.php(353): CodeIgniter\CodeIgniter->handleRequest(null, Object(Config\Cache), false)
 4 FCPATH/index.php(79): CodeIgniter\CodeIgniter->run()
WARNING - 2024-12-02 09:44:12 --> [DEPRECATED] Creation of dynamic property App\Controllers\Matches::$validation is deprecated in APPPATH/Controllers/BaseController.php on line 57.
 1 SYSTEMPATH/CodeIgniter.php(892): App\Controllers\BaseController->initController(Object(CodeIgniter\HTTP\IncomingRequest), Object(CodeIgniter\HTTP\Response), Object(CodeIgniter\Log\Logger))
 2 SYSTEMPATH/CodeIgniter.php(485): CodeIgniter\CodeIgniter->createController()
 3 SYSTEMPATH/CodeIgniter.php(353): CodeIgniter\CodeIgniter->handleRequest(null, Object(Config\Cache), false)
 4 FCPATH/index.php(79): CodeIgniter\CodeIgniter->run()
WARNING - 2024-12-02 09:44:12 --> [DEPRECATED] Creation of dynamic property App\Controllers\Matches::$validation is deprecated in APPPATH/Controllers/BaseController.php on line 57.
 1 SYSTEMPATH/CodeIgniter.php(892): App\Controllers\BaseController->initController(Object(CodeIgniter\HTTP\IncomingRequest), Object(CodeIgniter\HTTP\Response), Object(CodeIgniter\Log\Logger))
 2 SYSTEMPATH/CodeIgniter.php(485): CodeIgniter\CodeIgniter->createController()
 3 SYSTEMPATH/CodeIgniter.php(353): CodeIgniter\CodeIgniter->handleRequest(null, Object(Config\Cache), false)
 4 FCPATH/index.php(79): CodeIgniter\CodeIgniter->run()
WARNING - 2024-12-02 09:44:12 --> [DEPRECATED] Creation of dynamic property App\Controllers\Matches::$validation is deprecated in APPPATH/Controllers/BaseController.php on line 57.
 1 SYSTEMPATH/CodeIgniter.php(892): App\Controllers\BaseController->initController(Object(CodeIgniter\HTTP\IncomingRequest), Object(CodeIgniter\HTTP\Response), Object(CodeIgniter\Log\Logger))
 2 SYSTEMPATH/CodeIgniter.php(485): CodeIgniter\CodeIgniter->createController()
 3 SYSTEMPATH/CodeIgniter.php(353): CodeIgniter\CodeIgniter->handleRequest(null, Object(Config\Cache), false)
 4 FCPATH/index.php(79): CodeIgniter\CodeIgniter->run()
WARNING - 2024-12-02 09:44:15 --> [DEPRECATED] Creation of dynamic property App\Controllers\Matches::$validation is deprecated in APPPATH/Controllers/BaseController.php on line 57.
 1 SYSTEMPATH/CodeIgniter.php(892): App\Controllers\BaseController->initController(Object(CodeIgniter\HTTP\IncomingRequest), Object(CodeIgniter\HTTP\Response), Object(CodeIgniter\Log\Logger))
 2 SYSTEMPATH/CodeIgniter.php(485): CodeIgniter\CodeIgniter->createController()
 3 SYSTEMPATH/CodeIgniter.php(353): CodeIgniter\CodeIgniter->handleRequest(null, Object(Config\Cache), false)
 4 FCPATH/index.php(79): CodeIgniter\CodeIgniter->run()
WARNING - 2024-12-02 09:48:00 --> [DEPRECATED] Creation of dynamic property App\Controllers\Matches::$validation is deprecated in APPPATH/Controllers/BaseController.php on line 57.
 1 SYSTEMPATH/CodeIgniter.php(892): App\Controllers\BaseController->initController(Object(CodeIgniter\HTTP\IncomingRequest), Object(CodeIgniter\HTTP\Response), Object(CodeIgniter\Log\Logger))
 2 SYSTEMPATH/CodeIgniter.php(485): CodeIgniter\CodeIgniter->createController()
 3 SYSTEMPATH/CodeIgniter.php(353): CodeIgniter\CodeIgniter->handleRequest(null, Object(Config\Cache), false)
 4 FCPATH/index.php(79): CodeIgniter\CodeIgniter->run()
WARNING - 2024-12-02 09:48:01 --> [DEPRECATED] Creation of dynamic property App\Controllers\Cron\News::$validation is deprecated in APPPATH/Controllers/BaseController.php on line 57.
 1 SYSTEMPATH/CodeIgniter.php(892): App\Controllers\BaseController->initController(Object(CodeIgniter\HTTP\IncomingRequest), Object(CodeIgniter\HTTP\Response), Object(CodeIgniter\Log\Logger))
 2 SYSTEMPATH/CodeIgniter.php(485): CodeIgniter\CodeIgniter->createController()
 3 SYSTEMPATH/CodeIgniter.php(353): CodeIgniter\CodeIgniter->handleRequest(null, Object(Config\Cache), false)
 4 FCPATH/index.php(79): CodeIgniter\CodeIgniter->run()
WARNING - 2024-12-02 09:48:01 --> [DEPRECATED] Creation of dynamic property App\Controllers\Matches::$validation is deprecated in APPPATH/Controllers/BaseController.php on line 57.
 1 SYSTEMPATH/CodeIgniter.php(892): App\Controllers\BaseController->initController(Object(CodeIgniter\HTTP\IncomingRequest), Object(CodeIgniter\HTTP\Response), Object(CodeIgniter\Log\Logger))
 2 SYSTEMPATH/CodeIgniter.php(485): CodeIgniter\CodeIgniter->createController()
 3 SYSTEMPATH/CodeIgniter.php(353): CodeIgniter\CodeIgniter->handleRequest(null, Object(Config\Cache), false)
 4 FCPATH/index.php(79): CodeIgniter\CodeIgniter->run()
WARNING - 2024-12-02 09:48:02 --> [DEPRECATED] Creation of dynamic property App\Controllers\Matches::$validation is deprecated in APPPATH/Controllers/BaseController.php on line 57.
 1 SYSTEMPATH/CodeIgniter.php(892): App\Controllers\BaseController->initController(Object(CodeIgniter\HTTP\IncomingRequest), Object(CodeIgniter\HTTP\Response), Object(CodeIgniter\Log\Logger))
 2 SYSTEMPATH/CodeIgniter.php(485): CodeIgniter\CodeIgniter->createController()
 3 SYSTEMPATH/CodeIgniter.php(353): CodeIgniter\CodeIgniter->handleRequest(null, Object(Config\Cache), false)
 4 FCPATH/index.php(79): CodeIgniter\CodeIgniter->run()
WARNING - 2024-12-02 09:48:02 --> [DEPRECATED] Creation of dynamic property App\Controllers\Matches::$validation is deprecated in APPPATH/Controllers/BaseController.php on line 57.
 1 SYSTEMPATH/CodeIgniter.php(892): App\Controllers\BaseController->initController(Object(CodeIgniter\HTTP\IncomingRequest), Object(CodeIgniter\HTTP\Response), Object(CodeIgniter\Log\Logger))
 2 SYSTEMPATH/CodeIgniter.php(485): CodeIgniter\CodeIgniter->createController()
 3 SYSTEMPATH/CodeIgniter.php(353): CodeIgniter\CodeIgniter->handleRequest(null, Object(Config\Cache), false)
 4 FCPATH/index.php(79): CodeIgniter\CodeIgniter->run()
WARNING - 2024-12-02 09:48:03 --> [DEPRECATED] Creation of dynamic property App\Controllers\Matches::$validation is deprecated in APPPATH/Controllers/BaseController.php on line 57.
 1 SYSTEMPATH/CodeIgniter.php(892): App\Controllers\BaseController->initController(Object(CodeIgniter\HTTP\IncomingRequest), Object(CodeIgniter\HTTP\Response), Object(CodeIgniter\Log\Logger))
 2 SYSTEMPATH/CodeIgniter.php(485): CodeIgniter\CodeIgniter->createController()
 3 SYSTEMPATH/CodeIgniter.php(353): CodeIgniter\CodeIgniter->handleRequest(null, Object(Config\Cache), false)
 4 FCPATH/index.php(79): CodeIgniter\CodeIgniter->run()
WARNING - 2024-12-02 09:48:16 --> [DEPRECATED] Creation of dynamic property App\Controllers\Matches::$validation is deprecated in APPPATH/Controllers/BaseController.php on line 57.
 1 SYSTEMPATH/CodeIgniter.php(892): App\Controllers\BaseController->initController(Object(CodeIgniter\HTTP\IncomingRequest), Object(CodeIgniter\HTTP\Response), Object(CodeIgniter\Log\Logger))
 2 SYSTEMPATH/CodeIgniter.php(485): CodeIgniter\CodeIgniter->createController()
 3 SYSTEMPATH/CodeIgniter.php(353): CodeIgniter\CodeIgniter->handleRequest(null, Object(Config\Cache), false)
 4 FCPATH/index.php(79): CodeIgniter\CodeIgniter->run()
WARNING - 2024-12-02 09:48:18 --> [DEPRECATED] Creation of dynamic property App\Controllers\Matches::$validation is deprecated in APPPATH/Controllers/BaseController.php on line 57.
 1 SYSTEMPATH/CodeIgniter.php(892): App\Controllers\BaseController->initController(Object(CodeIgniter\HTTP\IncomingRequest), Object(CodeIgniter\HTTP\Response), Object(CodeIgniter\Log\Logger))
 2 SYSTEMPATH/CodeIgniter.php(485): CodeIgniter\CodeIgniter->createController()
 3 SYSTEMPATH/CodeIgniter.php(353): CodeIgniter\CodeIgniter->handleRequest(null, Object(Config\Cache), false)
 4 FCPATH/index.php(79): CodeIgniter\CodeIgniter->run()
WARNING - 2024-12-02 09:48:19 --> [DEPRECATED] Creation of dynamic property App\Controllers\Cron\News::$validation is deprecated in APPPATH/Controllers/BaseController.php on line 57.
 1 SYSTEMPATH/CodeIgniter.php(892): App\Controllers\BaseController->initController(Object(CodeIgniter\HTTP\IncomingRequest), Object(CodeIgniter\HTTP\Response), Object(CodeIgniter\Log\Logger))
 2 SYSTEMPATH/CodeIgniter.php(485): CodeIgniter\CodeIgniter->createController()
 3 SYSTEMPATH/CodeIgniter.php(353): CodeIgniter\CodeIgniter->handleRequest(null, Object(Config\Cache), false)
 4 FCPATH/index.php(79): CodeIgniter\CodeIgniter->run()
WARNING - 2024-12-02 09:48:19 --> [DEPRECATED] Creation of dynamic property App\Controllers\Matches::$validation is deprecated in APPPATH/Controllers/BaseController.php on line 57.
 1 SYSTEMPATH/CodeIgniter.php(892): App\Controllers\BaseController->initController(Object(CodeIgniter\HTTP\IncomingRequest), Object(CodeIgniter\HTTP\Response), Object(CodeIgniter\Log\Logger))
 2 SYSTEMPATH/CodeIgniter.php(485): CodeIgniter\CodeIgniter->createController()
 3 SYSTEMPATH/CodeIgniter.php(353): CodeIgniter\CodeIgniter->handleRequest(null, Object(Config\Cache), false)
 4 FCPATH/index.php(79): CodeIgniter\CodeIgniter->run()
WARNING - 2024-12-02 09:48:19 --> [DEPRECATED] Creation of dynamic property App\Controllers\Matches::$validation is deprecated in APPPATH/Controllers/BaseController.php on line 57.
 1 SYSTEMPATH/CodeIgniter.php(892): App\Controllers\BaseController->initController(Object(CodeIgniter\HTTP\IncomingRequest), Object(CodeIgniter\HTTP\Response), Object(CodeIgniter\Log\Logger))
 2 SYSTEMPATH/CodeIgniter.php(485): CodeIgniter\CodeIgniter->createController()
 3 SYSTEMPATH/CodeIgniter.php(353): CodeIgniter\CodeIgniter->handleRequest(null, Object(Config\Cache), false)
 4 FCPATH/index.php(79): CodeIgniter\CodeIgniter->run()
WARNING - 2024-12-02 09:48:21 --> [DEPRECATED] Creation of dynamic property App\Controllers\Matches::$validation is deprecated in APPPATH/Controllers/BaseController.php on line 57.
 1 SYSTEMPATH/CodeIgniter.php(892): App\Controllers\BaseController->initController(Object(CodeIgniter\HTTP\IncomingRequest), Object(CodeIgniter\HTTP\Response), Object(CodeIgniter\Log\Logger))
 2 SYSTEMPATH/CodeIgniter.php(485): CodeIgniter\CodeIgniter->createController()
 3 SYSTEMPATH/CodeIgniter.php(353): CodeIgniter\CodeIgniter->handleRequest(null, Object(Config\Cache), false)
 4 FCPATH/index.php(79): CodeIgniter\CodeIgniter->run()
WARNING - 2024-12-02 09:48:23 --> [DEPRECATED] Creation of dynamic property App\Controllers\Matches::$validation is deprecated in APPPATH/Controllers/BaseController.php on line 57.
 1 SYSTEMPATH/CodeIgniter.php(892): App\Controllers\BaseController->initController(Object(CodeIgniter\HTTP\IncomingRequest), Object(CodeIgniter\HTTP\Response), Object(CodeIgniter\Log\Logger))
 2 SYSTEMPATH/CodeIgniter.php(485): CodeIgniter\CodeIgniter->createController()
 3 SYSTEMPATH/CodeIgniter.php(353): CodeIgniter\CodeIgniter->handleRequest(null, Object(Config\Cache), false)
 4 FCPATH/index.php(79): CodeIgniter\CodeIgniter->run()
WARNING - 2024-12-02 10:39:40 --> [DEPRECATED] Creation of dynamic property App\Controllers\Cron\News::$validation is deprecated in APPPATH/Controllers/BaseController.php on line 57.
 1 SYSTEMPATH/CodeIgniter.php(892): App\Controllers\BaseController->initController(Object(CodeIgniter\HTTP\IncomingRequest), Object(CodeIgniter\HTTP\Response), Object(CodeIgniter\Log\Logger))
 2 SYSTEMPATH/CodeIgniter.php(485): CodeIgniter\CodeIgniter->createController()
 3 SYSTEMPATH/CodeIgniter.php(353): CodeIgniter\CodeIgniter->handleRequest(null, Object(Config\Cache), false)
 4 FCPATH/index.php(79): CodeIgniter\CodeIgniter->run()
WARNING - 2024-12-02 11:20:25 --> [DEPRECATED] Creation of dynamic property App\Controllers\Cron\News::$validation is deprecated in APPPATH/Controllers/BaseController.php on line 57.
 1 SYSTEMPATH/CodeIgniter.php(892): App\Controllers\BaseController->initController(Object(CodeIgniter\HTTP\IncomingRequest), Object(CodeIgniter\HTTP\Response), Object(CodeIgniter\Log\Logger))
 2 SYSTEMPATH/CodeIgniter.php(485): CodeIgniter\CodeIgniter->createController()
 3 SYSTEMPATH/CodeIgniter.php(353): CodeIgniter\CodeIgniter->handleRequest(null, Object(Config\Cache), false)
 4 FCPATH/index.php(79): CodeIgniter\CodeIgniter->run()
WARNING - 2024-12-02 11:31:18 --> [DEPRECATED] Creation of dynamic property App\Controllers\Cron\News::$validation is deprecated in APPPATH/Controllers/BaseController.php on line 57.
 1 SYSTEMPATH/CodeIgniter.php(892): App\Controllers\BaseController->initController(Object(CodeIgniter\HTTP\IncomingRequest), Object(CodeIgniter\HTTP\Response), Object(CodeIgniter\Log\Logger))
 2 SYSTEMPATH/CodeIgniter.php(485): CodeIgniter\CodeIgniter->createController()
 3 SYSTEMPATH/CodeIgniter.php(353): CodeIgniter\CodeIgniter->handleRequest(null, Object(Config\Cache), false)
 4 FCPATH/index.php(79): CodeIgniter\CodeIgniter->run()
WARNING - 2024-12-02 11:31:18 --> [DEPRECATED] Creation of dynamic property App\Controllers\Matches::$validation is deprecated in APPPATH/Controllers/BaseController.php on line 57.
 1 SYSTEMPATH/CodeIgniter.php(892): App\Controllers\BaseController->initController(Object(CodeIgniter\HTTP\IncomingRequest), Object(CodeIgniter\HTTP\Response), Object(CodeIgniter\Log\Logger))
 2 SYSTEMPATH/CodeIgniter.php(485): CodeIgniter\CodeIgniter->createController()
 3 SYSTEMPATH/CodeIgniter.php(353): CodeIgniter\CodeIgniter->handleRequest(null, Object(Config\Cache), false)
 4 FCPATH/index.php(79): CodeIgniter\CodeIgniter->run()
WARNING - 2024-12-02 11:31:18 --> [DEPRECATED] Creation of dynamic property App\Controllers\Matches::$validation is deprecated in APPPATH/Controllers/BaseController.php on line 57.
 1 SYSTEMPATH/CodeIgniter.php(892): App\Controllers\BaseController->initController(Object(CodeIgniter\HTTP\IncomingRequest), Object(CodeIgniter\HTTP\Response), Object(CodeIgniter\Log\Logger))
 2 SYSTEMPATH/CodeIgniter.php(485): CodeIgniter\CodeIgniter->createController()
 3 SYSTEMPATH/CodeIgniter.php(353): CodeIgniter\CodeIgniter->handleRequest(null, Object(Config\Cache), false)
 4 FCPATH/index.php(79): CodeIgniter\CodeIgniter->run()
WARNING - 2024-12-02 11:31:18 --> [DEPRECATED] Creation of dynamic property App\Controllers\Matches::$validation is deprecated in APPPATH/Controllers/BaseController.php on line 57.
 1 SYSTEMPATH/CodeIgniter.php(892): App\Controllers\BaseController->initController(Object(CodeIgniter\HTTP\IncomingRequest), Object(CodeIgniter\HTTP\Response), Object(CodeIgniter\Log\Logger))
 2 SYSTEMPATH/CodeIgniter.php(485): CodeIgniter\CodeIgniter->createController()
 3 SYSTEMPATH/CodeIgniter.php(353): CodeIgniter\CodeIgniter->handleRequest(null, Object(Config\Cache), false)
 4 FCPATH/index.php(79): CodeIgniter\CodeIgniter->run()
WARNING - 2024-12-02 11:31:18 --> [DEPRECATED] Creation of dynamic property App\Controllers\Matches::$validation is deprecated in APPPATH/Controllers/BaseController.php on line 57.
 1 SYSTEMPATH/CodeIgniter.php(892): App\Controllers\BaseController->initController(Object(CodeIgniter\HTTP\IncomingRequest), Object(CodeIgniter\HTTP\Response), Object(CodeIgniter\Log\Logger))
 2 SYSTEMPATH/CodeIgniter.php(485): CodeIgniter\CodeIgniter->createController()
 3 SYSTEMPATH/CodeIgniter.php(353): CodeIgniter\CodeIgniter->handleRequest(null, Object(Config\Cache), false)
 4 FCPATH/index.php(79): CodeIgniter\CodeIgniter->run()
WARNING - 2024-12-02 11:31:18 --> [DEPRECATED] Creation of dynamic property App\Controllers\Matches::$validation is deprecated in APPPATH/Controllers/BaseController.php on line 57.
 1 SYSTEMPATH/CodeIgniter.php(892): App\Controllers\BaseController->initController(Object(CodeIgniter\HTTP\IncomingRequest), Object(CodeIgniter\HTTP\Response), Object(CodeIgniter\Log\Logger))
 2 SYSTEMPATH/CodeIgniter.php(485): CodeIgniter\CodeIgniter->createController()
 3 SYSTEMPATH/CodeIgniter.php(353): CodeIgniter\CodeIgniter->handleRequest(null, Object(Config\Cache), false)
 4 FCPATH/index.php(79): CodeIgniter\CodeIgniter->run()
WARNING - 2024-12-02 11:37:47 --> [DEPRECATED] Creation of dynamic property App\Controllers\Cron\News::$validation is deprecated in APPPATH/Controllers/BaseController.php on line 57.
 1 SYSTEMPATH/CodeIgniter.php(892): App\Controllers\BaseController->initController(Object(CodeIgniter\HTTP\IncomingRequest), Object(CodeIgniter\HTTP\Response), Object(CodeIgniter\Log\Logger))
 2 SYSTEMPATH/CodeIgniter.php(485): CodeIgniter\CodeIgniter->createController()
 3 SYSTEMPATH/CodeIgniter.php(353): CodeIgniter\CodeIgniter->handleRequest(null, Object(Config\Cache), false)
 4 FCPATH/index.php(79): CodeIgniter\CodeIgniter->run()
WARNING - 2024-12-02 11:41:41 --> [DEPRECATED] Creation of dynamic property App\Controllers\Matches::$validation is deprecated in APPPATH/Controllers/BaseController.php on line 57.
 1 SYSTEMPATH/CodeIgniter.php(892): App\Controllers\BaseController->initController(Object(CodeIgniter\HTTP\IncomingRequest), Object(CodeIgniter\HTTP\Response), Object(CodeIgniter\Log\Logger))
 2 SYSTEMPATH/CodeIgniter.php(485): CodeIgniter\CodeIgniter->createController()
 3 SYSTEMPATH/CodeIgniter.php(353): CodeIgniter\CodeIgniter->handleRequest(null, Object(Config\Cache), false)
 4 FCPATH/index.php(79): CodeIgniter\CodeIgniter->run()
WARNING - 2024-12-02 11:41:41 --> [DEPRECATED] Creation of dynamic property App\Controllers\Cron\News::$validation is deprecated in APPPATH/Controllers/BaseController.php on line 57.
 1 SYSTEMPATH/CodeIgniter.php(892): App\Controllers\BaseController->initController(Object(CodeIgniter\HTTP\IncomingRequest), Object(CodeIgniter\HTTP\Response), Object(CodeIgniter\Log\Logger))
 2 SYSTEMPATH/CodeIgniter.php(485): CodeIgniter\CodeIgniter->createController()
 3 SYSTEMPATH/CodeIgniter.php(353): CodeIgniter\CodeIgniter->handleRequest(null, Object(Config\Cache), false)
 4 FCPATH/index.php(79): CodeIgniter\CodeIgniter->run()
WARNING - 2024-12-02 11:41:42 --> [DEPRECATED] Creation of dynamic property App\Controllers\Matches::$validation is deprecated in APPPATH/Controllers/BaseController.php on line 57.
 1 SYSTEMPATH/CodeIgniter.php(892): App\Controllers\BaseController->initController(Object(CodeIgniter\HTTP\IncomingRequest), Object(CodeIgniter\HTTP\Response), Object(CodeIgniter\Log\Logger))
 2 SYSTEMPATH/CodeIgniter.php(485): CodeIgniter\CodeIgniter->createController()
 3 SYSTEMPATH/CodeIgniter.php(353): CodeIgniter\CodeIgniter->handleRequest(null, Object(Config\Cache), false)
 4 FCPATH/index.php(79): CodeIgniter\CodeIgniter->run()
WARNING - 2024-12-02 11:41:42 --> [DEPRECATED] Creation of dynamic property App\Controllers\Matches::$validation is deprecated in APPPATH/Controllers/BaseController.php on line 57.
 1 SYSTEMPATH/CodeIgniter.php(892): App\Controllers\BaseController->initController(Object(CodeIgniter\HTTP\IncomingRequest), Object(CodeIgniter\HTTP\Response), Object(CodeIgniter\Log\Logger))
 2 SYSTEMPATH/CodeIgniter.php(485): CodeIgniter\CodeIgniter->createController()
 3 SYSTEMPATH/CodeIgniter.php(353): CodeIgniter\CodeIgniter->handleRequest(null, Object(Config\Cache), false)
 4 FCPATH/index.php(79): CodeIgniter\CodeIgniter->run()
WARNING - 2024-12-02 11:41:42 --> [DEPRECATED] Creation of dynamic property App\Controllers\Matches::$validation is deprecated in APPPATH/Controllers/BaseController.php on line 57.
 1 SYSTEMPATH/CodeIgniter.php(892): App\Controllers\BaseController->initController(Object(CodeIgniter\HTTP\IncomingRequest), Object(CodeIgniter\HTTP\Response), Object(CodeIgniter\Log\Logger))
 2 SYSTEMPATH/CodeIgniter.php(485): CodeIgniter\CodeIgniter->createController()
 3 SYSTEMPATH/CodeIgniter.php(353): CodeIgniter\CodeIgniter->handleRequest(null, Object(Config\Cache), false)
 4 FCPATH/index.php(79): CodeIgniter\CodeIgniter->run()
WARNING - 2024-12-02 11:41:42 --> [DEPRECATED] Creation of dynamic property App\Controllers\Matches::$validation is deprecated in APPPATH/Controllers/BaseController.php on line 57.
 1 SYSTEMPATH/CodeIgniter.php(892): App\Controllers\BaseController->initController(Object(CodeIgniter\HTTP\IncomingRequest), Object(CodeIgniter\HTTP\Response), Object(CodeIgniter\Log\Logger))
 2 SYSTEMPATH/CodeIgniter.php(485): CodeIgniter\CodeIgniter->createController()
 3 SYSTEMPATH/CodeIgniter.php(353): CodeIgniter\CodeIgniter->handleRequest(null, Object(Config\Cache), false)
 4 FCPATH/index.php(79): CodeIgniter\CodeIgniter->run()
WARNING - 2024-12-02 11:41:43 --> [DEPRECATED] Creation of dynamic property App\Controllers\Matches::$validation is deprecated in APPPATH/Controllers/BaseController.php on line 57.
 1 SYSTEMPATH/CodeIgniter.php(892): App\Controllers\BaseController->initController(Object(CodeIgniter\HTTP\IncomingRequest), Object(CodeIgniter\HTTP\Response), Object(CodeIgniter\Log\Logger))
 2 SYSTEMPATH/CodeIgniter.php(485): CodeIgniter\CodeIgniter->createController()
 3 SYSTEMPATH/CodeIgniter.php(353): CodeIgniter\CodeIgniter->handleRequest(null, Object(Config\Cache), false)
 4 FCPATH/index.php(79): CodeIgniter\CodeIgniter->run()
WARNING - 2024-12-02 11:41:46 --> [DEPRECATED] Creation of dynamic property App\Controllers\Matches::$validation is deprecated in APPPATH/Controllers/BaseController.php on line 57.
 1 SYSTEMPATH/CodeIgniter.php(892): App\Controllers\BaseController->initController(Object(CodeIgniter\HTTP\IncomingRequest), Object(CodeIgniter\HTTP\Response), Object(CodeIgniter\Log\Logger))
 2 SYSTEMPATH/CodeIgniter.php(485): CodeIgniter\CodeIgniter->createController()
 3 SYSTEMPATH/CodeIgniter.php(353): CodeIgniter\CodeIgniter->handleRequest(null, Object(Config\Cache), false)
 4 FCPATH/index.php(79): CodeIgniter\CodeIgniter->run()
WARNING - 2024-12-02 11:41:46 --> [DEPRECATED] Creation of dynamic property App\Controllers\Matches::$validation is deprecated in APPPATH/Controllers/BaseController.php on line 57.
 1 SYSTEMPATH/CodeIgniter.php(892): App\Controllers\BaseController->initController(Object(CodeIgniter\HTTP\IncomingRequest), Object(CodeIgniter\HTTP\Response), Object(CodeIgniter\Log\Logger))
 2 SYSTEMPATH/CodeIgniter.php(485): CodeIgniter\CodeIgniter->createController()
 3 SYSTEMPATH/CodeIgniter.php(353): CodeIgniter\CodeIgniter->handleRequest(null, Object(Config\Cache), false)
 4 FCPATH/index.php(79): CodeIgniter\CodeIgniter->run()
WARNING - 2024-12-02 11:41:46 --> [DEPRECATED] Creation of dynamic property App\Controllers\Cron\News::$validation is deprecated in APPPATH/Controllers/BaseController.php on line 57.
 1 SYSTEMPATH/CodeIgniter.php(892): App\Controllers\BaseController->initController(Object(CodeIgniter\HTTP\IncomingRequest), Object(CodeIgniter\HTTP\Response), Object(CodeIgniter\Log\Logger))
 2 SYSTEMPATH/CodeIgniter.php(485): CodeIgniter\CodeIgniter->createController()
 3 SYSTEMPATH/CodeIgniter.php(353): CodeIgniter\CodeIgniter->handleRequest(null, Object(Config\Cache), false)
 4 FCPATH/index.php(79): CodeIgniter\CodeIgniter->run()
WARNING - 2024-12-02 11:41:46 --> [DEPRECATED] Creation of dynamic property App\Controllers\Matches::$validation is deprecated in APPPATH/Controllers/BaseController.php on line 57.
 1 SYSTEMPATH/CodeIgniter.php(892): App\Controllers\BaseController->initController(Object(CodeIgniter\HTTP\IncomingRequest), Object(CodeIgniter\HTTP\Response), Object(CodeIgniter\Log\Logger))
 2 SYSTEMPATH/CodeIgniter.php(485): CodeIgniter\CodeIgniter->createController()
 3 SYSTEMPATH/CodeIgniter.php(353): CodeIgniter\CodeIgniter->handleRequest(null, Object(Config\Cache), false)
 4 FCPATH/index.php(79): CodeIgniter\CodeIgniter->run()
WARNING - 2024-12-02 11:41:46 --> [DEPRECATED] Creation of dynamic property App\Controllers\Matches::$validation is deprecated in APPPATH/Controllers/BaseController.php on line 57.
 1 SYSTEMPATH/CodeIgniter.php(892): App\Controllers\BaseController->initController(Object(CodeIgniter\HTTP\IncomingRequest), Object(CodeIgniter\HTTP\Response), Object(CodeIgniter\Log\Logger))
 2 SYSTEMPATH/CodeIgniter.php(485): CodeIgniter\CodeIgniter->createController()
 3 SYSTEMPATH/CodeIgniter.php(353): CodeIgniter\CodeIgniter->handleRequest(null, Object(Config\Cache), false)
 4 FCPATH/index.php(79): CodeIgniter\CodeIgniter->run()
WARNING - 2024-12-02 11:41:46 --> [DEPRECATED] Creation of dynamic property App\Controllers\Matches::$validation is deprecated in APPPATH/Controllers/BaseController.php on line 57.
 1 SYSTEMPATH/CodeIgniter.php(892): App\Controllers\BaseController->initController(Object(CodeIgniter\HTTP\IncomingRequest), Object(CodeIgniter\HTTP\Response), Object(CodeIgniter\Log\Logger))
 2 SYSTEMPATH/CodeIgniter.php(485): CodeIgniter\CodeIgniter->createController()
 3 SYSTEMPATH/CodeIgniter.php(353): CodeIgniter\CodeIgniter->handleRequest(null, Object(Config\Cache), false)
 4 FCPATH/index.php(79): CodeIgniter\CodeIgniter->run()
WARNING - 2024-12-02 11:41:48 --> [DEPRECATED] Creation of dynamic property App\Controllers\Matches::$validation is deprecated in APPPATH/Controllers/BaseController.php on line 57.
 1 SYSTEMPATH/CodeIgniter.php(892): App\Controllers\BaseController->initController(Object(CodeIgniter\HTTP\IncomingRequest), Object(CodeIgniter\HTTP\Response), Object(CodeIgniter\Log\Logger))
 2 SYSTEMPATH/CodeIgniter.php(485): CodeIgniter\CodeIgniter->createController()
 3 SYSTEMPATH/CodeIgniter.php(353): CodeIgniter\CodeIgniter->handleRequest(null, Object(Config\Cache), false)
 4 FCPATH/index.php(79): CodeIgniter\CodeIgniter->run()
WARNING - 2024-12-02 11:41:48 --> [DEPRECATED] Creation of dynamic property App\Controllers\Matches::$validation is deprecated in APPPATH/Controllers/BaseController.php on line 57.
 1 SYSTEMPATH/CodeIgniter.php(892): App\Controllers\BaseController->initController(Object(CodeIgniter\HTTP\IncomingRequest), Object(CodeIgniter\HTTP\Response), Object(CodeIgniter\Log\Logger))
 2 SYSTEMPATH/CodeIgniter.php(485): CodeIgniter\CodeIgniter->createController()
 3 SYSTEMPATH/CodeIgniter.php(353): CodeIgniter\CodeIgniter->handleRequest(null, Object(Config\Cache), false)
 4 FCPATH/index.php(79): CodeIgniter\CodeIgniter->run()
WARNING - 2024-12-02 11:41:48 --> [DEPRECATED] Creation of dynamic property App\Controllers\Cron\News::$validation is deprecated in APPPATH/Controllers/BaseController.php on line 57.
 1 SYSTEMPATH/CodeIgniter.php(892): App\Controllers\BaseController->initController(Object(CodeIgniter\HTTP\IncomingRequest), Object(CodeIgniter\HTTP\Response), Object(CodeIgniter\Log\Logger))
 2 SYSTEMPATH/CodeIgniter.php(485): CodeIgniter\CodeIgniter->createController()
 3 SYSTEMPATH/CodeIgniter.php(353): CodeIgniter\CodeIgniter->handleRequest(null, Object(Config\Cache), false)
 4 FCPATH/index.php(79): CodeIgniter\CodeIgniter->run()
WARNING - 2024-12-02 11:41:48 --> [DEPRECATED] Creation of dynamic property App\Controllers\Matches::$validation is deprecated in APPPATH/Controllers/BaseController.php on line 57.
 1 SYSTEMPATH/CodeIgniter.php(892): App\Controllers\BaseController->initController(Object(CodeIgniter\HTTP\IncomingRequest), Object(CodeIgniter\HTTP\Response), Object(CodeIgniter\Log\Logger))
 2 SYSTEMPATH/CodeIgniter.php(485): CodeIgniter\CodeIgniter->createController()
 3 SYSTEMPATH/CodeIgniter.php(353): CodeIgniter\CodeIgniter->handleRequest(null, Object(Config\Cache), false)
 4 FCPATH/index.php(79): CodeIgniter\CodeIgniter->run()
WARNING - 2024-12-02 11:41:48 --> [DEPRECATED] Creation of dynamic property App\Controllers\Matches::$validation is deprecated in APPPATH/Controllers/BaseController.php on line 57.
 1 SYSTEMPATH/CodeIgniter.php(892): App\Controllers\BaseController->initController(Object(CodeIgniter\HTTP\IncomingRequest), Object(CodeIgniter\HTTP\Response), Object(CodeIgniter\Log\Logger))
 2 SYSTEMPATH/CodeIgniter.php(485): CodeIgniter\CodeIgniter->createController()
 3 SYSTEMPATH/CodeIgniter.php(353): CodeIgniter\CodeIgniter->handleRequest(null, Object(Config\Cache), false)
 4 FCPATH/index.php(79): CodeIgniter\CodeIgniter->run()
WARNING - 2024-12-02 11:41:49 --> [DEPRECATED] Creation of dynamic property App\Controllers\Matches::$validation is deprecated in APPPATH/Controllers/BaseController.php on line 57.
 1 SYSTEMPATH/CodeIgniter.php(892): App\Controllers\BaseController->initController(Object(CodeIgniter\HTTP\IncomingRequest), Object(CodeIgniter\HTTP\Response), Object(CodeIgniter\Log\Logger))
 2 SYSTEMPATH/CodeIgniter.php(485): CodeIgniter\CodeIgniter->createController()
 3 SYSTEMPATH/CodeIgniter.php(353): CodeIgniter\CodeIgniter->handleRequest(null, Object(Config\Cache), false)
 4 FCPATH/index.php(79): CodeIgniter\CodeIgniter->run()
WARNING - 2024-12-02 11:43:37 --> [DEPRECATED] Creation of dynamic property App\Controllers\Matches::$validation is deprecated in APPPATH/Controllers/BaseController.php on line 57.
 1 SYSTEMPATH/CodeIgniter.php(892): App\Controllers\BaseController->initController(Object(CodeIgniter\HTTP\IncomingRequest), Object(CodeIgniter\HTTP\Response), Object(CodeIgniter\Log\Logger))
 2 SYSTEMPATH/CodeIgniter.php(485): CodeIgniter\CodeIgniter->createController()
 3 SYSTEMPATH/CodeIgniter.php(353): CodeIgniter\CodeIgniter->handleRequest(null, Object(Config\Cache), false)
 4 FCPATH/index.php(79): CodeIgniter\CodeIgniter->run()
WARNING - 2024-12-02 11:43:37 --> [DEPRECATED] Creation of dynamic property App\Controllers\Matches::$validation is deprecated in APPPATH/Controllers/BaseController.php on line 57.
 1 SYSTEMPATH/CodeIgniter.php(892): App\Controllers\BaseController->initController(Object(CodeIgniter\HTTP\IncomingRequest), Object(CodeIgniter\HTTP\Response), Object(CodeIgniter\Log\Logger))
 2 SYSTEMPATH/CodeIgniter.php(485): CodeIgniter\CodeIgniter->createController()
 3 SYSTEMPATH/CodeIgniter.php(353): CodeIgniter\CodeIgniter->handleRequest(null, Object(Config\Cache), false)
 4 FCPATH/index.php(79): CodeIgniter\CodeIgniter->run()
WARNING - 2024-12-02 11:43:37 --> [DEPRECATED] Creation of dynamic property App\Controllers\Cron\News::$validation is deprecated in APPPATH/Controllers/BaseController.php on line 57.
 1 SYSTEMPATH/CodeIgniter.php(892): App\Controllers\BaseController->initController(Object(CodeIgniter\HTTP\IncomingRequest), Object(CodeIgniter\HTTP\Response), Object(CodeIgniter\Log\Logger))
 2 SYSTEMPATH/CodeIgniter.php(485): CodeIgniter\CodeIgniter->createController()
 3 SYSTEMPATH/CodeIgniter.php(353): CodeIgniter\CodeIgniter->handleRequest(null, Object(Config\Cache), false)
 4 FCPATH/index.php(79): CodeIgniter\CodeIgniter->run()
WARNING - 2024-12-02 11:43:37 --> [DEPRECATED] Creation of dynamic property App\Controllers\Matches::$validation is deprecated in APPPATH/Controllers/BaseController.php on line 57.
 1 SYSTEMPATH/CodeIgniter.php(892): App\Controllers\BaseController->initController(Object(CodeIgniter\HTTP\IncomingRequest), Object(CodeIgniter\HTTP\Response), Object(CodeIgniter\Log\Logger))
 2 SYSTEMPATH/CodeIgniter.php(485): CodeIgniter\CodeIgniter->createController()
 3 SYSTEMPATH/CodeIgniter.php(353): CodeIgniter\CodeIgniter->handleRequest(null, Object(Config\Cache), false)
 4 FCPATH/index.php(79): CodeIgniter\CodeIgniter->run()
WARNING - 2024-12-02 11:43:37 --> [DEPRECATED] Creation of dynamic property App\Controllers\Cron\News::$validation is deprecated in APPPATH/Controllers/BaseController.php on line 57.
 1 SYSTEMPATH/CodeIgniter.php(892): App\Controllers\BaseController->initController(Object(CodeIgniter\HTTP\IncomingRequest), Object(CodeIgniter\HTTP\Response), Object(CodeIgniter\Log\Logger))
 2 SYSTEMPATH/CodeIgniter.php(485): CodeIgniter\CodeIgniter->createController()
 3 SYSTEMPATH/CodeIgniter.php(353): CodeIgniter\CodeIgniter->handleRequest(null, Object(Config\Cache), false)
 4 FCPATH/index.php(79): CodeIgniter\CodeIgniter->run()
WARNING - 2024-12-02 11:43:37 --> [DEPRECATED] Creation of dynamic property App\Controllers\Matches::$validation is deprecated in APPPATH/Controllers/BaseController.php on line 57.
 1 SYSTEMPATH/CodeIgniter.php(892): App\Controllers\BaseController->initController(Object(CodeIgniter\HTTP\IncomingRequest), Object(CodeIgniter\HTTP\Response), Object(CodeIgniter\Log\Logger))
 2 SYSTEMPATH/CodeIgniter.php(485): CodeIgniter\CodeIgniter->createController()
 3 SYSTEMPATH/CodeIgniter.php(353): CodeIgniter\CodeIgniter->handleRequest(null, Object(Config\Cache), false)
 4 FCPATH/index.php(79): CodeIgniter\CodeIgniter->run()
WARNING - 2024-12-02 11:43:37 --> [DEPRECATED] Creation of dynamic property App\Controllers\Matches::$validation is deprecated in APPPATH/Controllers/BaseController.php on line 57.
 1 SYSTEMPATH/CodeIgniter.php(892): App\Controllers\BaseController->initController(Object(CodeIgniter\HTTP\IncomingRequest), Object(CodeIgniter\HTTP\Response), Object(CodeIgniter\Log\Logger))
 2 SYSTEMPATH/CodeIgniter.php(485): CodeIgniter\CodeIgniter->createController()
 3 SYSTEMPATH/CodeIgniter.php(353): CodeIgniter\CodeIgniter->handleRequest(null, Object(Config\Cache), false)
 4 FCPATH/index.php(79): CodeIgniter\CodeIgniter->run()
WARNING - 2024-12-02 11:43:37 --> [DEPRECATED] Creation of dynamic property App\Controllers\Matches::$validation is deprecated in APPPATH/Controllers/BaseController.php on line 57.
 1 SYSTEMPATH/CodeIgniter.php(892): App\Controllers\BaseController->initController(Object(CodeIgniter\HTTP\IncomingRequest), Object(CodeIgniter\HTTP\Response), Object(CodeIgniter\Log\Logger))
 2 SYSTEMPATH/CodeIgniter.php(485): CodeIgniter\CodeIgniter->createController()
 3 SYSTEMPATH/CodeIgniter.php(353): CodeIgniter\CodeIgniter->handleRequest(null, Object(Config\Cache), false)
 4 FCPATH/index.php(79): CodeIgniter\CodeIgniter->run()
WARNING - 2024-12-02 11:43:38 --> [DEPRECATED] Creation of dynamic property App\Controllers\Matches::$validation is deprecated in APPPATH/Controllers/BaseController.php on line 57.
 1 SYSTEMPATH/CodeIgniter.php(892): App\Controllers\BaseController->initController(Object(CodeIgniter\HTTP\IncomingRequest), Object(CodeIgniter\HTTP\Response), Object(CodeIgniter\Log\Logger))
 2 SYSTEMPATH/CodeIgniter.php(485): CodeIgniter\CodeIgniter->createController()
 3 SYSTEMPATH/CodeIgniter.php(353): CodeIgniter\CodeIgniter->handleRequest(null, Object(Config\Cache), false)
 4 FCPATH/index.php(79): CodeIgniter\CodeIgniter->run()
WARNING - 2024-12-02 11:43:38 --> [DEPRECATED] Creation of dynamic property App\Controllers\Matches::$validation is deprecated in APPPATH/Controllers/BaseController.php on line 57.
 1 SYSTEMPATH/CodeIgniter.php(892): App\Controllers\BaseController->initController(Object(CodeIgniter\HTTP\IncomingRequest), Object(CodeIgniter\HTTP\Response), Object(CodeIgniter\Log\Logger))
 2 SYSTEMPATH/CodeIgniter.php(485): CodeIgniter\CodeIgniter->createController()
 3 SYSTEMPATH/CodeIgniter.php(353): CodeIgniter\CodeIgniter->handleRequest(null, Object(Config\Cache), false)
 4 FCPATH/index.php(79): CodeIgniter\CodeIgniter->run()
WARNING - 2024-12-02 11:43:39 --> [DEPRECATED] Creation of dynamic property App\Controllers\Matches::$validation is deprecated in APPPATH/Controllers/BaseController.php on line 57.
 1 SYSTEMPATH/CodeIgniter.php(892): App\Controllers\BaseController->initController(Object(CodeIgniter\HTTP\IncomingRequest), Object(CodeIgniter\HTTP\Response), Object(CodeIgniter\Log\Logger))
 2 SYSTEMPATH/CodeIgniter.php(485): CodeIgniter\CodeIgniter->createController()
 3 SYSTEMPATH/CodeIgniter.php(353): CodeIgniter\CodeIgniter->handleRequest(null, Object(Config\Cache), false)
 4 FCPATH/index.php(79): CodeIgniter\CodeIgniter->run()
WARNING - 2024-12-02 12:08:24 --> [DEPRECATED] Creation of dynamic property App\Controllers\Matches::$validation is deprecated in APPPATH/Controllers/BaseController.php on line 57.
 1 SYSTEMPATH/CodeIgniter.php(892): App\Controllers\BaseController->initController(Object(CodeIgniter\HTTP\IncomingRequest), Object(CodeIgniter\HTTP\Response), Object(CodeIgniter\Log\Logger))
 2 SYSTEMPATH/CodeIgniter.php(485): CodeIgniter\CodeIgniter->createController()
 3 SYSTEMPATH/CodeIgniter.php(353): CodeIgniter\CodeIgniter->handleRequest(null, Object(Config\Cache), false)
 4 FCPATH/index.php(79): CodeIgniter\CodeIgniter->run()
WARNING - 2024-12-02 12:08:24 --> [DEPRECATED] Creation of dynamic property App\Controllers\Cron\News::$validation is deprecated in APPPATH/Controllers/BaseController.php on line 57.
 1 SYSTEMPATH/CodeIgniter.php(892): App\Controllers\BaseController->initController(Object(CodeIgniter\HTTP\IncomingRequest), Object(CodeIgniter\HTTP\Response), Object(CodeIgniter\Log\Logger))
 2 SYSTEMPATH/CodeIgniter.php(485): CodeIgniter\CodeIgniter->createController()
 3 SYSTEMPATH/CodeIgniter.php(353): CodeIgniter\CodeIgniter->handleRequest(null, Object(Config\Cache), false)
 4 FCPATH/index.php(79): CodeIgniter\CodeIgniter->run()
WARNING - 2024-12-02 12:08:24 --> [DEPRECATED] Creation of dynamic property App\Controllers\Matches::$validation is deprecated in APPPATH/Controllers/BaseController.php on line 57.
 1 SYSTEMPATH/CodeIgniter.php(892): App\Controllers\BaseController->initController(Object(CodeIgniter\HTTP\IncomingRequest), Object(CodeIgniter\HTTP\Response), Object(CodeIgniter\Log\Logger))
 2 SYSTEMPATH/CodeIgniter.php(485): CodeIgniter\CodeIgniter->createController()
 3 SYSTEMPATH/CodeIgniter.php(353): CodeIgniter\CodeIgniter->handleRequest(null, Object(Config\Cache), false)
 4 FCPATH/index.php(79): CodeIgniter\CodeIgniter->run()
WARNING - 2024-12-02 12:08:24 --> [DEPRECATED] Creation of dynamic property App\Controllers\Matches::$validation is deprecated in APPPATH/Controllers/BaseController.php on line 57.
 1 SYSTEMPATH/CodeIgniter.php(892): App\Controllers\BaseController->initController(Object(CodeIgniter\HTTP\IncomingRequest), Object(CodeIgniter\HTTP\Response), Object(CodeIgniter\Log\Logger))
 2 SYSTEMPATH/CodeIgniter.php(485): CodeIgniter\CodeIgniter->createController()
 3 SYSTEMPATH/CodeIgniter.php(353): CodeIgniter\CodeIgniter->handleRequest(null, Object(Config\Cache), false)
 4 FCPATH/index.php(79): CodeIgniter\CodeIgniter->run()
WARNING - 2024-12-02 12:08:24 --> [DEPRECATED] Creation of dynamic property App\Controllers\Matches::$validation is deprecated in APPPATH/Controllers/BaseController.php on line 57.
 1 SYSTEMPATH/CodeIgniter.php(892): App\Controllers\BaseController->initController(Object(CodeIgniter\HTTP\IncomingRequest), Object(CodeIgniter\HTTP\Response), Object(CodeIgniter\Log\Logger))
 2 SYSTEMPATH/CodeIgniter.php(485): CodeIgniter\CodeIgniter->createController()
 3 SYSTEMPATH/CodeIgniter.php(353): CodeIgniter\CodeIgniter->handleRequest(null, Object(Config\Cache), false)
 4 FCPATH/index.php(79): CodeIgniter\CodeIgniter->run()
WARNING - 2024-12-02 12:08:24 --> [DEPRECATED] Creation of dynamic property App\Controllers\Matches::$validation is deprecated in APPPATH/Controllers/BaseController.php on line 57.
 1 SYSTEMPATH/CodeIgniter.php(892): App\Controllers\BaseController->initController(Object(CodeIgniter\HTTP\IncomingRequest), Object(CodeIgniter\HTTP\Response), Object(CodeIgniter\Log\Logger))
 2 SYSTEMPATH/CodeIgniter.php(485): CodeIgniter\CodeIgniter->createController()
 3 SYSTEMPATH/CodeIgniter.php(353): CodeIgniter\CodeIgniter->handleRequest(null, Object(Config\Cache), false)
 4 FCPATH/index.php(79): CodeIgniter\CodeIgniter->run()
WARNING - 2024-12-02 12:08:38 --> [DEPRECATED] Creation of dynamic property App\Controllers\Matches::$validation is deprecated in APPPATH/Controllers/BaseController.php on line 57.
 1 SYSTEMPATH/CodeIgniter.php(892): App\Controllers\BaseController->initController(Object(CodeIgniter\HTTP\IncomingRequest), Object(CodeIgniter\HTTP\Response), Object(CodeIgniter\Log\Logger))
 2 SYSTEMPATH/CodeIgniter.php(485): CodeIgniter\CodeIgniter->createController()
 3 SYSTEMPATH/CodeIgniter.php(353): CodeIgniter\CodeIgniter->handleRequest(null, Object(Config\Cache), false)
 4 FCPATH/index.php(79): CodeIgniter\CodeIgniter->run()
WARNING - 2024-12-02 12:08:38 --> [DEPRECATED] Creation of dynamic property App\Controllers\Matches::$validation is deprecated in APPPATH/Controllers/BaseController.php on line 57.
 1 SYSTEMPATH/CodeIgniter.php(892): App\Controllers\BaseController->initController(Object(CodeIgniter\HTTP\IncomingRequest), Object(CodeIgniter\HTTP\Response), Object(CodeIgniter\Log\Logger))
 2 SYSTEMPATH/CodeIgniter.php(485): CodeIgniter\CodeIgniter->createController()
 3 SYSTEMPATH/CodeIgniter.php(353): CodeIgniter\CodeIgniter->handleRequest(null, Object(Config\Cache), false)
 4 FCPATH/index.php(79): CodeIgniter\CodeIgniter->run()
WARNING - 2024-12-02 12:08:38 --> [DEPRECATED] Creation of dynamic property App\Controllers\Cron\News::$validation is deprecated in APPPATH/Controllers/BaseController.php on line 57.
 1 SYSTEMPATH/CodeIgniter.php(892): App\Controllers\BaseController->initController(Object(CodeIgniter\HTTP\IncomingRequest), Object(CodeIgniter\HTTP\Response), Object(CodeIgniter\Log\Logger))
 2 SYSTEMPATH/CodeIgniter.php(485): CodeIgniter\CodeIgniter->createController()
 3 SYSTEMPATH/CodeIgniter.php(353): CodeIgniter\CodeIgniter->handleRequest(null, Object(Config\Cache), false)
 4 FCPATH/index.php(79): CodeIgniter\CodeIgniter->run()
WARNING - 2024-12-02 12:08:38 --> [DEPRECATED] Creation of dynamic property App\Controllers\Matches::$validation is deprecated in APPPATH/Controllers/BaseController.php on line 57.
 1 SYSTEMPATH/CodeIgniter.php(892): App\Controllers\BaseController->initController(Object(CodeIgniter\HTTP\IncomingRequest), Object(CodeIgniter\HTTP\Response), Object(CodeIgniter\Log\Logger))
 2 SYSTEMPATH/CodeIgniter.php(485): CodeIgniter\CodeIgniter->createController()
 3 SYSTEMPATH/CodeIgniter.php(353): CodeIgniter\CodeIgniter->handleRequest(null, Object(Config\Cache), false)
 4 FCPATH/index.php(79): CodeIgniter\CodeIgniter->run()
WARNING - 2024-12-02 12:08:38 --> [DEPRECATED] Creation of dynamic property App\Controllers\Matches::$validation is deprecated in APPPATH/Controllers/BaseController.php on line 57.
 1 SYSTEMPATH/CodeIgniter.php(892): App\Controllers\BaseController->initController(Object(CodeIgniter\HTTP\IncomingRequest), Object(CodeIgniter\HTTP\Response), Object(CodeIgniter\Log\Logger))
 2 SYSTEMPATH/CodeIgniter.php(485): CodeIgniter\CodeIgniter->createController()
 3 SYSTEMPATH/CodeIgniter.php(353): CodeIgniter\CodeIgniter->handleRequest(null, Object(Config\Cache), false)
 4 FCPATH/index.php(79): CodeIgniter\CodeIgniter->run()
WARNING - 2024-12-02 12:08:38 --> [DEPRECATED] Creation of dynamic property App\Controllers\Matches::$validation is deprecated in APPPATH/Controllers/BaseController.php on line 57.
 1 SYSTEMPATH/CodeIgniter.php(892): App\Controllers\BaseController->initController(Object(CodeIgniter\HTTP\IncomingRequest), Object(CodeIgniter\HTTP\Response), Object(CodeIgniter\Log\Logger))
 2 SYSTEMPATH/CodeIgniter.php(485): CodeIgniter\CodeIgniter->createController()
 3 SYSTEMPATH/CodeIgniter.php(353): CodeIgniter\CodeIgniter->handleRequest(null, Object(Config\Cache), false)
 4 FCPATH/index.php(79): CodeIgniter\CodeIgniter->run()
WARNING - 2024-12-02 12:09:18 --> [DEPRECATED] Creation of dynamic property App\Controllers\Cron\News::$validation is deprecated in APPPATH/Controllers/BaseController.php on line 57.
 1 SYSTEMPATH/CodeIgniter.php(892): App\Controllers\BaseController->initController(Object(CodeIgniter\HTTP\IncomingRequest), Object(CodeIgniter\HTTP\Response), Object(CodeIgniter\Log\Logger))
 2 SYSTEMPATH/CodeIgniter.php(485): CodeIgniter\CodeIgniter->createController()
 3 SYSTEMPATH/CodeIgniter.php(353): CodeIgniter\CodeIgniter->handleRequest(null, Object(Config\Cache), false)
 4 FCPATH/index.php(79): CodeIgniter\CodeIgniter->run()
WARNING - 2024-12-02 12:30:01 --> [DEPRECATED] Creation of dynamic property App\Controllers\Cron\Players::$validation is deprecated in APPPATH/Controllers/BaseController.php on line 57.
 1 SYSTEMPATH/CodeIgniter.php(892): App\Controllers\BaseController->initController(Object(CodeIgniter\HTTP\IncomingRequest), Object(CodeIgniter\HTTP\Response), Object(CodeIgniter\Log\Logger))
 2 SYSTEMPATH/CodeIgniter.php(485): CodeIgniter\CodeIgniter->createController()
 3 SYSTEMPATH/CodeIgniter.php(353): CodeIgniter\CodeIgniter->handleRequest(null, Object(Config\Cache), false)
 4 FCPATH/index.php(79): CodeIgniter\CodeIgniter->run()
WARNING - 2024-12-02 12:30:01 --> [DEPRECATED] Creation of dynamic property App\Models\UserModel::$userBankAccoTbl is deprecated in APPPATH/Models/UserModel.php on line 18.
 1 APPPATH/Controllers/Cron/Players.php(34): App\Models\UserModel->__construct()
 2 SYSTEMPATH/CodeIgniter.php(919): App\Controllers\Cron\Players->getMatchPlayers()
 3 SYSTEMPATH/CodeIgniter.php(494): CodeIgniter\CodeIgniter->runController(Object(App\Controllers\Cron\Players))
 4 SYSTEMPATH/CodeIgniter.php(353): CodeIgniter\CodeIgniter->handleRequest(null, Object(Config\Cache), false)
 5 FCPATH/index.php(79): CodeIgniter\CodeIgniter->run()
WARNING - 2024-12-02 12:30:31 --> [DEPRECATED] Creation of dynamic property App\Controllers\Cron\Matches::$validation is deprecated in APPPATH/Controllers/BaseController.php on line 57.
 1 SYSTEMPATH/CodeIgniter.php(892): App\Controllers\BaseController->initController(Object(CodeIgniter\HTTP\IncomingRequest), Object(CodeIgniter\HTTP\Response), Object(CodeIgniter\Log\Logger))
 2 SYSTEMPATH/CodeIgniter.php(485): CodeIgniter\CodeIgniter->createController()
 3 SYSTEMPATH/CodeIgniter.php(353): CodeIgniter\CodeIgniter->handleRequest(null, Object(Config\Cache), false)
 4 FCPATH/index.php(79): CodeIgniter\CodeIgniter->run()
WARNING - 2024-12-02 12:31:03 --> [DEPRECATED] Creation of dynamic property App\Controllers\Cron\News::$validation is deprecated in APPPATH/Controllers/BaseController.php on line 57.
 1 SYSTEMPATH/CodeIgniter.php(892): App\Controllers\BaseController->initController(Object(CodeIgniter\HTTP\IncomingRequest), Object(CodeIgniter\HTTP\Response), Object(CodeIgniter\Log\Logger))
 2 SYSTEMPATH/CodeIgniter.php(485): CodeIgniter\CodeIgniter->createController()
 3 SYSTEMPATH/CodeIgniter.php(353): CodeIgniter\CodeIgniter->handleRequest(null, Object(Config\Cache), false)
 4 FCPATH/index.php(79): CodeIgniter\CodeIgniter->run()
WARNING - 2024-12-02 12:50:57 --> [DEPRECATED] Creation of dynamic property App\Controllers\Matches::$validation is deprecated in APPPATH/Controllers/BaseController.php on line 57.
 1 SYSTEMPATH/CodeIgniter.php(892): App\Controllers\BaseController->initController(Object(CodeIgniter\HTTP\IncomingRequest), Object(CodeIgniter\HTTP\Response), Object(CodeIgniter\Log\Logger))
 2 SYSTEMPATH/CodeIgniter.php(485): CodeIgniter\CodeIgniter->createController()
 3 SYSTEMPATH/CodeIgniter.php(353): CodeIgniter\CodeIgniter->handleRequest(null, Object(Config\Cache), false)
 4 FCPATH/index.php(79): CodeIgniter\CodeIgniter->run()
WARNING - 2024-12-02 12:50:57 --> [DEPRECATED] Creation of dynamic property App\Controllers\Cron\News::$validation is deprecated in APPPATH/Controllers/BaseController.php on line 57.
 1 SYSTEMPATH/CodeIgniter.php(892): App\Controllers\BaseController->initController(Object(CodeIgniter\HTTP\IncomingRequest), Object(CodeIgniter\HTTP\Response), Object(CodeIgniter\Log\Logger))
 2 SYSTEMPATH/CodeIgniter.php(485): CodeIgniter\CodeIgniter->createController()
 3 SYSTEMPATH/CodeIgniter.php(353): CodeIgniter\CodeIgniter->handleRequest(null, Object(Config\Cache), false)
 4 FCPATH/index.php(79): CodeIgniter\CodeIgniter->run()
WARNING - 2024-12-02 12:50:57 --> [DEPRECATED] Creation of dynamic property App\Controllers\Matches::$validation is deprecated in APPPATH/Controllers/BaseController.php on line 57.
 1 SYSTEMPATH/CodeIgniter.php(892): App\Controllers\BaseController->initController(Object(CodeIgniter\HTTP\IncomingRequest), Object(CodeIgniter\HTTP\Response), Object(CodeIgniter\Log\Logger))
 2 SYSTEMPATH/CodeIgniter.php(485): CodeIgniter\CodeIgniter->createController()
 3 SYSTEMPATH/CodeIgniter.php(353): CodeIgniter\CodeIgniter->handleRequest(null, Object(Config\Cache), false)
 4 FCPATH/index.php(79): CodeIgniter\CodeIgniter->run()
WARNING - 2024-12-02 12:50:58 --> [DEPRECATED] Creation of dynamic property App\Controllers\Matches::$validation is deprecated in APPPATH/Controllers/BaseController.php on line 57.
 1 SYSTEMPATH/CodeIgniter.php(892): App\Controllers\BaseController->initController(Object(CodeIgniter\HTTP\IncomingRequest), Object(CodeIgniter\HTTP\Response), Object(CodeIgniter\Log\Logger))
 2 SYSTEMPATH/CodeIgniter.php(485): CodeIgniter\CodeIgniter->createController()
 3 SYSTEMPATH/CodeIgniter.php(353): CodeIgniter\CodeIgniter->handleRequest(null, Object(Config\Cache), false)
 4 FCPATH/index.php(79): CodeIgniter\CodeIgniter->run()
WARNING - 2024-12-02 12:50:58 --> [DEPRECATED] Creation of dynamic property App\Controllers\Matches::$validation is deprecated in APPPATH/Controllers/BaseController.php on line 57.
 1 SYSTEMPATH/CodeIgniter.php(892): App\Controllers\BaseController->initController(Object(CodeIgniter\HTTP\IncomingRequest), Object(CodeIgniter\HTTP\Response), Object(CodeIgniter\Log\Logger))
 2 SYSTEMPATH/CodeIgniter.php(485): CodeIgniter\CodeIgniter->createController()
 3 SYSTEMPATH/CodeIgniter.php(353): CodeIgniter\CodeIgniter->handleRequest(null, Object(Config\Cache), false)
 4 FCPATH/index.php(79): CodeIgniter\CodeIgniter->run()
WARNING - 2024-12-02 12:50:58 --> [DEPRECATED] Creation of dynamic property App\Controllers\Matches::$validation is deprecated in APPPATH/Controllers/BaseController.php on line 57.
 1 SYSTEMPATH/CodeIgniter.php(892): App\Controllers\BaseController->initController(Object(CodeIgniter\HTTP\IncomingRequest), Object(CodeIgniter\HTTP\Response), Object(CodeIgniter\Log\Logger))
 2 SYSTEMPATH/CodeIgniter.php(485): CodeIgniter\CodeIgniter->createController()
 3 SYSTEMPATH/CodeIgniter.php(353): CodeIgniter\CodeIgniter->handleRequest(null, Object(Config\Cache), false)
 4 FCPATH/index.php(79): CodeIgniter\CodeIgniter->run()
WARNING - 2024-12-02 13:02:27 --> [DEPRECATED] Creation of dynamic property App\Controllers\Matches::$validation is deprecated in APPPATH/Controllers/BaseController.php on line 57.
 1 SYSTEMPATH/CodeIgniter.php(892): App\Controllers\BaseController->initController(Object(CodeIgniter\HTTP\IncomingRequest), Object(CodeIgniter\HTTP\Response), Object(CodeIgniter\Log\Logger))
 2 SYSTEMPATH/CodeIgniter.php(485): CodeIgniter\CodeIgniter->createController()
 3 SYSTEMPATH/CodeIgniter.php(353): CodeIgniter\CodeIgniter->handleRequest(null, Object(Config\Cache), false)
 4 FCPATH/index.php(79): CodeIgniter\CodeIgniter->run()
WARNING - 2024-12-02 13:02:27 --> [DEPRECATED] Creation of dynamic property App\Controllers\Matches::$validation is deprecated in APPPATH/Controllers/BaseController.php on line 57.
 1 SYSTEMPATH/CodeIgniter.php(892): App\Controllers\BaseController->initController(Object(CodeIgniter\HTTP\IncomingRequest), Object(CodeIgniter\HTTP\Response), Object(CodeIgniter\Log\Logger))
 2 SYSTEMPATH/CodeIgniter.php(485): CodeIgniter\CodeIgniter->createController()
 3 SYSTEMPATH/CodeIgniter.php(353): CodeIgniter\CodeIgniter->handleRequest(null, Object(Config\Cache), false)
 4 FCPATH/index.php(79): CodeIgniter\CodeIgniter->run()
WARNING - 2024-12-02 13:02:27 --> [DEPRECATED] Creation of dynamic property App\Controllers\Cron\News::$validation is deprecated in APPPATH/Controllers/BaseController.php on line 57.
 1 SYSTEMPATH/CodeIgniter.php(892): App\Controllers\BaseController->initController(Object(CodeIgniter\HTTP\IncomingRequest), Object(CodeIgniter\HTTP\Response), Object(CodeIgniter\Log\Logger))
 2 SYSTEMPATH/CodeIgniter.php(485): CodeIgniter\CodeIgniter->createController()
 3 SYSTEMPATH/CodeIgniter.php(353): CodeIgniter\CodeIgniter->handleRequest(null, Object(Config\Cache), false)
 4 FCPATH/index.php(79): CodeIgniter\CodeIgniter->run()
WARNING - 2024-12-02 13:02:28 --> [DEPRECATED] Creation of dynamic property App\Controllers\Matches::$validation is deprecated in APPPATH/Controllers/BaseController.php on line 57.
 1 SYSTEMPATH/CodeIgniter.php(892): App\Controllers\BaseController->initController(Object(CodeIgniter\HTTP\IncomingRequest), Object(CodeIgniter\HTTP\Response), Object(CodeIgniter\Log\Logger))
 2 SYSTEMPATH/CodeIgniter.php(485): CodeIgniter\CodeIgniter->createController()
 3 SYSTEMPATH/CodeIgniter.php(353): CodeIgniter\CodeIgniter->handleRequest(null, Object(Config\Cache), false)
 4 FCPATH/index.php(79): CodeIgniter\CodeIgniter->run()
WARNING - 2024-12-02 13:02:28 --> [DEPRECATED] Creation of dynamic property App\Controllers\Matches::$validation is deprecated in APPPATH/Controllers/BaseController.php on line 57.
 1 SYSTEMPATH/CodeIgniter.php(892): App\Controllers\BaseController->initController(Object(CodeIgniter\HTTP\IncomingRequest), Object(CodeIgniter\HTTP\Response), Object(CodeIgniter\Log\Logger))
 2 SYSTEMPATH/CodeIgniter.php(485): CodeIgniter\CodeIgniter->createController()
 3 SYSTEMPATH/CodeIgniter.php(353): CodeIgniter\CodeIgniter->handleRequest(null, Object(Config\Cache), false)
 4 FCPATH/index.php(79): CodeIgniter\CodeIgniter->run()
WARNING - 2024-12-02 13:02:28 --> [DEPRECATED] Creation of dynamic property App\Controllers\Matches::$validation is deprecated in APPPATH/Controllers/BaseController.php on line 57.
 1 SYSTEMPATH/CodeIgniter.php(892): App\Controllers\BaseController->initController(Object(CodeIgniter\HTTP\IncomingRequest), Object(CodeIgniter\HTTP\Response), Object(CodeIgniter\Log\Logger))
 2 SYSTEMPATH/CodeIgniter.php(485): CodeIgniter\CodeIgniter->createController()
 3 SYSTEMPATH/CodeIgniter.php(353): CodeIgniter\CodeIgniter->handleRequest(null, Object(Config\Cache), false)
 4 FCPATH/index.php(79): CodeIgniter\CodeIgniter->run()
WARNING - 2024-12-02 15:18:17 --> [DEPRECATED] Creation of dynamic property App\Controllers\Cron\News::$validation is deprecated in APPPATH/Controllers/BaseController.php on line 57.
 1 SYSTEMPATH/CodeIgniter.php(892): App\Controllers\BaseController->initController(Object(CodeIgniter\HTTP\IncomingRequest), Object(CodeIgniter\HTTP\Response), Object(CodeIgniter\Log\Logger))
 2 SYSTEMPATH/CodeIgniter.php(485): CodeIgniter\CodeIgniter->createController()
 3 SYSTEMPATH/CodeIgniter.php(353): CodeIgniter\CodeIgniter->handleRequest(null, Object(Config\Cache), false)
 4 FCPATH/index.php(79): CodeIgniter\CodeIgniter->run()
WARNING - 2024-12-02 15:30:31 --> [DEPRECATED] Creation of dynamic property App\Controllers\Cron\Matches::$validation is deprecated in APPPATH/Controllers/BaseController.php on line 57.
 1 SYSTEMPATH/CodeIgniter.php(892): App\Controllers\BaseController->initController(Object(CodeIgniter\HTTP\IncomingRequest), Object(CodeIgniter\HTTP\Response), Object(CodeIgniter\Log\Logger))
 2 SYSTEMPATH/CodeIgniter.php(485): CodeIgniter\CodeIgniter->createController()
 3 SYSTEMPATH/CodeIgniter.php(353): CodeIgniter\CodeIgniter->handleRequest(null, Object(Config\Cache), false)
 4 FCPATH/index.php(79): CodeIgniter\CodeIgniter->run()
WARNING - 2024-12-02 15:30:31 --> [DEPRECATED] Creation of dynamic property App\Controllers\Cron\Players::$validation is deprecated in APPPATH/Controllers/BaseController.php on line 57.
 1 SYSTEMPATH/CodeIgniter.php(892): App\Controllers\BaseController->initController(Object(CodeIgniter\HTTP\IncomingRequest), Object(CodeIgniter\HTTP\Response), Object(CodeIgniter\Log\Logger))
 2 SYSTEMPATH/CodeIgniter.php(485): CodeIgniter\CodeIgniter->createController()
 3 SYSTEMPATH/CodeIgniter.php(353): CodeIgniter\CodeIgniter->handleRequest(null, Object(Config\Cache), false)
 4 FCPATH/index.php(79): CodeIgniter\CodeIgniter->run()
WARNING - 2024-12-02 15:30:31 --> [DEPRECATED] Creation of dynamic property App\Models\UserModel::$userBankAccoTbl is deprecated in APPPATH/Models/UserModel.php on line 18.
 1 APPPATH/Controllers/Cron/Players.php(34): App\Models\UserModel->__construct()
 2 SYSTEMPATH/CodeIgniter.php(919): App\Controllers\Cron\Players->getMatchPlayers()
 3 SYSTEMPATH/CodeIgniter.php(494): CodeIgniter\CodeIgniter->runController(Object(App\Controllers\Cron\Players))
 4 SYSTEMPATH/CodeIgniter.php(353): CodeIgniter\CodeIgniter->handleRequest(null, Object(Config\Cache), false)
 5 FCPATH/index.php(79): CodeIgniter\CodeIgniter->run()
WARNING - 2024-12-02 16:42:31 --> [DEPRECATED] Creation of dynamic property App\Controllers\Cron\News::$validation is deprecated in APPPATH/Controllers/BaseController.php on line 57.
 1 SYSTEMPATH/CodeIgniter.php(892): App\Controllers\BaseController->initController(Object(CodeIgniter\HTTP\IncomingRequest), Object(CodeIgniter\HTTP\Response), Object(CodeIgniter\Log\Logger))
 2 SYSTEMPATH/CodeIgniter.php(485): CodeIgniter\CodeIgniter->createController()
 3 SYSTEMPATH/CodeIgniter.php(353): CodeIgniter\CodeIgniter->handleRequest(null, Object(Config\Cache), false)
 4 FCPATH/index.php(79): CodeIgniter\CodeIgniter->run()
WARNING - 2024-12-02 17:44:03 --> [DEPRECATED] Creation of dynamic property App\Controllers\Matches::$validation is deprecated in APPPATH/Controllers/BaseController.php on line 57.
 1 SYSTEMPATH/CodeIgniter.php(892): App\Controllers\BaseController->initController(Object(CodeIgniter\HTTP\IncomingRequest), Object(CodeIgniter\HTTP\Response), Object(CodeIgniter\Log\Logger))
 2 SYSTEMPATH/CodeIgniter.php(485): CodeIgniter\CodeIgniter->createController()
 3 SYSTEMPATH/CodeIgniter.php(353): CodeIgniter\CodeIgniter->handleRequest(null, Object(Config\Cache), false)
 4 FCPATH/index.php(79): CodeIgniter\CodeIgniter->run()
WARNING - 2024-12-02 17:44:03 --> [DEPRECATED] Creation of dynamic property App\Controllers\Matches::$validation is deprecated in APPPATH/Controllers/BaseController.php on line 57.
 1 SYSTEMPATH/CodeIgniter.php(892): App\Controllers\BaseController->initController(Object(CodeIgniter\HTTP\IncomingRequest), Object(CodeIgniter\HTTP\Response), Object(CodeIgniter\Log\Logger))
 2 SYSTEMPATH/CodeIgniter.php(485): CodeIgniter\CodeIgniter->createController()
 3 SYSTEMPATH/CodeIgniter.php(353): CodeIgniter\CodeIgniter->handleRequest(null, Object(Config\Cache), false)
 4 FCPATH/index.php(79): CodeIgniter\CodeIgniter->run()
WARNING - 2024-12-02 17:44:03 --> [DEPRECATED] Creation of dynamic property App\Controllers\Cron\News::$validation is deprecated in APPPATH/Controllers/BaseController.php on line 57.
 1 SYSTEMPATH/CodeIgniter.php(892): App\Controllers\BaseController->initController(Object(CodeIgniter\HTTP\IncomingRequest), Object(CodeIgniter\HTTP\Response), Object(CodeIgniter\Log\Logger))
 2 SYSTEMPATH/CodeIgniter.php(485): CodeIgniter\CodeIgniter->createController()
 3 SYSTEMPATH/CodeIgniter.php(353): CodeIgniter\CodeIgniter->handleRequest(null, Object(Config\Cache), false)
 4 FCPATH/index.php(79): CodeIgniter\CodeIgniter->run()
WARNING - 2024-12-02 17:44:04 --> [DEPRECATED] Creation of dynamic property App\Controllers\Matches::$validation is deprecated in APPPATH/Controllers/BaseController.php on line 57.
 1 SYSTEMPATH/CodeIgniter.php(892): App\Controllers\BaseController->initController(Object(CodeIgniter\HTTP\IncomingRequest), Object(CodeIgniter\HTTP\Response), Object(CodeIgniter\Log\Logger))
 2 SYSTEMPATH/CodeIgniter.php(485): CodeIgniter\CodeIgniter->createController()
 3 SYSTEMPATH/CodeIgniter.php(353): CodeIgniter\CodeIgniter->handleRequest(null, Object(Config\Cache), false)
 4 FCPATH/index.php(79): CodeIgniter\CodeIgniter->run()
WARNING - 2024-12-02 17:44:04 --> [DEPRECATED] Creation of dynamic property App\Controllers\Matches::$validation is deprecated in APPPATH/Controllers/BaseController.php on line 57.
 1 SYSTEMPATH/CodeIgniter.php(892): App\Controllers\BaseController->initController(Object(CodeIgniter\HTTP\IncomingRequest), Object(CodeIgniter\HTTP\Response), Object(CodeIgniter\Log\Logger))
 2 SYSTEMPATH/CodeIgniter.php(485): CodeIgniter\CodeIgniter->createController()
 3 SYSTEMPATH/CodeIgniter.php(353): CodeIgniter\CodeIgniter->handleRequest(null, Object(Config\Cache), false)
 4 FCPATH/index.php(79): CodeIgniter\CodeIgniter->run()
WARNING - 2024-12-02 17:44:04 --> [DEPRECATED] Creation of dynamic property App\Controllers\Matches::$validation is deprecated in APPPATH/Controllers/BaseController.php on line 57.
 1 SYSTEMPATH/CodeIgniter.php(892): App\Controllers\BaseController->initController(Object(CodeIgniter\HTTP\IncomingRequest), Object(CodeIgniter\HTTP\Response), Object(CodeIgniter\Log\Logger))
 2 SYSTEMPATH/CodeIgniter.php(485): CodeIgniter\CodeIgniter->createController()
 3 SYSTEMPATH/CodeIgniter.php(353): CodeIgniter\CodeIgniter->handleRequest(null, Object(Config\Cache), false)
 4 FCPATH/index.php(79): CodeIgniter\CodeIgniter->run()
WARNING - 2024-12-02 17:44:05 --> [DEPRECATED] Creation of dynamic property App\Controllers\Matches::$validation is deprecated in APPPATH/Controllers/BaseController.php on line 57.
 1 SYSTEMPATH/CodeIgniter.php(892): App\Controllers\BaseController->initController(Object(CodeIgniter\HTTP\IncomingRequest), Object(CodeIgniter\HTTP\Response), Object(CodeIgniter\Log\Logger))
 2 SYSTEMPATH/CodeIgniter.php(485): CodeIgniter\CodeIgniter->createController()
 3 SYSTEMPATH/CodeIgniter.php(353): CodeIgniter\CodeIgniter->handleRequest(null, Object(Config\Cache), false)
 4 FCPATH/index.php(79): CodeIgniter\CodeIgniter->run()
WARNING - 2024-12-02 18:30:31 --> [DEPRECATED] Creation of dynamic property App\Controllers\Cron\Players::$validation is deprecated in APPPATH/Controllers/BaseController.php on line 57.
 1 SYSTEMPATH/CodeIgniter.php(892): App\Controllers\BaseController->initController(Object(CodeIgniter\HTTP\IncomingRequest), Object(CodeIgniter\HTTP\Response), Object(CodeIgniter\Log\Logger))
 2 SYSTEMPATH/CodeIgniter.php(485): CodeIgniter\CodeIgniter->createController()
 3 SYSTEMPATH/CodeIgniter.php(353): CodeIgniter\CodeIgniter->handleRequest(null, Object(Config\Cache), false)
 4 FCPATH/index.php(79): CodeIgniter\CodeIgniter->run()
WARNING - 2024-12-02 18:30:31 --> [DEPRECATED] Creation of dynamic property App\Controllers\Cron\Matches::$validation is deprecated in APPPATH/Controllers/BaseController.php on line 57.
 1 SYSTEMPATH/CodeIgniter.php(892): App\Controllers\BaseController->initController(Object(CodeIgniter\HTTP\IncomingRequest), Object(CodeIgniter\HTTP\Response), Object(CodeIgniter\Log\Logger))
 2 SYSTEMPATH/CodeIgniter.php(485): CodeIgniter\CodeIgniter->createController()
 3 SYSTEMPATH/CodeIgniter.php(353): CodeIgniter\CodeIgniter->handleRequest(null, Object(Config\Cache), false)
 4 FCPATH/index.php(79): CodeIgniter\CodeIgniter->run()
WARNING - 2024-12-02 18:30:31 --> [DEPRECATED] Creation of dynamic property App\Models\UserModel::$userBankAccoTbl is deprecated in APPPATH/Models/UserModel.php on line 18.
 1 APPPATH/Controllers/Cron/Players.php(34): App\Models\UserModel->__construct()
 2 SYSTEMPATH/CodeIgniter.php(919): App\Controllers\Cron\Players->getMatchPlayers()
 3 SYSTEMPATH/CodeIgniter.php(494): CodeIgniter\CodeIgniter->runController(Object(App\Controllers\Cron\Players))
 4 SYSTEMPATH/CodeIgniter.php(353): CodeIgniter\CodeIgniter->handleRequest(null, Object(Config\Cache), false)
 5 FCPATH/index.php(79): CodeIgniter\CodeIgniter->run()
WARNING - 2024-12-02 18:30:31 --> [DEPRECATED] Creation of dynamic property App\Controllers\Cron\Toss::$validation is deprecated in APPPATH/Controllers/BaseController.php on line 57.
 1 SYSTEMPATH/CodeIgniter.php(892): App\Controllers\BaseController->initController(Object(CodeIgniter\HTTP\IncomingRequest), Object(CodeIgniter\HTTP\Response), Object(CodeIgniter\Log\Logger))
 2 SYSTEMPATH/CodeIgniter.php(485): CodeIgniter\CodeIgniter->createController()
 3 SYSTEMPATH/CodeIgniter.php(353): CodeIgniter\CodeIgniter->handleRequest(null, Object(Config\Cache), false)
 4 FCPATH/index.php(79): CodeIgniter\CodeIgniter->run()
WARNING - 2024-12-02 19:09:28 --> [DEPRECATED] Creation of dynamic property App\Controllers\Cron\News::$validation is deprecated in APPPATH/Controllers/BaseController.php on line 57.
 1 SYSTEMPATH/CodeIgniter.php(892): App\Controllers\BaseController->initController(Object(CodeIgniter\HTTP\IncomingRequest), Object(CodeIgniter\HTTP\Response), Object(CodeIgniter\Log\Logger))
 2 SYSTEMPATH/CodeIgniter.php(485): CodeIgniter\CodeIgniter->createController()
 3 SYSTEMPATH/CodeIgniter.php(353): CodeIgniter\CodeIgniter->handleRequest(null, Object(Config\Cache), false)
 4 FCPATH/index.php(79): CodeIgniter\CodeIgniter->run()
WARNING - 2024-12-02 19:38:18 --> [DEPRECATED] Creation of dynamic property App\Controllers\Cron\News::$validation is deprecated in APPPATH/Controllers/BaseController.php on line 57.
 1 SYSTEMPATH/CodeIgniter.php(892): App\Controllers\BaseController->initController(Object(CodeIgniter\HTTP\IncomingRequest), Object(CodeIgniter\HTTP\Response), Object(CodeIgniter\Log\Logger))
 2 SYSTEMPATH/CodeIgniter.php(485): CodeIgniter\CodeIgniter->createController()
 3 SYSTEMPATH/CodeIgniter.php(353): CodeIgniter\CodeIgniter->handleRequest(null, Object(Config\Cache), false)
 4 FCPATH/index.php(79): CodeIgniter\CodeIgniter->run()
WARNING - 2024-12-02 20:08:28 --> [DEPRECATED] Creation of dynamic property App\Controllers\Cron\News::$validation is deprecated in APPPATH/Controllers/BaseController.php on line 57.
 1 SYSTEMPATH/CodeIgniter.php(892): App\Controllers\BaseController->initController(Object(CodeIgniter\HTTP\IncomingRequest), Object(CodeIgniter\HTTP\Response), Object(CodeIgniter\Log\Logger))
 2 SYSTEMPATH/CodeIgniter.php(485): CodeIgniter\CodeIgniter->createController()
 3 SYSTEMPATH/CodeIgniter.php(353): CodeIgniter\CodeIgniter->handleRequest(null, Object(Config\Cache), false)
 4 FCPATH/index.php(79): CodeIgniter\CodeIgniter->run()
WARNING - 2024-12-02 21:30:02 --> [DEPRECATED] Creation of dynamic property App\Controllers\Cron\Players::$validation is deprecated in APPPATH/Controllers/BaseController.php on line 57.
 1 SYSTEMPATH/CodeIgniter.php(892): App\Controllers\BaseController->initController(Object(CodeIgniter\HTTP\IncomingRequest), Object(CodeIgniter\HTTP\Response), Object(CodeIgniter\Log\Logger))
 2 SYSTEMPATH/CodeIgniter.php(485): CodeIgniter\CodeIgniter->createController()
 3 SYSTEMPATH/CodeIgniter.php(353): CodeIgniter\CodeIgniter->handleRequest(null, Object(Config\Cache), false)
 4 FCPATH/index.php(79): CodeIgniter\CodeIgniter->run()
WARNING - 2024-12-02 21:30:02 --> [DEPRECATED] Creation of dynamic property App\Models\UserModel::$userBankAccoTbl is deprecated in APPPATH/Models/UserModel.php on line 18.
 1 APPPATH/Controllers/Cron/Players.php(34): App\Models\UserModel->__construct()
 2 SYSTEMPATH/CodeIgniter.php(919): App\Controllers\Cron\Players->getMatchPlayers()
 3 SYSTEMPATH/CodeIgniter.php(494): CodeIgniter\CodeIgniter->runController(Object(App\Controllers\Cron\Players))
 4 SYSTEMPATH/CodeIgniter.php(353): CodeIgniter\CodeIgniter->handleRequest(null, Object(Config\Cache), false)
 5 FCPATH/index.php(79): CodeIgniter\CodeIgniter->run()
WARNING - 2024-12-02 21:30:31 --> [DEPRECATED] Creation of dynamic property App\Controllers\Cron\Matches::$validation is deprecated in APPPATH/Controllers/BaseController.php on line 57.
 1 SYSTEMPATH/CodeIgniter.php(892): App\Controllers\BaseController->initController(Object(CodeIgniter\HTTP\IncomingRequest), Object(CodeIgniter\HTTP\Response), Object(CodeIgniter\Log\Logger))
 2 SYSTEMPATH/CodeIgniter.php(485): CodeIgniter\CodeIgniter->createController()
 3 SYSTEMPATH/CodeIgniter.php(353): CodeIgniter\CodeIgniter->handleRequest(null, Object(Config\Cache), false)
 4 FCPATH/index.php(79): CodeIgniter\CodeIgniter->run()
