WARNING - 2024-11-26 00:07:44 --> [DEPRECATED] Creation of dynamic property App\Controllers\Matches::$validation is deprecated in APPPATH/Controllers/BaseController.php on line 57.
 1 SYSTEMPATH/CodeIgniter.php(892): App\Controllers\BaseController->initController(Object(CodeIgniter\HTTP\IncomingRequest), Object(CodeIgniter\HTTP\Response), Object(CodeIgniter\Log\Logger))
 2 SYSTEMPATH/CodeIgniter.php(485): CodeIgniter\CodeIgniter->createController()
 3 SYSTEMPATH/CodeIgniter.php(353): CodeIgniter\CodeIgniter->handleRequest(null, Object(Config\Cache), false)
 4 FCPATH/index.php(79): CodeIgniter\CodeIgniter->run()
WARNING - 2024-11-26 00:07:44 --> [DEPRECATED] Creation of dynamic property App\Controllers\Cron\News::$validation is deprecated in APPPATH/Controllers/BaseController.php on line 57.
 1 SYSTEMPATH/CodeIgniter.php(892): App\Controllers\BaseController->initController(Object(CodeIgniter\HTTP\IncomingRequest), Object(CodeIgniter\HTTP\Response), Object(CodeIgniter\Log\Logger))
 2 SYSTEMPATH/CodeIgniter.php(485): CodeIgniter\CodeIgniter->createController()
 3 SYSTEMPATH/CodeIgniter.php(353): CodeIgniter\CodeIgniter->handleRequest(null, Object(Config\Cache), false)
 4 FCPATH/index.php(79): CodeIgniter\CodeIgniter->run()
WARNING - 2024-11-26 00:07:44 --> [DEPRECATED] Creation of dynamic property App\Controllers\Matches::$validation is deprecated in APPPATH/Controllers/BaseController.php on line 57.
 1 SYSTEMPATH/CodeIgniter.php(892): App\Controllers\BaseController->initController(Object(CodeIgniter\HTTP\IncomingRequest), Object(CodeIgniter\HTTP\Response), Object(CodeIgniter\Log\Logger))
 2 SYSTEMPATH/CodeIgniter.php(485): CodeIgniter\CodeIgniter->createController()
 3 SYSTEMPATH/CodeIgniter.php(353): CodeIgniter\CodeIgniter->handleRequest(null, Object(Config\Cache), false)
 4 FCPATH/index.php(79): CodeIgniter\CodeIgniter->run()
WARNING - 2024-11-26 00:07:44 --> [DEPRECATED] Creation of dynamic property App\Controllers\Matches::$validation is deprecated in APPPATH/Controllers/BaseController.php on line 57.
 1 SYSTEMPATH/CodeIgniter.php(892): App\Controllers\BaseController->initController(Object(CodeIgniter\HTTP\IncomingRequest), Object(CodeIgniter\HTTP\Response), Object(CodeIgniter\Log\Logger))
 2 SYSTEMPATH/CodeIgniter.php(485): CodeIgniter\CodeIgniter->createController()
 3 SYSTEMPATH/CodeIgniter.php(353): CodeIgniter\CodeIgniter->handleRequest(null, Object(Config\Cache), false)
 4 FCPATH/index.php(79): CodeIgniter\CodeIgniter->run()
WARNING - 2024-11-26 00:07:48 --> [DEPRECATED] Creation of dynamic property App\Controllers\Matches::$validation is deprecated in APPPATH/Controllers/BaseController.php on line 57.
 1 SYSTEMPATH/CodeIgniter.php(892): App\Controllers\BaseController->initController(Object(CodeIgniter\HTTP\IncomingRequest), Object(CodeIgniter\HTTP\Response), Object(CodeIgniter\Log\Logger))
 2 SYSTEMPATH/CodeIgniter.php(485): CodeIgniter\CodeIgniter->createController()
 3 SYSTEMPATH/CodeIgniter.php(353): CodeIgniter\CodeIgniter->handleRequest(null, Object(Config\Cache), false)
 4 FCPATH/index.php(79): CodeIgniter\CodeIgniter->run()
WARNING - 2024-11-26 00:07:48 --> [DEPRECATED] Creation of dynamic property App\Controllers\Matches::$validation is deprecated in APPPATH/Controllers/BaseController.php on line 57.
 1 SYSTEMPATH/CodeIgniter.php(892): App\Controllers\BaseController->initController(Object(CodeIgniter\HTTP\IncomingRequest), Object(CodeIgniter\HTTP\Response), Object(CodeIgniter\Log\Logger))
 2 SYSTEMPATH/CodeIgniter.php(485): CodeIgniter\CodeIgniter->createController()
 3 SYSTEMPATH/CodeIgniter.php(353): CodeIgniter\CodeIgniter->handleRequest(null, Object(Config\Cache), false)
 4 FCPATH/index.php(79): CodeIgniter\CodeIgniter->run()
WARNING - 2024-11-26 00:16:43 --> [DEPRECATED] Creation of dynamic property App\Controllers\Matches::$validation is deprecated in APPPATH/Controllers/BaseController.php on line 57.
 1 SYSTEMPATH/CodeIgniter.php(892): App\Controllers\BaseController->initController(Object(CodeIgniter\HTTP\IncomingRequest), Object(CodeIgniter\HTTP\Response), Object(CodeIgniter\Log\Logger))
 2 SYSTEMPATH/CodeIgniter.php(485): CodeIgniter\CodeIgniter->createController()
 3 SYSTEMPATH/CodeIgniter.php(353): CodeIgniter\CodeIgniter->handleRequest(null, Object(Config\Cache), false)
 4 FCPATH/index.php(79): CodeIgniter\CodeIgniter->run()
WARNING - 2024-11-26 00:16:43 --> [DEPRECATED] Creation of dynamic property App\Controllers\Matches::$validation is deprecated in APPPATH/Controllers/BaseController.php on line 57.
 1 SYSTEMPATH/CodeIgniter.php(892): App\Controllers\BaseController->initController(Object(CodeIgniter\HTTP\IncomingRequest), Object(CodeIgniter\HTTP\Response), Object(CodeIgniter\Log\Logger))
 2 SYSTEMPATH/CodeIgniter.php(485): CodeIgniter\CodeIgniter->createController()
 3 SYSTEMPATH/CodeIgniter.php(353): CodeIgniter\CodeIgniter->handleRequest(null, Object(Config\Cache), false)
 4 FCPATH/index.php(79): CodeIgniter\CodeIgniter->run()
WARNING - 2024-11-26 00:16:43 --> [DEPRECATED] Creation of dynamic property App\Controllers\Cron\News::$validation is deprecated in APPPATH/Controllers/BaseController.php on line 57.
 1 SYSTEMPATH/CodeIgniter.php(892): App\Controllers\BaseController->initController(Object(CodeIgniter\HTTP\IncomingRequest), Object(CodeIgniter\HTTP\Response), Object(CodeIgniter\Log\Logger))
 2 SYSTEMPATH/CodeIgniter.php(485): CodeIgniter\CodeIgniter->createController()
 3 SYSTEMPATH/CodeIgniter.php(353): CodeIgniter\CodeIgniter->handleRequest(null, Object(Config\Cache), false)
 4 FCPATH/index.php(79): CodeIgniter\CodeIgniter->run()
WARNING - 2024-11-26 00:16:43 --> [DEPRECATED] Creation of dynamic property App\Controllers\Matches::$validation is deprecated in APPPATH/Controllers/BaseController.php on line 57.
 1 SYSTEMPATH/CodeIgniter.php(892): App\Controllers\BaseController->initController(Object(CodeIgniter\HTTP\IncomingRequest), Object(CodeIgniter\HTTP\Response), Object(CodeIgniter\Log\Logger))
 2 SYSTEMPATH/CodeIgniter.php(485): CodeIgniter\CodeIgniter->createController()
 3 SYSTEMPATH/CodeIgniter.php(353): CodeIgniter\CodeIgniter->handleRequest(null, Object(Config\Cache), false)
 4 FCPATH/index.php(79): CodeIgniter\CodeIgniter->run()
WARNING - 2024-11-26 00:16:43 --> [DEPRECATED] Creation of dynamic property App\Controllers\Matches::$validation is deprecated in APPPATH/Controllers/BaseController.php on line 57.
 1 SYSTEMPATH/CodeIgniter.php(892): App\Controllers\BaseController->initController(Object(CodeIgniter\HTTP\IncomingRequest), Object(CodeIgniter\HTTP\Response), Object(CodeIgniter\Log\Logger))
 2 SYSTEMPATH/CodeIgniter.php(485): CodeIgniter\CodeIgniter->createController()
 3 SYSTEMPATH/CodeIgniter.php(353): CodeIgniter\CodeIgniter->handleRequest(null, Object(Config\Cache), false)
 4 FCPATH/index.php(79): CodeIgniter\CodeIgniter->run()
WARNING - 2024-11-26 00:16:43 --> [DEPRECATED] Creation of dynamic property App\Controllers\Matches::$validation is deprecated in APPPATH/Controllers/BaseController.php on line 57.
 1 SYSTEMPATH/CodeIgniter.php(892): App\Controllers\BaseController->initController(Object(CodeIgniter\HTTP\IncomingRequest), Object(CodeIgniter\HTTP\Response), Object(CodeIgniter\Log\Logger))
 2 SYSTEMPATH/CodeIgniter.php(485): CodeIgniter\CodeIgniter->createController()
 3 SYSTEMPATH/CodeIgniter.php(353): CodeIgniter\CodeIgniter->handleRequest(null, Object(Config\Cache), false)
 4 FCPATH/index.php(79): CodeIgniter\CodeIgniter->run()
WARNING - 2024-11-26 00:16:44 --> [DEPRECATED] Creation of dynamic property App\Controllers\Matches::$validation is deprecated in APPPATH/Controllers/BaseController.php on line 57.
 1 SYSTEMPATH/CodeIgniter.php(892): App\Controllers\BaseController->initController(Object(CodeIgniter\HTTP\IncomingRequest), Object(CodeIgniter\HTTP\Response), Object(CodeIgniter\Log\Logger))
 2 SYSTEMPATH/CodeIgniter.php(485): CodeIgniter\CodeIgniter->createController()
 3 SYSTEMPATH/CodeIgniter.php(353): CodeIgniter\CodeIgniter->handleRequest(null, Object(Config\Cache), false)
 4 FCPATH/index.php(79): CodeIgniter\CodeIgniter->run()
WARNING - 2024-11-26 00:16:48 --> [DEPRECATED] Creation of dynamic property App\Controllers\Cron\News::$validation is deprecated in APPPATH/Controllers/BaseController.php on line 57.
 1 SYSTEMPATH/CodeIgniter.php(892): App\Controllers\BaseController->initController(Object(CodeIgniter\HTTP\IncomingRequest), Object(CodeIgniter\HTTP\Response), Object(CodeIgniter\Log\Logger))
 2 SYSTEMPATH/CodeIgniter.php(485): CodeIgniter\CodeIgniter->createController()
 3 SYSTEMPATH/CodeIgniter.php(353): CodeIgniter\CodeIgniter->handleRequest(null, Object(Config\Cache), false)
 4 FCPATH/index.php(79): CodeIgniter\CodeIgniter->run()
WARNING - 2024-11-26 00:16:50 --> [DEPRECATED] Creation of dynamic property App\Controllers\Matches::$validation is deprecated in APPPATH/Controllers/BaseController.php on line 57.
 1 SYSTEMPATH/CodeIgniter.php(892): App\Controllers\BaseController->initController(Object(CodeIgniter\HTTP\IncomingRequest), Object(CodeIgniter\HTTP\Response), Object(CodeIgniter\Log\Logger))
 2 SYSTEMPATH/CodeIgniter.php(485): CodeIgniter\CodeIgniter->createController()
 3 SYSTEMPATH/CodeIgniter.php(353): CodeIgniter\CodeIgniter->handleRequest(null, Object(Config\Cache), false)
 4 FCPATH/index.php(79): CodeIgniter\CodeIgniter->run()
WARNING - 2024-11-26 00:16:50 --> [DEPRECATED] Creation of dynamic property App\Controllers\Matches::$validation is deprecated in APPPATH/Controllers/BaseController.php on line 57.
 1 SYSTEMPATH/CodeIgniter.php(892): App\Controllers\BaseController->initController(Object(CodeIgniter\HTTP\IncomingRequest), Object(CodeIgniter\HTTP\Response), Object(CodeIgniter\Log\Logger))
 2 SYSTEMPATH/CodeIgniter.php(485): CodeIgniter\CodeIgniter->createController()
 3 SYSTEMPATH/CodeIgniter.php(353): CodeIgniter\CodeIgniter->handleRequest(null, Object(Config\Cache), false)
 4 FCPATH/index.php(79): CodeIgniter\CodeIgniter->run()
WARNING - 2024-11-26 00:16:50 --> [DEPRECATED] Creation of dynamic property App\Controllers\Matches::$validation is deprecated in APPPATH/Controllers/BaseController.php on line 57.
 1 SYSTEMPATH/CodeIgniter.php(892): App\Controllers\BaseController->initController(Object(CodeIgniter\HTTP\IncomingRequest), Object(CodeIgniter\HTTP\Response), Object(CodeIgniter\Log\Logger))
 2 SYSTEMPATH/CodeIgniter.php(485): CodeIgniter\CodeIgniter->createController()
 3 SYSTEMPATH/CodeIgniter.php(353): CodeIgniter\CodeIgniter->handleRequest(null, Object(Config\Cache), false)
 4 FCPATH/index.php(79): CodeIgniter\CodeIgniter->run()
WARNING - 2024-11-26 00:16:50 --> [DEPRECATED] Creation of dynamic property App\Controllers\Cron\News::$validation is deprecated in APPPATH/Controllers/BaseController.php on line 57.
 1 SYSTEMPATH/CodeIgniter.php(892): App\Controllers\BaseController->initController(Object(CodeIgniter\HTTP\IncomingRequest), Object(CodeIgniter\HTTP\Response), Object(CodeIgniter\Log\Logger))
 2 SYSTEMPATH/CodeIgniter.php(485): CodeIgniter\CodeIgniter->createController()
 3 SYSTEMPATH/CodeIgniter.php(353): CodeIgniter\CodeIgniter->handleRequest(null, Object(Config\Cache), false)
 4 FCPATH/index.php(79): CodeIgniter\CodeIgniter->run()
WARNING - 2024-11-26 00:16:50 --> [DEPRECATED] Creation of dynamic property App\Controllers\Matches::$validation is deprecated in APPPATH/Controllers/BaseController.php on line 57.
 1 SYSTEMPATH/CodeIgniter.php(892): App\Controllers\BaseController->initController(Object(CodeIgniter\HTTP\IncomingRequest), Object(CodeIgniter\HTTP\Response), Object(CodeIgniter\Log\Logger))
 2 SYSTEMPATH/CodeIgniter.php(485): CodeIgniter\CodeIgniter->createController()
 3 SYSTEMPATH/CodeIgniter.php(353): CodeIgniter\CodeIgniter->handleRequest(null, Object(Config\Cache), false)
 4 FCPATH/index.php(79): CodeIgniter\CodeIgniter->run()
WARNING - 2024-11-26 00:16:50 --> [DEPRECATED] Creation of dynamic property App\Controllers\Matches::$validation is deprecated in APPPATH/Controllers/BaseController.php on line 57.
 1 SYSTEMPATH/CodeIgniter.php(892): App\Controllers\BaseController->initController(Object(CodeIgniter\HTTP\IncomingRequest), Object(CodeIgniter\HTTP\Response), Object(CodeIgniter\Log\Logger))
 2 SYSTEMPATH/CodeIgniter.php(485): CodeIgniter\CodeIgniter->createController()
 3 SYSTEMPATH/CodeIgniter.php(353): CodeIgniter\CodeIgniter->handleRequest(null, Object(Config\Cache), false)
 4 FCPATH/index.php(79): CodeIgniter\CodeIgniter->run()
WARNING - 2024-11-26 00:16:58 --> [DEPRECATED] Creation of dynamic property App\Controllers\Matches::$validation is deprecated in APPPATH/Controllers/BaseController.php on line 57.
 1 SYSTEMPATH/CodeIgniter.php(892): App\Controllers\BaseController->initController(Object(CodeIgniter\HTTP\IncomingRequest), Object(CodeIgniter\HTTP\Response), Object(CodeIgniter\Log\Logger))
 2 SYSTEMPATH/CodeIgniter.php(485): CodeIgniter\CodeIgniter->createController()
 3 SYSTEMPATH/CodeIgniter.php(353): CodeIgniter\CodeIgniter->handleRequest(null, Object(Config\Cache), false)
 4 FCPATH/index.php(79): CodeIgniter\CodeIgniter->run()
WARNING - 2024-11-26 00:16:58 --> [DEPRECATED] Creation of dynamic property App\Controllers\Matches::$validation is deprecated in APPPATH/Controllers/BaseController.php on line 57.
 1 SYSTEMPATH/CodeIgniter.php(892): App\Controllers\BaseController->initController(Object(CodeIgniter\HTTP\IncomingRequest), Object(CodeIgniter\HTTP\Response), Object(CodeIgniter\Log\Logger))
 2 SYSTEMPATH/CodeIgniter.php(485): CodeIgniter\CodeIgniter->createController()
 3 SYSTEMPATH/CodeIgniter.php(353): CodeIgniter\CodeIgniter->handleRequest(null, Object(Config\Cache), false)
 4 FCPATH/index.php(79): CodeIgniter\CodeIgniter->run()
WARNING - 2024-11-26 00:16:58 --> [DEPRECATED] Creation of dynamic property App\Controllers\Matches::$validation is deprecated in APPPATH/Controllers/BaseController.php on line 57.
 1 SYSTEMPATH/CodeIgniter.php(892): App\Controllers\BaseController->initController(Object(CodeIgniter\HTTP\IncomingRequest), Object(CodeIgniter\HTTP\Response), Object(CodeIgniter\Log\Logger))
 2 SYSTEMPATH/CodeIgniter.php(485): CodeIgniter\CodeIgniter->createController()
 3 SYSTEMPATH/CodeIgniter.php(353): CodeIgniter\CodeIgniter->handleRequest(null, Object(Config\Cache), false)
 4 FCPATH/index.php(79): CodeIgniter\CodeIgniter->run()
WARNING - 2024-11-26 00:16:58 --> [DEPRECATED] Creation of dynamic property App\Controllers\Cron\News::$validation is deprecated in APPPATH/Controllers/BaseController.php on line 57.
 1 SYSTEMPATH/CodeIgniter.php(892): App\Controllers\BaseController->initController(Object(CodeIgniter\HTTP\IncomingRequest), Object(CodeIgniter\HTTP\Response), Object(CodeIgniter\Log\Logger))
 2 SYSTEMPATH/CodeIgniter.php(485): CodeIgniter\CodeIgniter->createController()
 3 SYSTEMPATH/CodeIgniter.php(353): CodeIgniter\CodeIgniter->handleRequest(null, Object(Config\Cache), false)
 4 FCPATH/index.php(79): CodeIgniter\CodeIgniter->run()
WARNING - 2024-11-26 00:16:59 --> [DEPRECATED] Creation of dynamic property App\Controllers\Matches::$validation is deprecated in APPPATH/Controllers/BaseController.php on line 57.
 1 SYSTEMPATH/CodeIgniter.php(892): App\Controllers\BaseController->initController(Object(CodeIgniter\HTTP\IncomingRequest), Object(CodeIgniter\HTTP\Response), Object(CodeIgniter\Log\Logger))
 2 SYSTEMPATH/CodeIgniter.php(485): CodeIgniter\CodeIgniter->createController()
 3 SYSTEMPATH/CodeIgniter.php(353): CodeIgniter\CodeIgniter->handleRequest(null, Object(Config\Cache), false)
 4 FCPATH/index.php(79): CodeIgniter\CodeIgniter->run()
WARNING - 2024-11-26 00:16:59 --> [DEPRECATED] Creation of dynamic property App\Controllers\Matches::$validation is deprecated in APPPATH/Controllers/BaseController.php on line 57.
 1 SYSTEMPATH/CodeIgniter.php(892): App\Controllers\BaseController->initController(Object(CodeIgniter\HTTP\IncomingRequest), Object(CodeIgniter\HTTP\Response), Object(CodeIgniter\Log\Logger))
 2 SYSTEMPATH/CodeIgniter.php(485): CodeIgniter\CodeIgniter->createController()
 3 SYSTEMPATH/CodeIgniter.php(353): CodeIgniter\CodeIgniter->handleRequest(null, Object(Config\Cache), false)
 4 FCPATH/index.php(79): CodeIgniter\CodeIgniter->run()
WARNING - 2024-11-26 00:17:01 --> [DEPRECATED] Creation of dynamic property App\Controllers\Matches::$validation is deprecated in APPPATH/Controllers/BaseController.php on line 57.
 1 SYSTEMPATH/CodeIgniter.php(892): App\Controllers\BaseController->initController(Object(CodeIgniter\HTTP\IncomingRequest), Object(CodeIgniter\HTTP\Response), Object(CodeIgniter\Log\Logger))
 2 SYSTEMPATH/CodeIgniter.php(485): CodeIgniter\CodeIgniter->createController()
 3 SYSTEMPATH/CodeIgniter.php(353): CodeIgniter\CodeIgniter->handleRequest(null, Object(Config\Cache), false)
 4 FCPATH/index.php(79): CodeIgniter\CodeIgniter->run()
WARNING - 2024-11-26 00:17:01 --> [DEPRECATED] Creation of dynamic property App\Controllers\Cron\News::$validation is deprecated in APPPATH/Controllers/BaseController.php on line 57.
 1 SYSTEMPATH/CodeIgniter.php(892): App\Controllers\BaseController->initController(Object(CodeIgniter\HTTP\IncomingRequest), Object(CodeIgniter\HTTP\Response), Object(CodeIgniter\Log\Logger))
 2 SYSTEMPATH/CodeIgniter.php(485): CodeIgniter\CodeIgniter->createController()
 3 SYSTEMPATH/CodeIgniter.php(353): CodeIgniter\CodeIgniter->handleRequest(null, Object(Config\Cache), false)
 4 FCPATH/index.php(79): CodeIgniter\CodeIgniter->run()
WARNING - 2024-11-26 00:17:01 --> [DEPRECATED] Creation of dynamic property App\Controllers\Matches::$validation is deprecated in APPPATH/Controllers/BaseController.php on line 57.
 1 SYSTEMPATH/CodeIgniter.php(892): App\Controllers\BaseController->initController(Object(CodeIgniter\HTTP\IncomingRequest), Object(CodeIgniter\HTTP\Response), Object(CodeIgniter\Log\Logger))
 2 SYSTEMPATH/CodeIgniter.php(485): CodeIgniter\CodeIgniter->createController()
 3 SYSTEMPATH/CodeIgniter.php(353): CodeIgniter\CodeIgniter->handleRequest(null, Object(Config\Cache), false)
 4 FCPATH/index.php(79): CodeIgniter\CodeIgniter->run()
WARNING - 2024-11-26 00:17:01 --> [DEPRECATED] Creation of dynamic property App\Controllers\Matches::$validation is deprecated in APPPATH/Controllers/BaseController.php on line 57.
 1 SYSTEMPATH/CodeIgniter.php(892): App\Controllers\BaseController->initController(Object(CodeIgniter\HTTP\IncomingRequest), Object(CodeIgniter\HTTP\Response), Object(CodeIgniter\Log\Logger))
 2 SYSTEMPATH/CodeIgniter.php(485): CodeIgniter\CodeIgniter->createController()
 3 SYSTEMPATH/CodeIgniter.php(353): CodeIgniter\CodeIgniter->handleRequest(null, Object(Config\Cache), false)
 4 FCPATH/index.php(79): CodeIgniter\CodeIgniter->run()
WARNING - 2024-11-26 00:17:01 --> [DEPRECATED] Creation of dynamic property App\Controllers\Matches::$validation is deprecated in APPPATH/Controllers/BaseController.php on line 57.
 1 SYSTEMPATH/CodeIgniter.php(892): App\Controllers\BaseController->initController(Object(CodeIgniter\HTTP\IncomingRequest), Object(CodeIgniter\HTTP\Response), Object(CodeIgniter\Log\Logger))
 2 SYSTEMPATH/CodeIgniter.php(485): CodeIgniter\CodeIgniter->createController()
 3 SYSTEMPATH/CodeIgniter.php(353): CodeIgniter\CodeIgniter->handleRequest(null, Object(Config\Cache), false)
 4 FCPATH/index.php(79): CodeIgniter\CodeIgniter->run()
WARNING - 2024-11-26 00:17:02 --> [DEPRECATED] Creation of dynamic property App\Controllers\Matches::$validation is deprecated in APPPATH/Controllers/BaseController.php on line 57.
 1 SYSTEMPATH/CodeIgniter.php(892): App\Controllers\BaseController->initController(Object(CodeIgniter\HTTP\IncomingRequest), Object(CodeIgniter\HTTP\Response), Object(CodeIgniter\Log\Logger))
 2 SYSTEMPATH/CodeIgniter.php(485): CodeIgniter\CodeIgniter->createController()
 3 SYSTEMPATH/CodeIgniter.php(353): CodeIgniter\CodeIgniter->handleRequest(null, Object(Config\Cache), false)
 4 FCPATH/index.php(79): CodeIgniter\CodeIgniter->run()
WARNING - 2024-11-26 00:17:02 --> [DEPRECATED] Creation of dynamic property App\Controllers\Matches::$validation is deprecated in APPPATH/Controllers/BaseController.php on line 57.
 1 SYSTEMPATH/CodeIgniter.php(892): App\Controllers\BaseController->initController(Object(CodeIgniter\HTTP\IncomingRequest), Object(CodeIgniter\HTTP\Response), Object(CodeIgniter\Log\Logger))
 2 SYSTEMPATH/CodeIgniter.php(485): CodeIgniter\CodeIgniter->createController()
 3 SYSTEMPATH/CodeIgniter.php(353): CodeIgniter\CodeIgniter->handleRequest(null, Object(Config\Cache), false)
 4 FCPATH/index.php(79): CodeIgniter\CodeIgniter->run()
WARNING - 2024-11-26 00:17:06 --> [DEPRECATED] Creation of dynamic property App\Controllers\Matches::$validation is deprecated in APPPATH/Controllers/BaseController.php on line 57.
 1 SYSTEMPATH/CodeIgniter.php(892): App\Controllers\BaseController->initController(Object(CodeIgniter\HTTP\IncomingRequest), Object(CodeIgniter\HTTP\Response), Object(CodeIgniter\Log\Logger))
 2 SYSTEMPATH/CodeIgniter.php(485): CodeIgniter\CodeIgniter->createController()
 3 SYSTEMPATH/CodeIgniter.php(353): CodeIgniter\CodeIgniter->handleRequest(null, Object(Config\Cache), false)
 4 FCPATH/index.php(79): CodeIgniter\CodeIgniter->run()
WARNING - 2024-11-26 00:17:06 --> [DEPRECATED] Creation of dynamic property App\Controllers\Matches::$validation is deprecated in APPPATH/Controllers/BaseController.php on line 57.
 1 SYSTEMPATH/CodeIgniter.php(892): App\Controllers\BaseController->initController(Object(CodeIgniter\HTTP\IncomingRequest), Object(CodeIgniter\HTTP\Response), Object(CodeIgniter\Log\Logger))
 2 SYSTEMPATH/CodeIgniter.php(485): CodeIgniter\CodeIgniter->createController()
 3 SYSTEMPATH/CodeIgniter.php(353): CodeIgniter\CodeIgniter->handleRequest(null, Object(Config\Cache), false)
 4 FCPATH/index.php(79): CodeIgniter\CodeIgniter->run()
WARNING - 2024-11-26 00:17:06 --> [DEPRECATED] Creation of dynamic property App\Controllers\Matches::$validation is deprecated in APPPATH/Controllers/BaseController.php on line 57.
 1 SYSTEMPATH/CodeIgniter.php(892): App\Controllers\BaseController->initController(Object(CodeIgniter\HTTP\IncomingRequest), Object(CodeIgniter\HTTP\Response), Object(CodeIgniter\Log\Logger))
 2 SYSTEMPATH/CodeIgniter.php(485): CodeIgniter\CodeIgniter->createController()
 3 SYSTEMPATH/CodeIgniter.php(353): CodeIgniter\CodeIgniter->handleRequest(null, Object(Config\Cache), false)
 4 FCPATH/index.php(79): CodeIgniter\CodeIgniter->run()
WARNING - 2024-11-26 00:17:06 --> [DEPRECATED] Creation of dynamic property App\Controllers\Matches::$validation is deprecated in APPPATH/Controllers/BaseController.php on line 57.
 1 SYSTEMPATH/CodeIgniter.php(892): App\Controllers\BaseController->initController(Object(CodeIgniter\HTTP\IncomingRequest), Object(CodeIgniter\HTTP\Response), Object(CodeIgniter\Log\Logger))
 2 SYSTEMPATH/CodeIgniter.php(485): CodeIgniter\CodeIgniter->createController()
 3 SYSTEMPATH/CodeIgniter.php(353): CodeIgniter\CodeIgniter->handleRequest(null, Object(Config\Cache), false)
 4 FCPATH/index.php(79): CodeIgniter\CodeIgniter->run()
WARNING - 2024-11-26 00:17:06 --> [DEPRECATED] Creation of dynamic property App\Controllers\Cron\News::$validation is deprecated in APPPATH/Controllers/BaseController.php on line 57.
 1 SYSTEMPATH/CodeIgniter.php(892): App\Controllers\BaseController->initController(Object(CodeIgniter\HTTP\IncomingRequest), Object(CodeIgniter\HTTP\Response), Object(CodeIgniter\Log\Logger))
 2 SYSTEMPATH/CodeIgniter.php(485): CodeIgniter\CodeIgniter->createController()
 3 SYSTEMPATH/CodeIgniter.php(353): CodeIgniter\CodeIgniter->handleRequest(null, Object(Config\Cache), false)
 4 FCPATH/index.php(79): CodeIgniter\CodeIgniter->run()
WARNING - 2024-11-26 00:17:07 --> [DEPRECATED] Creation of dynamic property App\Controllers\Matches::$validation is deprecated in APPPATH/Controllers/BaseController.php on line 57.
 1 SYSTEMPATH/CodeIgniter.php(892): App\Controllers\BaseController->initController(Object(CodeIgniter\HTTP\IncomingRequest), Object(CodeIgniter\HTTP\Response), Object(CodeIgniter\Log\Logger))
 2 SYSTEMPATH/CodeIgniter.php(485): CodeIgniter\CodeIgniter->createController()
 3 SYSTEMPATH/CodeIgniter.php(353): CodeIgniter\CodeIgniter->handleRequest(null, Object(Config\Cache), false)
 4 FCPATH/index.php(79): CodeIgniter\CodeIgniter->run()
WARNING - 2024-11-26 00:17:11 --> [DEPRECATED] Creation of dynamic property App\Controllers\Matches::$validation is deprecated in APPPATH/Controllers/BaseController.php on line 57.
 1 SYSTEMPATH/CodeIgniter.php(892): App\Controllers\BaseController->initController(Object(CodeIgniter\HTTP\IncomingRequest), Object(CodeIgniter\HTTP\Response), Object(CodeIgniter\Log\Logger))
 2 SYSTEMPATH/CodeIgniter.php(485): CodeIgniter\CodeIgniter->createController()
 3 SYSTEMPATH/CodeIgniter.php(353): CodeIgniter\CodeIgniter->handleRequest(null, Object(Config\Cache), false)
 4 FCPATH/index.php(79): CodeIgniter\CodeIgniter->run()
WARNING - 2024-11-26 00:17:11 --> [DEPRECATED] Creation of dynamic property App\Controllers\Matches::$validation is deprecated in APPPATH/Controllers/BaseController.php on line 57.
 1 SYSTEMPATH/CodeIgniter.php(892): App\Controllers\BaseController->initController(Object(CodeIgniter\HTTP\IncomingRequest), Object(CodeIgniter\HTTP\Response), Object(CodeIgniter\Log\Logger))
 2 SYSTEMPATH/CodeIgniter.php(485): CodeIgniter\CodeIgniter->createController()
 3 SYSTEMPATH/CodeIgniter.php(353): CodeIgniter\CodeIgniter->handleRequest(null, Object(Config\Cache), false)
 4 FCPATH/index.php(79): CodeIgniter\CodeIgniter->run()
WARNING - 2024-11-26 00:17:11 --> [DEPRECATED] Creation of dynamic property App\Controllers\Cron\News::$validation is deprecated in APPPATH/Controllers/BaseController.php on line 57.
 1 SYSTEMPATH/CodeIgniter.php(892): App\Controllers\BaseController->initController(Object(CodeIgniter\HTTP\IncomingRequest), Object(CodeIgniter\HTTP\Response), Object(CodeIgniter\Log\Logger))
 2 SYSTEMPATH/CodeIgniter.php(485): CodeIgniter\CodeIgniter->createController()
 3 SYSTEMPATH/CodeIgniter.php(353): CodeIgniter\CodeIgniter->handleRequest(null, Object(Config\Cache), false)
 4 FCPATH/index.php(79): CodeIgniter\CodeIgniter->run()
WARNING - 2024-11-26 00:17:11 --> [DEPRECATED] Creation of dynamic property App\Controllers\Matches::$validation is deprecated in APPPATH/Controllers/BaseController.php on line 57.
 1 SYSTEMPATH/CodeIgniter.php(892): App\Controllers\BaseController->initController(Object(CodeIgniter\HTTP\IncomingRequest), Object(CodeIgniter\HTTP\Response), Object(CodeIgniter\Log\Logger))
 2 SYSTEMPATH/CodeIgniter.php(485): CodeIgniter\CodeIgniter->createController()
 3 SYSTEMPATH/CodeIgniter.php(353): CodeIgniter\CodeIgniter->handleRequest(null, Object(Config\Cache), false)
 4 FCPATH/index.php(79): CodeIgniter\CodeIgniter->run()
WARNING - 2024-11-26 00:17:11 --> [DEPRECATED] Creation of dynamic property App\Controllers\Matches::$validation is deprecated in APPPATH/Controllers/BaseController.php on line 57.
 1 SYSTEMPATH/CodeIgniter.php(892): App\Controllers\BaseController->initController(Object(CodeIgniter\HTTP\IncomingRequest), Object(CodeIgniter\HTTP\Response), Object(CodeIgniter\Log\Logger))
 2 SYSTEMPATH/CodeIgniter.php(485): CodeIgniter\CodeIgniter->createController()
 3 SYSTEMPATH/CodeIgniter.php(353): CodeIgniter\CodeIgniter->handleRequest(null, Object(Config\Cache), false)
 4 FCPATH/index.php(79): CodeIgniter\CodeIgniter->run()
WARNING - 2024-11-26 00:17:11 --> [DEPRECATED] Creation of dynamic property App\Controllers\Matches::$validation is deprecated in APPPATH/Controllers/BaseController.php on line 57.
 1 SYSTEMPATH/CodeIgniter.php(892): App\Controllers\BaseController->initController(Object(CodeIgniter\HTTP\IncomingRequest), Object(CodeIgniter\HTTP\Response), Object(CodeIgniter\Log\Logger))
 2 SYSTEMPATH/CodeIgniter.php(485): CodeIgniter\CodeIgniter->createController()
 3 SYSTEMPATH/CodeIgniter.php(353): CodeIgniter\CodeIgniter->handleRequest(null, Object(Config\Cache), false)
 4 FCPATH/index.php(79): CodeIgniter\CodeIgniter->run()
WARNING - 2024-11-26 00:17:19 --> [DEPRECATED] Creation of dynamic property App\Controllers\Matches::$validation is deprecated in APPPATH/Controllers/BaseController.php on line 57.
 1 SYSTEMPATH/CodeIgniter.php(892): App\Controllers\BaseController->initController(Object(CodeIgniter\HTTP\IncomingRequest), Object(CodeIgniter\HTTP\Response), Object(CodeIgniter\Log\Logger))
 2 SYSTEMPATH/CodeIgniter.php(485): CodeIgniter\CodeIgniter->createController()
 3 SYSTEMPATH/CodeIgniter.php(353): CodeIgniter\CodeIgniter->handleRequest(null, Object(Config\Cache), false)
 4 FCPATH/index.php(79): CodeIgniter\CodeIgniter->run()
WARNING - 2024-11-26 00:17:19 --> [DEPRECATED] Creation of dynamic property App\Controllers\Matches::$validation is deprecated in APPPATH/Controllers/BaseController.php on line 57.
 1 SYSTEMPATH/CodeIgniter.php(892): App\Controllers\BaseController->initController(Object(CodeIgniter\HTTP\IncomingRequest), Object(CodeIgniter\HTTP\Response), Object(CodeIgniter\Log\Logger))
 2 SYSTEMPATH/CodeIgniter.php(485): CodeIgniter\CodeIgniter->createController()
 3 SYSTEMPATH/CodeIgniter.php(353): CodeIgniter\CodeIgniter->handleRequest(null, Object(Config\Cache), false)
 4 FCPATH/index.php(79): CodeIgniter\CodeIgniter->run()
WARNING - 2024-11-26 00:17:19 --> [DEPRECATED] Creation of dynamic property App\Controllers\Matches::$validation is deprecated in APPPATH/Controllers/BaseController.php on line 57.
 1 SYSTEMPATH/CodeIgniter.php(892): App\Controllers\BaseController->initController(Object(CodeIgniter\HTTP\IncomingRequest), Object(CodeIgniter\HTTP\Response), Object(CodeIgniter\Log\Logger))
 2 SYSTEMPATH/CodeIgniter.php(485): CodeIgniter\CodeIgniter->createController()
 3 SYSTEMPATH/CodeIgniter.php(353): CodeIgniter\CodeIgniter->handleRequest(null, Object(Config\Cache), false)
 4 FCPATH/index.php(79): CodeIgniter\CodeIgniter->run()
WARNING - 2024-11-26 00:17:19 --> [DEPRECATED] Creation of dynamic property App\Controllers\Cron\News::$validation is deprecated in APPPATH/Controllers/BaseController.php on line 57.
 1 SYSTEMPATH/CodeIgniter.php(892): App\Controllers\BaseController->initController(Object(CodeIgniter\HTTP\IncomingRequest), Object(CodeIgniter\HTTP\Response), Object(CodeIgniter\Log\Logger))
 2 SYSTEMPATH/CodeIgniter.php(485): CodeIgniter\CodeIgniter->createController()
 3 SYSTEMPATH/CodeIgniter.php(353): CodeIgniter\CodeIgniter->handleRequest(null, Object(Config\Cache), false)
 4 FCPATH/index.php(79): CodeIgniter\CodeIgniter->run()
WARNING - 2024-11-26 00:17:20 --> [DEPRECATED] Creation of dynamic property App\Controllers\Matches::$validation is deprecated in APPPATH/Controllers/BaseController.php on line 57.
 1 SYSTEMPATH/CodeIgniter.php(892): App\Controllers\BaseController->initController(Object(CodeIgniter\HTTP\IncomingRequest), Object(CodeIgniter\HTTP\Response), Object(CodeIgniter\Log\Logger))
 2 SYSTEMPATH/CodeIgniter.php(485): CodeIgniter\CodeIgniter->createController()
 3 SYSTEMPATH/CodeIgniter.php(353): CodeIgniter\CodeIgniter->handleRequest(null, Object(Config\Cache), false)
 4 FCPATH/index.php(79): CodeIgniter\CodeIgniter->run()
WARNING - 2024-11-26 00:17:20 --> [DEPRECATED] Creation of dynamic property App\Controllers\Matches::$validation is deprecated in APPPATH/Controllers/BaseController.php on line 57.
 1 SYSTEMPATH/CodeIgniter.php(892): App\Controllers\BaseController->initController(Object(CodeIgniter\HTTP\IncomingRequest), Object(CodeIgniter\HTTP\Response), Object(CodeIgniter\Log\Logger))
 2 SYSTEMPATH/CodeIgniter.php(485): CodeIgniter\CodeIgniter->createController()
 3 SYSTEMPATH/CodeIgniter.php(353): CodeIgniter\CodeIgniter->handleRequest(null, Object(Config\Cache), false)
 4 FCPATH/index.php(79): CodeIgniter\CodeIgniter->run()
WARNING - 2024-11-26 00:17:23 --> [DEPRECATED] Creation of dynamic property App\Controllers\Matches::$validation is deprecated in APPPATH/Controllers/BaseController.php on line 57.
 1 SYSTEMPATH/CodeIgniter.php(892): App\Controllers\BaseController->initController(Object(CodeIgniter\HTTP\IncomingRequest), Object(CodeIgniter\HTTP\Response), Object(CodeIgniter\Log\Logger))
 2 SYSTEMPATH/CodeIgniter.php(485): CodeIgniter\CodeIgniter->createController()
 3 SYSTEMPATH/CodeIgniter.php(353): CodeIgniter\CodeIgniter->handleRequest(null, Object(Config\Cache), false)
 4 FCPATH/index.php(79): CodeIgniter\CodeIgniter->run()
WARNING - 2024-11-26 00:17:23 --> [DEPRECATED] Creation of dynamic property App\Controllers\Cron\News::$validation is deprecated in APPPATH/Controllers/BaseController.php on line 57.
 1 SYSTEMPATH/CodeIgniter.php(892): App\Controllers\BaseController->initController(Object(CodeIgniter\HTTP\IncomingRequest), Object(CodeIgniter\HTTP\Response), Object(CodeIgniter\Log\Logger))
 2 SYSTEMPATH/CodeIgniter.php(485): CodeIgniter\CodeIgniter->createController()
 3 SYSTEMPATH/CodeIgniter.php(353): CodeIgniter\CodeIgniter->handleRequest(null, Object(Config\Cache), false)
 4 FCPATH/index.php(79): CodeIgniter\CodeIgniter->run()
WARNING - 2024-11-26 00:17:24 --> [DEPRECATED] Creation of dynamic property App\Controllers\Matches::$validation is deprecated in APPPATH/Controllers/BaseController.php on line 57.
 1 SYSTEMPATH/CodeIgniter.php(892): App\Controllers\BaseController->initController(Object(CodeIgniter\HTTP\IncomingRequest), Object(CodeIgniter\HTTP\Response), Object(CodeIgniter\Log\Logger))
 2 SYSTEMPATH/CodeIgniter.php(485): CodeIgniter\CodeIgniter->createController()
 3 SYSTEMPATH/CodeIgniter.php(353): CodeIgniter\CodeIgniter->handleRequest(null, Object(Config\Cache), false)
 4 FCPATH/index.php(79): CodeIgniter\CodeIgniter->run()
WARNING - 2024-11-26 00:17:24 --> [DEPRECATED] Creation of dynamic property App\Controllers\Matches::$validation is deprecated in APPPATH/Controllers/BaseController.php on line 57.
 1 SYSTEMPATH/CodeIgniter.php(892): App\Controllers\BaseController->initController(Object(CodeIgniter\HTTP\IncomingRequest), Object(CodeIgniter\HTTP\Response), Object(CodeIgniter\Log\Logger))
 2 SYSTEMPATH/CodeIgniter.php(485): CodeIgniter\CodeIgniter->createController()
 3 SYSTEMPATH/CodeIgniter.php(353): CodeIgniter\CodeIgniter->handleRequest(null, Object(Config\Cache), false)
 4 FCPATH/index.php(79): CodeIgniter\CodeIgniter->run()
WARNING - 2024-11-26 00:17:24 --> [DEPRECATED] Creation of dynamic property App\Controllers\Matches::$validation is deprecated in APPPATH/Controllers/BaseController.php on line 57.
 1 SYSTEMPATH/CodeIgniter.php(892): App\Controllers\BaseController->initController(Object(CodeIgniter\HTTP\IncomingRequest), Object(CodeIgniter\HTTP\Response), Object(CodeIgniter\Log\Logger))
 2 SYSTEMPATH/CodeIgniter.php(485): CodeIgniter\CodeIgniter->createController()
 3 SYSTEMPATH/CodeIgniter.php(353): CodeIgniter\CodeIgniter->handleRequest(null, Object(Config\Cache), false)
 4 FCPATH/index.php(79): CodeIgniter\CodeIgniter->run()
WARNING - 2024-11-26 00:17:24 --> [DEPRECATED] Creation of dynamic property App\Controllers\Matches::$validation is deprecated in APPPATH/Controllers/BaseController.php on line 57.
 1 SYSTEMPATH/CodeIgniter.php(892): App\Controllers\BaseController->initController(Object(CodeIgniter\HTTP\IncomingRequest), Object(CodeIgniter\HTTP\Response), Object(CodeIgniter\Log\Logger))
 2 SYSTEMPATH/CodeIgniter.php(485): CodeIgniter\CodeIgniter->createController()
 3 SYSTEMPATH/CodeIgniter.php(353): CodeIgniter\CodeIgniter->handleRequest(null, Object(Config\Cache), false)
 4 FCPATH/index.php(79): CodeIgniter\CodeIgniter->run()
WARNING - 2024-11-26 00:17:26 --> [DEPRECATED] Creation of dynamic property App\Controllers\Matches::$validation is deprecated in APPPATH/Controllers/BaseController.php on line 57.
 1 SYSTEMPATH/CodeIgniter.php(892): App\Controllers\BaseController->initController(Object(CodeIgniter\HTTP\IncomingRequest), Object(CodeIgniter\HTTP\Response), Object(CodeIgniter\Log\Logger))
 2 SYSTEMPATH/CodeIgniter.php(485): CodeIgniter\CodeIgniter->createController()
 3 SYSTEMPATH/CodeIgniter.php(353): CodeIgniter\CodeIgniter->handleRequest(null, Object(Config\Cache), false)
 4 FCPATH/index.php(79): CodeIgniter\CodeIgniter->run()
WARNING - 2024-11-26 00:17:26 --> [DEPRECATED] Creation of dynamic property App\Controllers\Matches::$validation is deprecated in APPPATH/Controllers/BaseController.php on line 57.
 1 SYSTEMPATH/CodeIgniter.php(892): App\Controllers\BaseController->initController(Object(CodeIgniter\HTTP\IncomingRequest), Object(CodeIgniter\HTTP\Response), Object(CodeIgniter\Log\Logger))
 2 SYSTEMPATH/CodeIgniter.php(485): CodeIgniter\CodeIgniter->createController()
 3 SYSTEMPATH/CodeIgniter.php(353): CodeIgniter\CodeIgniter->handleRequest(null, Object(Config\Cache), false)
 4 FCPATH/index.php(79): CodeIgniter\CodeIgniter->run()
WARNING - 2024-11-26 00:17:26 --> [DEPRECATED] Creation of dynamic property App\Controllers\Cron\News::$validation is deprecated in APPPATH/Controllers/BaseController.php on line 57.
 1 SYSTEMPATH/CodeIgniter.php(892): App\Controllers\BaseController->initController(Object(CodeIgniter\HTTP\IncomingRequest), Object(CodeIgniter\HTTP\Response), Object(CodeIgniter\Log\Logger))
 2 SYSTEMPATH/CodeIgniter.php(485): CodeIgniter\CodeIgniter->createController()
 3 SYSTEMPATH/CodeIgniter.php(353): CodeIgniter\CodeIgniter->handleRequest(null, Object(Config\Cache), false)
 4 FCPATH/index.php(79): CodeIgniter\CodeIgniter->run()
WARNING - 2024-11-26 00:17:26 --> [DEPRECATED] Creation of dynamic property App\Controllers\Matches::$validation is deprecated in APPPATH/Controllers/BaseController.php on line 57.
 1 SYSTEMPATH/CodeIgniter.php(892): App\Controllers\BaseController->initController(Object(CodeIgniter\HTTP\IncomingRequest), Object(CodeIgniter\HTTP\Response), Object(CodeIgniter\Log\Logger))
 2 SYSTEMPATH/CodeIgniter.php(485): CodeIgniter\CodeIgniter->createController()
 3 SYSTEMPATH/CodeIgniter.php(353): CodeIgniter\CodeIgniter->handleRequest(null, Object(Config\Cache), false)
 4 FCPATH/index.php(79): CodeIgniter\CodeIgniter->run()
WARNING - 2024-11-26 00:17:26 --> [DEPRECATED] Creation of dynamic property App\Controllers\Matches::$validation is deprecated in APPPATH/Controllers/BaseController.php on line 57.
 1 SYSTEMPATH/CodeIgniter.php(892): App\Controllers\BaseController->initController(Object(CodeIgniter\HTTP\IncomingRequest), Object(CodeIgniter\HTTP\Response), Object(CodeIgniter\Log\Logger))
 2 SYSTEMPATH/CodeIgniter.php(485): CodeIgniter\CodeIgniter->createController()
 3 SYSTEMPATH/CodeIgniter.php(353): CodeIgniter\CodeIgniter->handleRequest(null, Object(Config\Cache), false)
 4 FCPATH/index.php(79): CodeIgniter\CodeIgniter->run()
WARNING - 2024-11-26 00:17:26 --> [DEPRECATED] Creation of dynamic property App\Controllers\Matches::$validation is deprecated in APPPATH/Controllers/BaseController.php on line 57.
 1 SYSTEMPATH/CodeIgniter.php(892): App\Controllers\BaseController->initController(Object(CodeIgniter\HTTP\IncomingRequest), Object(CodeIgniter\HTTP\Response), Object(CodeIgniter\Log\Logger))
 2 SYSTEMPATH/CodeIgniter.php(485): CodeIgniter\CodeIgniter->createController()
 3 SYSTEMPATH/CodeIgniter.php(353): CodeIgniter\CodeIgniter->handleRequest(null, Object(Config\Cache), false)
 4 FCPATH/index.php(79): CodeIgniter\CodeIgniter->run()
WARNING - 2024-11-26 00:17:29 --> [DEPRECATED] Creation of dynamic property App\Controllers\Matches::$validation is deprecated in APPPATH/Controllers/BaseController.php on line 57.
 1 SYSTEMPATH/CodeIgniter.php(892): App\Controllers\BaseController->initController(Object(CodeIgniter\HTTP\IncomingRequest), Object(CodeIgniter\HTTP\Response), Object(CodeIgniter\Log\Logger))
 2 SYSTEMPATH/CodeIgniter.php(485): CodeIgniter\CodeIgniter->createController()
 3 SYSTEMPATH/CodeIgniter.php(353): CodeIgniter\CodeIgniter->handleRequest(null, Object(Config\Cache), false)
 4 FCPATH/index.php(79): CodeIgniter\CodeIgniter->run()
WARNING - 2024-11-26 00:17:29 --> [DEPRECATED] Creation of dynamic property App\Controllers\Cron\News::$validation is deprecated in APPPATH/Controllers/BaseController.php on line 57.
 1 SYSTEMPATH/CodeIgniter.php(892): App\Controllers\BaseController->initController(Object(CodeIgniter\HTTP\IncomingRequest), Object(CodeIgniter\HTTP\Response), Object(CodeIgniter\Log\Logger))
 2 SYSTEMPATH/CodeIgniter.php(485): CodeIgniter\CodeIgniter->createController()
 3 SYSTEMPATH/CodeIgniter.php(353): CodeIgniter\CodeIgniter->handleRequest(null, Object(Config\Cache), false)
 4 FCPATH/index.php(79): CodeIgniter\CodeIgniter->run()
WARNING - 2024-11-26 00:17:29 --> [DEPRECATED] Creation of dynamic property App\Controllers\Matches::$validation is deprecated in APPPATH/Controllers/BaseController.php on line 57.
 1 SYSTEMPATH/CodeIgniter.php(892): App\Controllers\BaseController->initController(Object(CodeIgniter\HTTP\IncomingRequest), Object(CodeIgniter\HTTP\Response), Object(CodeIgniter\Log\Logger))
 2 SYSTEMPATH/CodeIgniter.php(485): CodeIgniter\CodeIgniter->createController()
 3 SYSTEMPATH/CodeIgniter.php(353): CodeIgniter\CodeIgniter->handleRequest(null, Object(Config\Cache), false)
 4 FCPATH/index.php(79): CodeIgniter\CodeIgniter->run()
WARNING - 2024-11-26 00:17:29 --> [DEPRECATED] Creation of dynamic property App\Controllers\Matches::$validation is deprecated in APPPATH/Controllers/BaseController.php on line 57.
 1 SYSTEMPATH/CodeIgniter.php(892): App\Controllers\BaseController->initController(Object(CodeIgniter\HTTP\IncomingRequest), Object(CodeIgniter\HTTP\Response), Object(CodeIgniter\Log\Logger))
 2 SYSTEMPATH/CodeIgniter.php(485): CodeIgniter\CodeIgniter->createController()
 3 SYSTEMPATH/CodeIgniter.php(353): CodeIgniter\CodeIgniter->handleRequest(null, Object(Config\Cache), false)
 4 FCPATH/index.php(79): CodeIgniter\CodeIgniter->run()
WARNING - 2024-11-26 00:17:29 --> [DEPRECATED] Creation of dynamic property App\Controllers\Matches::$validation is deprecated in APPPATH/Controllers/BaseController.php on line 57.
 1 SYSTEMPATH/CodeIgniter.php(892): App\Controllers\BaseController->initController(Object(CodeIgniter\HTTP\IncomingRequest), Object(CodeIgniter\HTTP\Response), Object(CodeIgniter\Log\Logger))
 2 SYSTEMPATH/CodeIgniter.php(485): CodeIgniter\CodeIgniter->createController()
 3 SYSTEMPATH/CodeIgniter.php(353): CodeIgniter\CodeIgniter->handleRequest(null, Object(Config\Cache), false)
 4 FCPATH/index.php(79): CodeIgniter\CodeIgniter->run()
WARNING - 2024-11-26 00:17:29 --> [DEPRECATED] Creation of dynamic property App\Controllers\Matches::$validation is deprecated in APPPATH/Controllers/BaseController.php on line 57.
 1 SYSTEMPATH/CodeIgniter.php(892): App\Controllers\BaseController->initController(Object(CodeIgniter\HTTP\IncomingRequest), Object(CodeIgniter\HTTP\Response), Object(CodeIgniter\Log\Logger))
 2 SYSTEMPATH/CodeIgniter.php(485): CodeIgniter\CodeIgniter->createController()
 3 SYSTEMPATH/CodeIgniter.php(353): CodeIgniter\CodeIgniter->handleRequest(null, Object(Config\Cache), false)
 4 FCPATH/index.php(79): CodeIgniter\CodeIgniter->run()
WARNING - 2024-11-26 00:20:32 --> [DEPRECATED] Creation of dynamic property App\Controllers\Matches::$validation is deprecated in APPPATH/Controllers/BaseController.php on line 57.
 1 SYSTEMPATH/CodeIgniter.php(892): App\Controllers\BaseController->initController(Object(CodeIgniter\HTTP\IncomingRequest), Object(CodeIgniter\HTTP\Response), Object(CodeIgniter\Log\Logger))
 2 SYSTEMPATH/CodeIgniter.php(485): CodeIgniter\CodeIgniter->createController()
 3 SYSTEMPATH/CodeIgniter.php(353): CodeIgniter\CodeIgniter->handleRequest(null, Object(Config\Cache), false)
 4 FCPATH/index.php(79): CodeIgniter\CodeIgniter->run()
WARNING - 2024-11-26 00:20:32 --> [DEPRECATED] Creation of dynamic property App\Controllers\Cron\News::$validation is deprecated in APPPATH/Controllers/BaseController.php on line 57.
 1 SYSTEMPATH/CodeIgniter.php(892): App\Controllers\BaseController->initController(Object(CodeIgniter\HTTP\IncomingRequest), Object(CodeIgniter\HTTP\Response), Object(CodeIgniter\Log\Logger))
 2 SYSTEMPATH/CodeIgniter.php(485): CodeIgniter\CodeIgniter->createController()
 3 SYSTEMPATH/CodeIgniter.php(353): CodeIgniter\CodeIgniter->handleRequest(null, Object(Config\Cache), false)
 4 FCPATH/index.php(79): CodeIgniter\CodeIgniter->run()
WARNING - 2024-11-26 00:20:32 --> [DEPRECATED] Creation of dynamic property App\Controllers\Matches::$validation is deprecated in APPPATH/Controllers/BaseController.php on line 57.
 1 SYSTEMPATH/CodeIgniter.php(892): App\Controllers\BaseController->initController(Object(CodeIgniter\HTTP\IncomingRequest), Object(CodeIgniter\HTTP\Response), Object(CodeIgniter\Log\Logger))
 2 SYSTEMPATH/CodeIgniter.php(485): CodeIgniter\CodeIgniter->createController()
 3 SYSTEMPATH/CodeIgniter.php(353): CodeIgniter\CodeIgniter->handleRequest(null, Object(Config\Cache), false)
 4 FCPATH/index.php(79): CodeIgniter\CodeIgniter->run()
WARNING - 2024-11-26 00:20:32 --> [DEPRECATED] Creation of dynamic property App\Controllers\Matches::$validation is deprecated in APPPATH/Controllers/BaseController.php on line 57.
 1 SYSTEMPATH/CodeIgniter.php(892): App\Controllers\BaseController->initController(Object(CodeIgniter\HTTP\IncomingRequest), Object(CodeIgniter\HTTP\Response), Object(CodeIgniter\Log\Logger))
 2 SYSTEMPATH/CodeIgniter.php(485): CodeIgniter\CodeIgniter->createController()
 3 SYSTEMPATH/CodeIgniter.php(353): CodeIgniter\CodeIgniter->handleRequest(null, Object(Config\Cache), false)
 4 FCPATH/index.php(79): CodeIgniter\CodeIgniter->run()
WARNING - 2024-11-26 00:20:33 --> [DEPRECATED] Creation of dynamic property App\Controllers\Matches::$validation is deprecated in APPPATH/Controllers/BaseController.php on line 57.
 1 SYSTEMPATH/CodeIgniter.php(892): App\Controllers\BaseController->initController(Object(CodeIgniter\HTTP\IncomingRequest), Object(CodeIgniter\HTTP\Response), Object(CodeIgniter\Log\Logger))
 2 SYSTEMPATH/CodeIgniter.php(485): CodeIgniter\CodeIgniter->createController()
 3 SYSTEMPATH/CodeIgniter.php(353): CodeIgniter\CodeIgniter->handleRequest(null, Object(Config\Cache), false)
 4 FCPATH/index.php(79): CodeIgniter\CodeIgniter->run()
WARNING - 2024-11-26 00:20:33 --> [DEPRECATED] Creation of dynamic property App\Controllers\Matches::$validation is deprecated in APPPATH/Controllers/BaseController.php on line 57.
 1 SYSTEMPATH/CodeIgniter.php(892): App\Controllers\BaseController->initController(Object(CodeIgniter\HTTP\IncomingRequest), Object(CodeIgniter\HTTP\Response), Object(CodeIgniter\Log\Logger))
 2 SYSTEMPATH/CodeIgniter.php(485): CodeIgniter\CodeIgniter->createController()
 3 SYSTEMPATH/CodeIgniter.php(353): CodeIgniter\CodeIgniter->handleRequest(null, Object(Config\Cache), false)
 4 FCPATH/index.php(79): CodeIgniter\CodeIgniter->run()
WARNING - 2024-11-26 00:20:33 --> [DEPRECATED] Creation of dynamic property App\Controllers\Matches::$validation is deprecated in APPPATH/Controllers/BaseController.php on line 57.
 1 SYSTEMPATH/CodeIgniter.php(892): App\Controllers\BaseController->initController(Object(CodeIgniter\HTTP\IncomingRequest), Object(CodeIgniter\HTTP\Response), Object(CodeIgniter\Log\Logger))
 2 SYSTEMPATH/CodeIgniter.php(485): CodeIgniter\CodeIgniter->createController()
 3 SYSTEMPATH/CodeIgniter.php(353): CodeIgniter\CodeIgniter->handleRequest(null, Object(Config\Cache), false)
 4 FCPATH/index.php(79): CodeIgniter\CodeIgniter->run()
WARNING - 2024-11-26 00:20:33 --> [DEPRECATED] Creation of dynamic property App\Controllers\Cron\News::$validation is deprecated in APPPATH/Controllers/BaseController.php on line 57.
 1 SYSTEMPATH/CodeIgniter.php(892): App\Controllers\BaseController->initController(Object(CodeIgniter\HTTP\IncomingRequest), Object(CodeIgniter\HTTP\Response), Object(CodeIgniter\Log\Logger))
 2 SYSTEMPATH/CodeIgniter.php(485): CodeIgniter\CodeIgniter->createController()
 3 SYSTEMPATH/CodeIgniter.php(353): CodeIgniter\CodeIgniter->handleRequest(null, Object(Config\Cache), false)
 4 FCPATH/index.php(79): CodeIgniter\CodeIgniter->run()
WARNING - 2024-11-26 00:20:33 --> [DEPRECATED] Creation of dynamic property App\Controllers\Matches::$validation is deprecated in APPPATH/Controllers/BaseController.php on line 57.
 1 SYSTEMPATH/CodeIgniter.php(892): App\Controllers\BaseController->initController(Object(CodeIgniter\HTTP\IncomingRequest), Object(CodeIgniter\HTTP\Response), Object(CodeIgniter\Log\Logger))
 2 SYSTEMPATH/CodeIgniter.php(485): CodeIgniter\CodeIgniter->createController()
 3 SYSTEMPATH/CodeIgniter.php(353): CodeIgniter\CodeIgniter->handleRequest(null, Object(Config\Cache), false)
 4 FCPATH/index.php(79): CodeIgniter\CodeIgniter->run()
WARNING - 2024-11-26 00:20:33 --> [DEPRECATED] Creation of dynamic property App\Controllers\Matches::$validation is deprecated in APPPATH/Controllers/BaseController.php on line 57.
 1 SYSTEMPATH/CodeIgniter.php(892): App\Controllers\BaseController->initController(Object(CodeIgniter\HTTP\IncomingRequest), Object(CodeIgniter\HTTP\Response), Object(CodeIgniter\Log\Logger))
 2 SYSTEMPATH/CodeIgniter.php(485): CodeIgniter\CodeIgniter->createController()
 3 SYSTEMPATH/CodeIgniter.php(353): CodeIgniter\CodeIgniter->handleRequest(null, Object(Config\Cache), false)
 4 FCPATH/index.php(79): CodeIgniter\CodeIgniter->run()
WARNING - 2024-11-26 00:20:34 --> [DEPRECATED] Creation of dynamic property App\Controllers\Matches::$validation is deprecated in APPPATH/Controllers/BaseController.php on line 57.
 1 SYSTEMPATH/CodeIgniter.php(892): App\Controllers\BaseController->initController(Object(CodeIgniter\HTTP\IncomingRequest), Object(CodeIgniter\HTTP\Response), Object(CodeIgniter\Log\Logger))
 2 SYSTEMPATH/CodeIgniter.php(485): CodeIgniter\CodeIgniter->createController()
 3 SYSTEMPATH/CodeIgniter.php(353): CodeIgniter\CodeIgniter->handleRequest(null, Object(Config\Cache), false)
 4 FCPATH/index.php(79): CodeIgniter\CodeIgniter->run()
WARNING - 2024-11-26 00:20:34 --> [DEPRECATED] Creation of dynamic property App\Controllers\Matches::$validation is deprecated in APPPATH/Controllers/BaseController.php on line 57.
 1 SYSTEMPATH/CodeIgniter.php(892): App\Controllers\BaseController->initController(Object(CodeIgniter\HTTP\IncomingRequest), Object(CodeIgniter\HTTP\Response), Object(CodeIgniter\Log\Logger))
 2 SYSTEMPATH/CodeIgniter.php(485): CodeIgniter\CodeIgniter->createController()
 3 SYSTEMPATH/CodeIgniter.php(353): CodeIgniter\CodeIgniter->handleRequest(null, Object(Config\Cache), false)
 4 FCPATH/index.php(79): CodeIgniter\CodeIgniter->run()
WARNING - 2024-11-26 00:20:34 --> [DEPRECATED] Creation of dynamic property App\Controllers\Cron\News::$validation is deprecated in APPPATH/Controllers/BaseController.php on line 57.
 1 SYSTEMPATH/CodeIgniter.php(892): App\Controllers\BaseController->initController(Object(CodeIgniter\HTTP\IncomingRequest), Object(CodeIgniter\HTTP\Response), Object(CodeIgniter\Log\Logger))
 2 SYSTEMPATH/CodeIgniter.php(485): CodeIgniter\CodeIgniter->createController()
 3 SYSTEMPATH/CodeIgniter.php(353): CodeIgniter\CodeIgniter->handleRequest(null, Object(Config\Cache), false)
 4 FCPATH/index.php(79): CodeIgniter\CodeIgniter->run()
WARNING - 2024-11-26 00:20:34 --> [DEPRECATED] Creation of dynamic property App\Controllers\Matches::$validation is deprecated in APPPATH/Controllers/BaseController.php on line 57.
 1 SYSTEMPATH/CodeIgniter.php(892): App\Controllers\BaseController->initController(Object(CodeIgniter\HTTP\IncomingRequest), Object(CodeIgniter\HTTP\Response), Object(CodeIgniter\Log\Logger))
 2 SYSTEMPATH/CodeIgniter.php(485): CodeIgniter\CodeIgniter->createController()
 3 SYSTEMPATH/CodeIgniter.php(353): CodeIgniter\CodeIgniter->handleRequest(null, Object(Config\Cache), false)
 4 FCPATH/index.php(79): CodeIgniter\CodeIgniter->run()
WARNING - 2024-11-26 00:20:35 --> [DEPRECATED] Creation of dynamic property App\Controllers\Matches::$validation is deprecated in APPPATH/Controllers/BaseController.php on line 57.
 1 SYSTEMPATH/CodeIgniter.php(892): App\Controllers\BaseController->initController(Object(CodeIgniter\HTTP\IncomingRequest), Object(CodeIgniter\HTTP\Response), Object(CodeIgniter\Log\Logger))
 2 SYSTEMPATH/CodeIgniter.php(485): CodeIgniter\CodeIgniter->createController()
 3 SYSTEMPATH/CodeIgniter.php(353): CodeIgniter\CodeIgniter->handleRequest(null, Object(Config\Cache), false)
 4 FCPATH/index.php(79): CodeIgniter\CodeIgniter->run()
WARNING - 2024-11-26 00:20:35 --> [DEPRECATED] Creation of dynamic property App\Controllers\Matches::$validation is deprecated in APPPATH/Controllers/BaseController.php on line 57.
 1 SYSTEMPATH/CodeIgniter.php(892): App\Controllers\BaseController->initController(Object(CodeIgniter\HTTP\IncomingRequest), Object(CodeIgniter\HTTP\Response), Object(CodeIgniter\Log\Logger))
 2 SYSTEMPATH/CodeIgniter.php(485): CodeIgniter\CodeIgniter->createController()
 3 SYSTEMPATH/CodeIgniter.php(353): CodeIgniter\CodeIgniter->handleRequest(null, Object(Config\Cache), false)
 4 FCPATH/index.php(79): CodeIgniter\CodeIgniter->run()
WARNING - 2024-11-26 00:20:35 --> [DEPRECATED] Creation of dynamic property App\Controllers\Matches::$validation is deprecated in APPPATH/Controllers/BaseController.php on line 57.
 1 SYSTEMPATH/CodeIgniter.php(892): App\Controllers\BaseController->initController(Object(CodeIgniter\HTTP\IncomingRequest), Object(CodeIgniter\HTTP\Response), Object(CodeIgniter\Log\Logger))
 2 SYSTEMPATH/CodeIgniter.php(485): CodeIgniter\CodeIgniter->createController()
 3 SYSTEMPATH/CodeIgniter.php(353): CodeIgniter\CodeIgniter->handleRequest(null, Object(Config\Cache), false)
 4 FCPATH/index.php(79): CodeIgniter\CodeIgniter->run()
WARNING - 2024-11-26 00:20:36 --> [DEPRECATED] Creation of dynamic property App\Controllers\Matches::$validation is deprecated in APPPATH/Controllers/BaseController.php on line 57.
 1 SYSTEMPATH/CodeIgniter.php(892): App\Controllers\BaseController->initController(Object(CodeIgniter\HTTP\IncomingRequest), Object(CodeIgniter\HTTP\Response), Object(CodeIgniter\Log\Logger))
 2 SYSTEMPATH/CodeIgniter.php(485): CodeIgniter\CodeIgniter->createController()
 3 SYSTEMPATH/CodeIgniter.php(353): CodeIgniter\CodeIgniter->handleRequest(null, Object(Config\Cache), false)
 4 FCPATH/index.php(79): CodeIgniter\CodeIgniter->run()
WARNING - 2024-11-26 00:23:41 --> [DEPRECATED] Creation of dynamic property App\Controllers\Matches::$validation is deprecated in APPPATH/Controllers/BaseController.php on line 57.
 1 SYSTEMPATH/CodeIgniter.php(892): App\Controllers\BaseController->initController(Object(CodeIgniter\HTTP\IncomingRequest), Object(CodeIgniter\HTTP\Response), Object(CodeIgniter\Log\Logger))
 2 SYSTEMPATH/CodeIgniter.php(485): CodeIgniter\CodeIgniter->createController()
 3 SYSTEMPATH/CodeIgniter.php(353): CodeIgniter\CodeIgniter->handleRequest(null, Object(Config\Cache), false)
 4 FCPATH/index.php(79): CodeIgniter\CodeIgniter->run()
WARNING - 2024-11-26 00:23:41 --> [DEPRECATED] Creation of dynamic property App\Controllers\Matches::$validation is deprecated in APPPATH/Controllers/BaseController.php on line 57.
 1 SYSTEMPATH/CodeIgniter.php(892): App\Controllers\BaseController->initController(Object(CodeIgniter\HTTP\IncomingRequest), Object(CodeIgniter\HTTP\Response), Object(CodeIgniter\Log\Logger))
 2 SYSTEMPATH/CodeIgniter.php(485): CodeIgniter\CodeIgniter->createController()
 3 SYSTEMPATH/CodeIgniter.php(353): CodeIgniter\CodeIgniter->handleRequest(null, Object(Config\Cache), false)
 4 FCPATH/index.php(79): CodeIgniter\CodeIgniter->run()
WARNING - 2024-11-26 00:23:42 --> [DEPRECATED] Creation of dynamic property App\Controllers\Cron\News::$validation is deprecated in APPPATH/Controllers/BaseController.php on line 57.
 1 SYSTEMPATH/CodeIgniter.php(892): App\Controllers\BaseController->initController(Object(CodeIgniter\HTTP\IncomingRequest), Object(CodeIgniter\HTTP\Response), Object(CodeIgniter\Log\Logger))
 2 SYSTEMPATH/CodeIgniter.php(485): CodeIgniter\CodeIgniter->createController()
 3 SYSTEMPATH/CodeIgniter.php(353): CodeIgniter\CodeIgniter->handleRequest(null, Object(Config\Cache), false)
 4 FCPATH/index.php(79): CodeIgniter\CodeIgniter->run()
WARNING - 2024-11-26 00:23:42 --> [DEPRECATED] Creation of dynamic property App\Controllers\Matches::$validation is deprecated in APPPATH/Controllers/BaseController.php on line 57.
 1 SYSTEMPATH/CodeIgniter.php(892): App\Controllers\BaseController->initController(Object(CodeIgniter\HTTP\IncomingRequest), Object(CodeIgniter\HTTP\Response), Object(CodeIgniter\Log\Logger))
 2 SYSTEMPATH/CodeIgniter.php(485): CodeIgniter\CodeIgniter->createController()
 3 SYSTEMPATH/CodeIgniter.php(353): CodeIgniter\CodeIgniter->handleRequest(null, Object(Config\Cache), false)
 4 FCPATH/index.php(79): CodeIgniter\CodeIgniter->run()
WARNING - 2024-11-26 00:23:42 --> [DEPRECATED] Creation of dynamic property App\Controllers\Matches::$validation is deprecated in APPPATH/Controllers/BaseController.php on line 57.
 1 SYSTEMPATH/CodeIgniter.php(892): App\Controllers\BaseController->initController(Object(CodeIgniter\HTTP\IncomingRequest), Object(CodeIgniter\HTTP\Response), Object(CodeIgniter\Log\Logger))
 2 SYSTEMPATH/CodeIgniter.php(485): CodeIgniter\CodeIgniter->createController()
 3 SYSTEMPATH/CodeIgniter.php(353): CodeIgniter\CodeIgniter->handleRequest(null, Object(Config\Cache), false)
 4 FCPATH/index.php(79): CodeIgniter\CodeIgniter->run()
WARNING - 2024-11-26 00:23:43 --> [DEPRECATED] Creation of dynamic property App\Controllers\Matches::$validation is deprecated in APPPATH/Controllers/BaseController.php on line 57.
 1 SYSTEMPATH/CodeIgniter.php(892): App\Controllers\BaseController->initController(Object(CodeIgniter\HTTP\IncomingRequest), Object(CodeIgniter\HTTP\Response), Object(CodeIgniter\Log\Logger))
 2 SYSTEMPATH/CodeIgniter.php(485): CodeIgniter\CodeIgniter->createController()
 3 SYSTEMPATH/CodeIgniter.php(353): CodeIgniter\CodeIgniter->handleRequest(null, Object(Config\Cache), false)
 4 FCPATH/index.php(79): CodeIgniter\CodeIgniter->run()
WARNING - 2024-11-26 00:23:45 --> [DEPRECATED] Creation of dynamic property App\Controllers\Matches::$validation is deprecated in APPPATH/Controllers/BaseController.php on line 57.
 1 SYSTEMPATH/CodeIgniter.php(892): App\Controllers\BaseController->initController(Object(CodeIgniter\HTTP\IncomingRequest), Object(CodeIgniter\HTTP\Response), Object(CodeIgniter\Log\Logger))
 2 SYSTEMPATH/CodeIgniter.php(485): CodeIgniter\CodeIgniter->createController()
 3 SYSTEMPATH/CodeIgniter.php(353): CodeIgniter\CodeIgniter->handleRequest(null, Object(Config\Cache), false)
 4 FCPATH/index.php(79): CodeIgniter\CodeIgniter->run()
WARNING - 2024-11-26 00:25:34 --> [DEPRECATED] Creation of dynamic property App\Controllers\Matches::$validation is deprecated in APPPATH/Controllers/BaseController.php on line 57.
 1 SYSTEMPATH/CodeIgniter.php(892): App\Controllers\BaseController->initController(Object(CodeIgniter\HTTP\IncomingRequest), Object(CodeIgniter\HTTP\Response), Object(CodeIgniter\Log\Logger))
 2 SYSTEMPATH/CodeIgniter.php(485): CodeIgniter\CodeIgniter->createController()
 3 SYSTEMPATH/CodeIgniter.php(353): CodeIgniter\CodeIgniter->handleRequest(null, Object(Config\Cache), false)
 4 FCPATH/index.php(79): CodeIgniter\CodeIgniter->run()
WARNING - 2024-11-26 00:25:34 --> [DEPRECATED] Creation of dynamic property App\Controllers\Matches::$validation is deprecated in APPPATH/Controllers/BaseController.php on line 57.
 1 SYSTEMPATH/CodeIgniter.php(892): App\Controllers\BaseController->initController(Object(CodeIgniter\HTTP\IncomingRequest), Object(CodeIgniter\HTTP\Response), Object(CodeIgniter\Log\Logger))
 2 SYSTEMPATH/CodeIgniter.php(485): CodeIgniter\CodeIgniter->createController()
 3 SYSTEMPATH/CodeIgniter.php(353): CodeIgniter\CodeIgniter->handleRequest(null, Object(Config\Cache), false)
 4 FCPATH/index.php(79): CodeIgniter\CodeIgniter->run()
WARNING - 2024-11-26 00:25:34 --> [DEPRECATED] Creation of dynamic property App\Controllers\Cron\News::$validation is deprecated in APPPATH/Controllers/BaseController.php on line 57.
 1 SYSTEMPATH/CodeIgniter.php(892): App\Controllers\BaseController->initController(Object(CodeIgniter\HTTP\IncomingRequest), Object(CodeIgniter\HTTP\Response), Object(CodeIgniter\Log\Logger))
 2 SYSTEMPATH/CodeIgniter.php(485): CodeIgniter\CodeIgniter->createController()
 3 SYSTEMPATH/CodeIgniter.php(353): CodeIgniter\CodeIgniter->handleRequest(null, Object(Config\Cache), false)
 4 FCPATH/index.php(79): CodeIgniter\CodeIgniter->run()
WARNING - 2024-11-26 00:25:34 --> [DEPRECATED] Creation of dynamic property App\Controllers\Matches::$validation is deprecated in APPPATH/Controllers/BaseController.php on line 57.
 1 SYSTEMPATH/CodeIgniter.php(892): App\Controllers\BaseController->initController(Object(CodeIgniter\HTTP\IncomingRequest), Object(CodeIgniter\HTTP\Response), Object(CodeIgniter\Log\Logger))
 2 SYSTEMPATH/CodeIgniter.php(485): CodeIgniter\CodeIgniter->createController()
 3 SYSTEMPATH/CodeIgniter.php(353): CodeIgniter\CodeIgniter->handleRequest(null, Object(Config\Cache), false)
 4 FCPATH/index.php(79): CodeIgniter\CodeIgniter->run()
WARNING - 2024-11-26 00:25:35 --> [DEPRECATED] Creation of dynamic property App\Controllers\Matches::$validation is deprecated in APPPATH/Controllers/BaseController.php on line 57.
 1 SYSTEMPATH/CodeIgniter.php(892): App\Controllers\BaseController->initController(Object(CodeIgniter\HTTP\IncomingRequest), Object(CodeIgniter\HTTP\Response), Object(CodeIgniter\Log\Logger))
 2 SYSTEMPATH/CodeIgniter.php(485): CodeIgniter\CodeIgniter->createController()
 3 SYSTEMPATH/CodeIgniter.php(353): CodeIgniter\CodeIgniter->handleRequest(null, Object(Config\Cache), false)
 4 FCPATH/index.php(79): CodeIgniter\CodeIgniter->run()
WARNING - 2024-11-26 00:25:35 --> [DEPRECATED] Creation of dynamic property App\Controllers\Matches::$validation is deprecated in APPPATH/Controllers/BaseController.php on line 57.
 1 SYSTEMPATH/CodeIgniter.php(892): App\Controllers\BaseController->initController(Object(CodeIgniter\HTTP\IncomingRequest), Object(CodeIgniter\HTTP\Response), Object(CodeIgniter\Log\Logger))
 2 SYSTEMPATH/CodeIgniter.php(485): CodeIgniter\CodeIgniter->createController()
 3 SYSTEMPATH/CodeIgniter.php(353): CodeIgniter\CodeIgniter->handleRequest(null, Object(Config\Cache), false)
 4 FCPATH/index.php(79): CodeIgniter\CodeIgniter->run()
WARNING - 2024-11-26 00:25:37 --> [DEPRECATED] Creation of dynamic property App\Controllers\Matches::$validation is deprecated in APPPATH/Controllers/BaseController.php on line 57.
 1 SYSTEMPATH/CodeIgniter.php(892): App\Controllers\BaseController->initController(Object(CodeIgniter\HTTP\IncomingRequest), Object(CodeIgniter\HTTP\Response), Object(CodeIgniter\Log\Logger))
 2 SYSTEMPATH/CodeIgniter.php(485): CodeIgniter\CodeIgniter->createController()
 3 SYSTEMPATH/CodeIgniter.php(353): CodeIgniter\CodeIgniter->handleRequest(null, Object(Config\Cache), false)
 4 FCPATH/index.php(79): CodeIgniter\CodeIgniter->run()
WARNING - 2024-11-26 00:30:32 --> [DEPRECATED] Creation of dynamic property App\Controllers\Cron\Matches::$validation is deprecated in APPPATH/Controllers/BaseController.php on line 57.
 1 SYSTEMPATH/CodeIgniter.php(892): App\Controllers\BaseController->initController(Object(CodeIgniter\HTTP\IncomingRequest), Object(CodeIgniter\HTTP\Response), Object(CodeIgniter\Log\Logger))
 2 SYSTEMPATH/CodeIgniter.php(485): CodeIgniter\CodeIgniter->createController()
 3 SYSTEMPATH/CodeIgniter.php(353): CodeIgniter\CodeIgniter->handleRequest(null, Object(Config\Cache), false)
 4 FCPATH/index.php(79): CodeIgniter\CodeIgniter->run()
WARNING - 2024-11-26 00:30:32 --> [DEPRECATED] Creation of dynamic property App\Controllers\Cron\Players::$validation is deprecated in APPPATH/Controllers/BaseController.php on line 57.
 1 SYSTEMPATH/CodeIgniter.php(892): App\Controllers\BaseController->initController(Object(CodeIgniter\HTTP\IncomingRequest), Object(CodeIgniter\HTTP\Response), Object(CodeIgniter\Log\Logger))
 2 SYSTEMPATH/CodeIgniter.php(485): CodeIgniter\CodeIgniter->createController()
 3 SYSTEMPATH/CodeIgniter.php(353): CodeIgniter\CodeIgniter->handleRequest(null, Object(Config\Cache), false)
 4 FCPATH/index.php(79): CodeIgniter\CodeIgniter->run()
WARNING - 2024-11-26 00:30:32 --> [DEPRECATED] Creation of dynamic property App\Models\UserModel::$userBankAccoTbl is deprecated in APPPATH/Models/UserModel.php on line 18.
 1 APPPATH/Controllers/Cron/Players.php(34): App\Models\UserModel->__construct()
 2 SYSTEMPATH/CodeIgniter.php(919): App\Controllers\Cron\Players->getMatchPlayers()
 3 SYSTEMPATH/CodeIgniter.php(494): CodeIgniter\CodeIgniter->runController(Object(App\Controllers\Cron\Players))
 4 SYSTEMPATH/CodeIgniter.php(353): CodeIgniter\CodeIgniter->handleRequest(null, Object(Config\Cache), false)
 5 FCPATH/index.php(79): CodeIgniter\CodeIgniter->run()
WARNING - 2024-11-26 00:38:22 --> [DEPRECATED] Creation of dynamic property App\Controllers\Matches::$validation is deprecated in APPPATH/Controllers/BaseController.php on line 57.
 1 SYSTEMPATH/CodeIgniter.php(892): App\Controllers\BaseController->initController(Object(CodeIgniter\HTTP\IncomingRequest), Object(CodeIgniter\HTTP\Response), Object(CodeIgniter\Log\Logger))
 2 SYSTEMPATH/CodeIgniter.php(485): CodeIgniter\CodeIgniter->createController()
 3 SYSTEMPATH/CodeIgniter.php(353): CodeIgniter\CodeIgniter->handleRequest(null, Object(Config\Cache), false)
 4 FCPATH/index.php(79): CodeIgniter\CodeIgniter->run()
WARNING - 2024-11-26 00:38:22 --> [DEPRECATED] Creation of dynamic property App\Controllers\Matches::$validation is deprecated in APPPATH/Controllers/BaseController.php on line 57.
 1 SYSTEMPATH/CodeIgniter.php(892): App\Controllers\BaseController->initController(Object(CodeIgniter\HTTP\IncomingRequest), Object(CodeIgniter\HTTP\Response), Object(CodeIgniter\Log\Logger))
 2 SYSTEMPATH/CodeIgniter.php(485): CodeIgniter\CodeIgniter->createController()
 3 SYSTEMPATH/CodeIgniter.php(353): CodeIgniter\CodeIgniter->handleRequest(null, Object(Config\Cache), false)
 4 FCPATH/index.php(79): CodeIgniter\CodeIgniter->run()
WARNING - 2024-11-26 00:38:22 --> [DEPRECATED] Creation of dynamic property App\Controllers\Matches::$validation is deprecated in APPPATH/Controllers/BaseController.php on line 57.
 1 SYSTEMPATH/CodeIgniter.php(892): App\Controllers\BaseController->initController(Object(CodeIgniter\HTTP\IncomingRequest), Object(CodeIgniter\HTTP\Response), Object(CodeIgniter\Log\Logger))
 2 SYSTEMPATH/CodeIgniter.php(485): CodeIgniter\CodeIgniter->createController()
 3 SYSTEMPATH/CodeIgniter.php(353): CodeIgniter\CodeIgniter->handleRequest(null, Object(Config\Cache), false)
 4 FCPATH/index.php(79): CodeIgniter\CodeIgniter->run()
WARNING - 2024-11-26 00:38:22 --> [DEPRECATED] Creation of dynamic property App\Controllers\Cron\News::$validation is deprecated in APPPATH/Controllers/BaseController.php on line 57.
 1 SYSTEMPATH/CodeIgniter.php(892): App\Controllers\BaseController->initController(Object(CodeIgniter\HTTP\IncomingRequest), Object(CodeIgniter\HTTP\Response), Object(CodeIgniter\Log\Logger))
 2 SYSTEMPATH/CodeIgniter.php(485): CodeIgniter\CodeIgniter->createController()
 3 SYSTEMPATH/CodeIgniter.php(353): CodeIgniter\CodeIgniter->handleRequest(null, Object(Config\Cache), false)
 4 FCPATH/index.php(79): CodeIgniter\CodeIgniter->run()
WARNING - 2024-11-26 00:38:24 --> [DEPRECATED] Creation of dynamic property App\Controllers\Matches::$validation is deprecated in APPPATH/Controllers/BaseController.php on line 57.
 1 SYSTEMPATH/CodeIgniter.php(892): App\Controllers\BaseController->initController(Object(CodeIgniter\HTTP\IncomingRequest), Object(CodeIgniter\HTTP\Response), Object(CodeIgniter\Log\Logger))
 2 SYSTEMPATH/CodeIgniter.php(485): CodeIgniter\CodeIgniter->createController()
 3 SYSTEMPATH/CodeIgniter.php(353): CodeIgniter\CodeIgniter->handleRequest(null, Object(Config\Cache), false)
 4 FCPATH/index.php(79): CodeIgniter\CodeIgniter->run()
WARNING - 2024-11-26 00:38:24 --> [DEPRECATED] Creation of dynamic property App\Controllers\Matches::$validation is deprecated in APPPATH/Controllers/BaseController.php on line 57.
 1 SYSTEMPATH/CodeIgniter.php(892): App\Controllers\BaseController->initController(Object(CodeIgniter\HTTP\IncomingRequest), Object(CodeIgniter\HTTP\Response), Object(CodeIgniter\Log\Logger))
 2 SYSTEMPATH/CodeIgniter.php(485): CodeIgniter\CodeIgniter->createController()
 3 SYSTEMPATH/CodeIgniter.php(353): CodeIgniter\CodeIgniter->handleRequest(null, Object(Config\Cache), false)
 4 FCPATH/index.php(79): CodeIgniter\CodeIgniter->run()
WARNING - 2024-11-26 00:38:26 --> [DEPRECATED] Creation of dynamic property App\Controllers\Matches::$validation is deprecated in APPPATH/Controllers/BaseController.php on line 57.
 1 SYSTEMPATH/CodeIgniter.php(892): App\Controllers\BaseController->initController(Object(CodeIgniter\HTTP\IncomingRequest), Object(CodeIgniter\HTTP\Response), Object(CodeIgniter\Log\Logger))
 2 SYSTEMPATH/CodeIgniter.php(485): CodeIgniter\CodeIgniter->createController()
 3 SYSTEMPATH/CodeIgniter.php(353): CodeIgniter\CodeIgniter->handleRequest(null, Object(Config\Cache), false)
 4 FCPATH/index.php(79): CodeIgniter\CodeIgniter->run()
WARNING - 2024-11-26 00:51:04 --> [DEPRECATED] Creation of dynamic property App\Controllers\Matches::$validation is deprecated in APPPATH/Controllers/BaseController.php on line 57.
 1 SYSTEMPATH/CodeIgniter.php(892): App\Controllers\BaseController->initController(Object(CodeIgniter\HTTP\IncomingRequest), Object(CodeIgniter\HTTP\Response), Object(CodeIgniter\Log\Logger))
 2 SYSTEMPATH/CodeIgniter.php(485): CodeIgniter\CodeIgniter->createController()
 3 SYSTEMPATH/CodeIgniter.php(353): CodeIgniter\CodeIgniter->handleRequest(null, Object(Config\Cache), false)
 4 FCPATH/index.php(79): CodeIgniter\CodeIgniter->run()
WARNING - 2024-11-26 00:51:04 --> [DEPRECATED] Creation of dynamic property App\Controllers\Matches::$validation is deprecated in APPPATH/Controllers/BaseController.php on line 57.
 1 SYSTEMPATH/CodeIgniter.php(892): App\Controllers\BaseController->initController(Object(CodeIgniter\HTTP\IncomingRequest), Object(CodeIgniter\HTTP\Response), Object(CodeIgniter\Log\Logger))
 2 SYSTEMPATH/CodeIgniter.php(485): CodeIgniter\CodeIgniter->createController()
 3 SYSTEMPATH/CodeIgniter.php(353): CodeIgniter\CodeIgniter->handleRequest(null, Object(Config\Cache), false)
 4 FCPATH/index.php(79): CodeIgniter\CodeIgniter->run()
WARNING - 2024-11-26 00:51:04 --> [DEPRECATED] Creation of dynamic property App\Controllers\Cron\News::$validation is deprecated in APPPATH/Controllers/BaseController.php on line 57.
 1 SYSTEMPATH/CodeIgniter.php(892): App\Controllers\BaseController->initController(Object(CodeIgniter\HTTP\IncomingRequest), Object(CodeIgniter\HTTP\Response), Object(CodeIgniter\Log\Logger))
 2 SYSTEMPATH/CodeIgniter.php(485): CodeIgniter\CodeIgniter->createController()
 3 SYSTEMPATH/CodeIgniter.php(353): CodeIgniter\CodeIgniter->handleRequest(null, Object(Config\Cache), false)
 4 FCPATH/index.php(79): CodeIgniter\CodeIgniter->run()
WARNING - 2024-11-26 00:51:04 --> [DEPRECATED] Creation of dynamic property App\Controllers\Matches::$validation is deprecated in APPPATH/Controllers/BaseController.php on line 57.
 1 SYSTEMPATH/CodeIgniter.php(892): App\Controllers\BaseController->initController(Object(CodeIgniter\HTTP\IncomingRequest), Object(CodeIgniter\HTTP\Response), Object(CodeIgniter\Log\Logger))
 2 SYSTEMPATH/CodeIgniter.php(485): CodeIgniter\CodeIgniter->createController()
 3 SYSTEMPATH/CodeIgniter.php(353): CodeIgniter\CodeIgniter->handleRequest(null, Object(Config\Cache), false)
 4 FCPATH/index.php(79): CodeIgniter\CodeIgniter->run()
WARNING - 2024-11-26 00:51:06 --> [DEPRECATED] Creation of dynamic property App\Controllers\Matches::$validation is deprecated in APPPATH/Controllers/BaseController.php on line 57.
 1 SYSTEMPATH/CodeIgniter.php(892): App\Controllers\BaseController->initController(Object(CodeIgniter\HTTP\IncomingRequest), Object(CodeIgniter\HTTP\Response), Object(CodeIgniter\Log\Logger))
 2 SYSTEMPATH/CodeIgniter.php(485): CodeIgniter\CodeIgniter->createController()
 3 SYSTEMPATH/CodeIgniter.php(353): CodeIgniter\CodeIgniter->handleRequest(null, Object(Config\Cache), false)
 4 FCPATH/index.php(79): CodeIgniter\CodeIgniter->run()
WARNING - 2024-11-26 00:51:06 --> [DEPRECATED] Creation of dynamic property App\Controllers\Matches::$validation is deprecated in APPPATH/Controllers/BaseController.php on line 57.
 1 SYSTEMPATH/CodeIgniter.php(892): App\Controllers\BaseController->initController(Object(CodeIgniter\HTTP\IncomingRequest), Object(CodeIgniter\HTTP\Response), Object(CodeIgniter\Log\Logger))
 2 SYSTEMPATH/CodeIgniter.php(485): CodeIgniter\CodeIgniter->createController()
 3 SYSTEMPATH/CodeIgniter.php(353): CodeIgniter\CodeIgniter->handleRequest(null, Object(Config\Cache), false)
 4 FCPATH/index.php(79): CodeIgniter\CodeIgniter->run()
WARNING - 2024-11-26 00:51:06 --> [DEPRECATED] Creation of dynamic property App\Controllers\Cron\News::$validation is deprecated in APPPATH/Controllers/BaseController.php on line 57.
 1 SYSTEMPATH/CodeIgniter.php(892): App\Controllers\BaseController->initController(Object(CodeIgniter\HTTP\IncomingRequest), Object(CodeIgniter\HTTP\Response), Object(CodeIgniter\Log\Logger))
 2 SYSTEMPATH/CodeIgniter.php(485): CodeIgniter\CodeIgniter->createController()
 3 SYSTEMPATH/CodeIgniter.php(353): CodeIgniter\CodeIgniter->handleRequest(null, Object(Config\Cache), false)
 4 FCPATH/index.php(79): CodeIgniter\CodeIgniter->run()
WARNING - 2024-11-26 00:51:06 --> [DEPRECATED] Creation of dynamic property App\Controllers\Matches::$validation is deprecated in APPPATH/Controllers/BaseController.php on line 57.
 1 SYSTEMPATH/CodeIgniter.php(892): App\Controllers\BaseController->initController(Object(CodeIgniter\HTTP\IncomingRequest), Object(CodeIgniter\HTTP\Response), Object(CodeIgniter\Log\Logger))
 2 SYSTEMPATH/CodeIgniter.php(485): CodeIgniter\CodeIgniter->createController()
 3 SYSTEMPATH/CodeIgniter.php(353): CodeIgniter\CodeIgniter->handleRequest(null, Object(Config\Cache), false)
 4 FCPATH/index.php(79): CodeIgniter\CodeIgniter->run()
WARNING - 2024-11-26 00:52:44 --> [DEPRECATED] Creation of dynamic property App\Controllers\Matches::$validation is deprecated in APPPATH/Controllers/BaseController.php on line 57.
 1 SYSTEMPATH/CodeIgniter.php(892): App\Controllers\BaseController->initController(Object(CodeIgniter\HTTP\IncomingRequest), Object(CodeIgniter\HTTP\Response), Object(CodeIgniter\Log\Logger))
 2 SYSTEMPATH/CodeIgniter.php(485): CodeIgniter\CodeIgniter->createController()
 3 SYSTEMPATH/CodeIgniter.php(353): CodeIgniter\CodeIgniter->handleRequest(null, Object(Config\Cache), false)
 4 FCPATH/index.php(79): CodeIgniter\CodeIgniter->run()
WARNING - 2024-11-26 00:52:44 --> [DEPRECATED] Creation of dynamic property App\Controllers\Cron\News::$validation is deprecated in APPPATH/Controllers/BaseController.php on line 57.
 1 SYSTEMPATH/CodeIgniter.php(892): App\Controllers\BaseController->initController(Object(CodeIgniter\HTTP\IncomingRequest), Object(CodeIgniter\HTTP\Response), Object(CodeIgniter\Log\Logger))
 2 SYSTEMPATH/CodeIgniter.php(485): CodeIgniter\CodeIgniter->createController()
 3 SYSTEMPATH/CodeIgniter.php(353): CodeIgniter\CodeIgniter->handleRequest(null, Object(Config\Cache), false)
 4 FCPATH/index.php(79): CodeIgniter\CodeIgniter->run()
WARNING - 2024-11-26 00:52:44 --> [DEPRECATED] Creation of dynamic property App\Controllers\Matches::$validation is deprecated in APPPATH/Controllers/BaseController.php on line 57.
 1 SYSTEMPATH/CodeIgniter.php(892): App\Controllers\BaseController->initController(Object(CodeIgniter\HTTP\IncomingRequest), Object(CodeIgniter\HTTP\Response), Object(CodeIgniter\Log\Logger))
 2 SYSTEMPATH/CodeIgniter.php(485): CodeIgniter\CodeIgniter->createController()
 3 SYSTEMPATH/CodeIgniter.php(353): CodeIgniter\CodeIgniter->handleRequest(null, Object(Config\Cache), false)
 4 FCPATH/index.php(79): CodeIgniter\CodeIgniter->run()
WARNING - 2024-11-26 00:52:44 --> [DEPRECATED] Creation of dynamic property App\Controllers\Matches::$validation is deprecated in APPPATH/Controllers/BaseController.php on line 57.
 1 SYSTEMPATH/CodeIgniter.php(892): App\Controllers\BaseController->initController(Object(CodeIgniter\HTTP\IncomingRequest), Object(CodeIgniter\HTTP\Response), Object(CodeIgniter\Log\Logger))
 2 SYSTEMPATH/CodeIgniter.php(485): CodeIgniter\CodeIgniter->createController()
 3 SYSTEMPATH/CodeIgniter.php(353): CodeIgniter\CodeIgniter->handleRequest(null, Object(Config\Cache), false)
 4 FCPATH/index.php(79): CodeIgniter\CodeIgniter->run()
WARNING - 2024-11-26 00:52:44 --> [DEPRECATED] Creation of dynamic property App\Controllers\Matches::$validation is deprecated in APPPATH/Controllers/BaseController.php on line 57.
 1 SYSTEMPATH/CodeIgniter.php(892): App\Controllers\BaseController->initController(Object(CodeIgniter\HTTP\IncomingRequest), Object(CodeIgniter\HTTP\Response), Object(CodeIgniter\Log\Logger))
 2 SYSTEMPATH/CodeIgniter.php(485): CodeIgniter\CodeIgniter->createController()
 3 SYSTEMPATH/CodeIgniter.php(353): CodeIgniter\CodeIgniter->handleRequest(null, Object(Config\Cache), false)
 4 FCPATH/index.php(79): CodeIgniter\CodeIgniter->run()
WARNING - 2024-11-26 00:52:44 --> [DEPRECATED] Creation of dynamic property App\Controllers\Matches::$validation is deprecated in APPPATH/Controllers/BaseController.php on line 57.
 1 SYSTEMPATH/CodeIgniter.php(892): App\Controllers\BaseController->initController(Object(CodeIgniter\HTTP\IncomingRequest), Object(CodeIgniter\HTTP\Response), Object(CodeIgniter\Log\Logger))
 2 SYSTEMPATH/CodeIgniter.php(485): CodeIgniter\CodeIgniter->createController()
 3 SYSTEMPATH/CodeIgniter.php(353): CodeIgniter\CodeIgniter->handleRequest(null, Object(Config\Cache), false)
 4 FCPATH/index.php(79): CodeIgniter\CodeIgniter->run()
WARNING - 2024-11-26 00:52:45 --> [DEPRECATED] Creation of dynamic property App\Controllers\Matches::$validation is deprecated in APPPATH/Controllers/BaseController.php on line 57.
 1 SYSTEMPATH/CodeIgniter.php(892): App\Controllers\BaseController->initController(Object(CodeIgniter\HTTP\IncomingRequest), Object(CodeIgniter\HTTP\Response), Object(CodeIgniter\Log\Logger))
 2 SYSTEMPATH/CodeIgniter.php(485): CodeIgniter\CodeIgniter->createController()
 3 SYSTEMPATH/CodeIgniter.php(353): CodeIgniter\CodeIgniter->handleRequest(null, Object(Config\Cache), false)
 4 FCPATH/index.php(79): CodeIgniter\CodeIgniter->run()
WARNING - 2024-11-26 00:53:10 --> [DEPRECATED] Creation of dynamic property App\Controllers\Matches::$validation is deprecated in APPPATH/Controllers/BaseController.php on line 57.
 1 SYSTEMPATH/CodeIgniter.php(892): App\Controllers\BaseController->initController(Object(CodeIgniter\HTTP\IncomingRequest), Object(CodeIgniter\HTTP\Response), Object(CodeIgniter\Log\Logger))
 2 SYSTEMPATH/CodeIgniter.php(485): CodeIgniter\CodeIgniter->createController()
 3 SYSTEMPATH/CodeIgniter.php(353): CodeIgniter\CodeIgniter->handleRequest(null, Object(Config\Cache), false)
 4 FCPATH/index.php(79): CodeIgniter\CodeIgniter->run()
WARNING - 2024-11-26 00:53:10 --> [DEPRECATED] Creation of dynamic property App\Controllers\Matches::$validation is deprecated in APPPATH/Controllers/BaseController.php on line 57.
 1 SYSTEMPATH/CodeIgniter.php(892): App\Controllers\BaseController->initController(Object(CodeIgniter\HTTP\IncomingRequest), Object(CodeIgniter\HTTP\Response), Object(CodeIgniter\Log\Logger))
 2 SYSTEMPATH/CodeIgniter.php(485): CodeIgniter\CodeIgniter->createController()
 3 SYSTEMPATH/CodeIgniter.php(353): CodeIgniter\CodeIgniter->handleRequest(null, Object(Config\Cache), false)
 4 FCPATH/index.php(79): CodeIgniter\CodeIgniter->run()
WARNING - 2024-11-26 00:53:10 --> [DEPRECATED] Creation of dynamic property App\Controllers\Matches::$validation is deprecated in APPPATH/Controllers/BaseController.php on line 57.
 1 SYSTEMPATH/CodeIgniter.php(892): App\Controllers\BaseController->initController(Object(CodeIgniter\HTTP\IncomingRequest), Object(CodeIgniter\HTTP\Response), Object(CodeIgniter\Log\Logger))
 2 SYSTEMPATH/CodeIgniter.php(485): CodeIgniter\CodeIgniter->createController()
 3 SYSTEMPATH/CodeIgniter.php(353): CodeIgniter\CodeIgniter->handleRequest(null, Object(Config\Cache), false)
 4 FCPATH/index.php(79): CodeIgniter\CodeIgniter->run()
WARNING - 2024-11-26 00:53:10 --> [DEPRECATED] Creation of dynamic property App\Controllers\Cron\News::$validation is deprecated in APPPATH/Controllers/BaseController.php on line 57.
 1 SYSTEMPATH/CodeIgniter.php(892): App\Controllers\BaseController->initController(Object(CodeIgniter\HTTP\IncomingRequest), Object(CodeIgniter\HTTP\Response), Object(CodeIgniter\Log\Logger))
 2 SYSTEMPATH/CodeIgniter.php(485): CodeIgniter\CodeIgniter->createController()
 3 SYSTEMPATH/CodeIgniter.php(353): CodeIgniter\CodeIgniter->handleRequest(null, Object(Config\Cache), false)
 4 FCPATH/index.php(79): CodeIgniter\CodeIgniter->run()
WARNING - 2024-11-26 00:53:17 --> [DEPRECATED] Creation of dynamic property App\Controllers\Matches::$validation is deprecated in APPPATH/Controllers/BaseController.php on line 57.
 1 SYSTEMPATH/CodeIgniter.php(892): App\Controllers\BaseController->initController(Object(CodeIgniter\HTTP\IncomingRequest), Object(CodeIgniter\HTTP\Response), Object(CodeIgniter\Log\Logger))
 2 SYSTEMPATH/CodeIgniter.php(485): CodeIgniter\CodeIgniter->createController()
 3 SYSTEMPATH/CodeIgniter.php(353): CodeIgniter\CodeIgniter->handleRequest(null, Object(Config\Cache), false)
 4 FCPATH/index.php(79): CodeIgniter\CodeIgniter->run()
WARNING - 2024-11-26 00:53:18 --> [DEPRECATED] Creation of dynamic property App\Controllers\Matches::$validation is deprecated in APPPATH/Controllers/BaseController.php on line 57.
 1 SYSTEMPATH/CodeIgniter.php(892): App\Controllers\BaseController->initController(Object(CodeIgniter\HTTP\IncomingRequest), Object(CodeIgniter\HTTP\Response), Object(CodeIgniter\Log\Logger))
 2 SYSTEMPATH/CodeIgniter.php(485): CodeIgniter\CodeIgniter->createController()
 3 SYSTEMPATH/CodeIgniter.php(353): CodeIgniter\CodeIgniter->handleRequest(null, Object(Config\Cache), false)
 4 FCPATH/index.php(79): CodeIgniter\CodeIgniter->run()
WARNING - 2024-11-26 00:53:20 --> [DEPRECATED] Creation of dynamic property App\Controllers\Matches::$validation is deprecated in APPPATH/Controllers/BaseController.php on line 57.
 1 SYSTEMPATH/CodeIgniter.php(892): App\Controllers\BaseController->initController(Object(CodeIgniter\HTTP\IncomingRequest), Object(CodeIgniter\HTTP\Response), Object(CodeIgniter\Log\Logger))
 2 SYSTEMPATH/CodeIgniter.php(485): CodeIgniter\CodeIgniter->createController()
 3 SYSTEMPATH/CodeIgniter.php(353): CodeIgniter\CodeIgniter->handleRequest(null, Object(Config\Cache), false)
 4 FCPATH/index.php(79): CodeIgniter\CodeIgniter->run()
WARNING - 2024-11-26 00:57:23 --> [DEPRECATED] Creation of dynamic property App\Controllers\Matches::$validation is deprecated in APPPATH/Controllers/BaseController.php on line 57.
 1 SYSTEMPATH/CodeIgniter.php(892): App\Controllers\BaseController->initController(Object(CodeIgniter\HTTP\IncomingRequest), Object(CodeIgniter\HTTP\Response), Object(CodeIgniter\Log\Logger))
 2 SYSTEMPATH/CodeIgniter.php(485): CodeIgniter\CodeIgniter->createController()
 3 SYSTEMPATH/CodeIgniter.php(353): CodeIgniter\CodeIgniter->handleRequest(null, Object(Config\Cache), false)
 4 FCPATH/index.php(79): CodeIgniter\CodeIgniter->run()
WARNING - 2024-11-26 00:57:33 --> [DEPRECATED] Creation of dynamic property App\Controllers\Matches::$validation is deprecated in APPPATH/Controllers/BaseController.php on line 57.
 1 SYSTEMPATH/CodeIgniter.php(892): App\Controllers\BaseController->initController(Object(CodeIgniter\HTTP\IncomingRequest), Object(CodeIgniter\HTTP\Response), Object(CodeIgniter\Log\Logger))
 2 SYSTEMPATH/CodeIgniter.php(485): CodeIgniter\CodeIgniter->createController()
 3 SYSTEMPATH/CodeIgniter.php(353): CodeIgniter\CodeIgniter->handleRequest(null, Object(Config\Cache), false)
 4 FCPATH/index.php(79): CodeIgniter\CodeIgniter->run()
WARNING - 2024-11-26 00:57:33 --> [DEPRECATED] Creation of dynamic property App\Controllers\Matches::$validation is deprecated in APPPATH/Controllers/BaseController.php on line 57.
 1 SYSTEMPATH/CodeIgniter.php(892): App\Controllers\BaseController->initController(Object(CodeIgniter\HTTP\IncomingRequest), Object(CodeIgniter\HTTP\Response), Object(CodeIgniter\Log\Logger))
 2 SYSTEMPATH/CodeIgniter.php(485): CodeIgniter\CodeIgniter->createController()
 3 SYSTEMPATH/CodeIgniter.php(353): CodeIgniter\CodeIgniter->handleRequest(null, Object(Config\Cache), false)
 4 FCPATH/index.php(79): CodeIgniter\CodeIgniter->run()
WARNING - 2024-11-26 00:57:34 --> [DEPRECATED] Creation of dynamic property App\Controllers\Matches::$validation is deprecated in APPPATH/Controllers/BaseController.php on line 57.
 1 SYSTEMPATH/CodeIgniter.php(892): App\Controllers\BaseController->initController(Object(CodeIgniter\HTTP\IncomingRequest), Object(CodeIgniter\HTTP\Response), Object(CodeIgniter\Log\Logger))
 2 SYSTEMPATH/CodeIgniter.php(485): CodeIgniter\CodeIgniter->createController()
 3 SYSTEMPATH/CodeIgniter.php(353): CodeIgniter\CodeIgniter->handleRequest(null, Object(Config\Cache), false)
 4 FCPATH/index.php(79): CodeIgniter\CodeIgniter->run()
WARNING - 2024-11-26 00:57:34 --> [DEPRECATED] Creation of dynamic property App\Controllers\Cron\News::$validation is deprecated in APPPATH/Controllers/BaseController.php on line 57.
 1 SYSTEMPATH/CodeIgniter.php(892): App\Controllers\BaseController->initController(Object(CodeIgniter\HTTP\IncomingRequest), Object(CodeIgniter\HTTP\Response), Object(CodeIgniter\Log\Logger))
 2 SYSTEMPATH/CodeIgniter.php(485): CodeIgniter\CodeIgniter->createController()
 3 SYSTEMPATH/CodeIgniter.php(353): CodeIgniter\CodeIgniter->handleRequest(null, Object(Config\Cache), false)
 4 FCPATH/index.php(79): CodeIgniter\CodeIgniter->run()
WARNING - 2024-11-26 00:57:39 --> [DEPRECATED] Creation of dynamic property App\Controllers\Matches::$validation is deprecated in APPPATH/Controllers/BaseController.php on line 57.
 1 SYSTEMPATH/CodeIgniter.php(892): App\Controllers\BaseController->initController(Object(CodeIgniter\HTTP\IncomingRequest), Object(CodeIgniter\HTTP\Response), Object(CodeIgniter\Log\Logger))
 2 SYSTEMPATH/CodeIgniter.php(485): CodeIgniter\CodeIgniter->createController()
 3 SYSTEMPATH/CodeIgniter.php(353): CodeIgniter\CodeIgniter->handleRequest(null, Object(Config\Cache), false)
 4 FCPATH/index.php(79): CodeIgniter\CodeIgniter->run()
WARNING - 2024-11-26 00:57:44 --> [DEPRECATED] Creation of dynamic property App\Controllers\Matches::$validation is deprecated in APPPATH/Controllers/BaseController.php on line 57.
 1 SYSTEMPATH/CodeIgniter.php(892): App\Controllers\BaseController->initController(Object(CodeIgniter\HTTP\IncomingRequest), Object(CodeIgniter\HTTP\Response), Object(CodeIgniter\Log\Logger))
 2 SYSTEMPATH/CodeIgniter.php(485): CodeIgniter\CodeIgniter->createController()
 3 SYSTEMPATH/CodeIgniter.php(353): CodeIgniter\CodeIgniter->handleRequest(null, Object(Config\Cache), false)
 4 FCPATH/index.php(79): CodeIgniter\CodeIgniter->run()
WARNING - 2024-11-26 00:58:52 --> [DEPRECATED] Creation of dynamic property App\Controllers\Matches::$validation is deprecated in APPPATH/Controllers/BaseController.php on line 57.
 1 SYSTEMPATH/CodeIgniter.php(892): App\Controllers\BaseController->initController(Object(CodeIgniter\HTTP\IncomingRequest), Object(CodeIgniter\HTTP\Response), Object(CodeIgniter\Log\Logger))
 2 SYSTEMPATH/CodeIgniter.php(485): CodeIgniter\CodeIgniter->createController()
 3 SYSTEMPATH/CodeIgniter.php(353): CodeIgniter\CodeIgniter->handleRequest(null, Object(Config\Cache), false)
 4 FCPATH/index.php(79): CodeIgniter\CodeIgniter->run()
WARNING - 2024-11-26 00:58:53 --> [DEPRECATED] Creation of dynamic property App\Controllers\Matches::$validation is deprecated in APPPATH/Controllers/BaseController.php on line 57.
 1 SYSTEMPATH/CodeIgniter.php(892): App\Controllers\BaseController->initController(Object(CodeIgniter\HTTP\IncomingRequest), Object(CodeIgniter\HTTP\Response), Object(CodeIgniter\Log\Logger))
 2 SYSTEMPATH/CodeIgniter.php(485): CodeIgniter\CodeIgniter->createController()
 3 SYSTEMPATH/CodeIgniter.php(353): CodeIgniter\CodeIgniter->handleRequest(null, Object(Config\Cache), false)
 4 FCPATH/index.php(79): CodeIgniter\CodeIgniter->run()
WARNING - 2024-11-26 00:58:53 --> [DEPRECATED] Creation of dynamic property App\Controllers\Matches::$validation is deprecated in APPPATH/Controllers/BaseController.php on line 57.
 1 SYSTEMPATH/CodeIgniter.php(892): App\Controllers\BaseController->initController(Object(CodeIgniter\HTTP\IncomingRequest), Object(CodeIgniter\HTTP\Response), Object(CodeIgniter\Log\Logger))
 2 SYSTEMPATH/CodeIgniter.php(485): CodeIgniter\CodeIgniter->createController()
 3 SYSTEMPATH/CodeIgniter.php(353): CodeIgniter\CodeIgniter->handleRequest(null, Object(Config\Cache), false)
 4 FCPATH/index.php(79): CodeIgniter\CodeIgniter->run()
WARNING - 2024-11-26 00:58:53 --> [DEPRECATED] Creation of dynamic property App\Controllers\Cron\News::$validation is deprecated in APPPATH/Controllers/BaseController.php on line 57.
 1 SYSTEMPATH/CodeIgniter.php(892): App\Controllers\BaseController->initController(Object(CodeIgniter\HTTP\IncomingRequest), Object(CodeIgniter\HTTP\Response), Object(CodeIgniter\Log\Logger))
 2 SYSTEMPATH/CodeIgniter.php(485): CodeIgniter\CodeIgniter->createController()
 3 SYSTEMPATH/CodeIgniter.php(353): CodeIgniter\CodeIgniter->handleRequest(null, Object(Config\Cache), false)
 4 FCPATH/index.php(79): CodeIgniter\CodeIgniter->run()
WARNING - 2024-11-26 00:58:55 --> [DEPRECATED] Creation of dynamic property App\Controllers\Matches::$validation is deprecated in APPPATH/Controllers/BaseController.php on line 57.
 1 SYSTEMPATH/CodeIgniter.php(892): App\Controllers\BaseController->initController(Object(CodeIgniter\HTTP\IncomingRequest), Object(CodeIgniter\HTTP\Response), Object(CodeIgniter\Log\Logger))
 2 SYSTEMPATH/CodeIgniter.php(485): CodeIgniter\CodeIgniter->createController()
 3 SYSTEMPATH/CodeIgniter.php(353): CodeIgniter\CodeIgniter->handleRequest(null, Object(Config\Cache), false)
 4 FCPATH/index.php(79): CodeIgniter\CodeIgniter->run()
WARNING - 2024-11-26 00:58:55 --> [DEPRECATED] Creation of dynamic property App\Controllers\Matches::$validation is deprecated in APPPATH/Controllers/BaseController.php on line 57.
 1 SYSTEMPATH/CodeIgniter.php(892): App\Controllers\BaseController->initController(Object(CodeIgniter\HTTP\IncomingRequest), Object(CodeIgniter\HTTP\Response), Object(CodeIgniter\Log\Logger))
 2 SYSTEMPATH/CodeIgniter.php(485): CodeIgniter\CodeIgniter->createController()
 3 SYSTEMPATH/CodeIgniter.php(353): CodeIgniter\CodeIgniter->handleRequest(null, Object(Config\Cache), false)
 4 FCPATH/index.php(79): CodeIgniter\CodeIgniter->run()
WARNING - 2024-11-26 00:58:56 --> [DEPRECATED] Creation of dynamic property App\Controllers\Matches::$validation is deprecated in APPPATH/Controllers/BaseController.php on line 57.
 1 SYSTEMPATH/CodeIgniter.php(892): App\Controllers\BaseController->initController(Object(CodeIgniter\HTTP\IncomingRequest), Object(CodeIgniter\HTTP\Response), Object(CodeIgniter\Log\Logger))
 2 SYSTEMPATH/CodeIgniter.php(485): CodeIgniter\CodeIgniter->createController()
 3 SYSTEMPATH/CodeIgniter.php(353): CodeIgniter\CodeIgniter->handleRequest(null, Object(Config\Cache), false)
 4 FCPATH/index.php(79): CodeIgniter\CodeIgniter->run()
WARNING - 2024-11-26 01:11:41 --> [DEPRECATED] Creation of dynamic property App\Controllers\Matches::$validation is deprecated in APPPATH/Controllers/BaseController.php on line 57.
 1 SYSTEMPATH/CodeIgniter.php(892): App\Controllers\BaseController->initController(Object(CodeIgniter\HTTP\IncomingRequest), Object(CodeIgniter\HTTP\Response), Object(CodeIgniter\Log\Logger))
 2 SYSTEMPATH/CodeIgniter.php(485): CodeIgniter\CodeIgniter->createController()
 3 SYSTEMPATH/CodeIgniter.php(353): CodeIgniter\CodeIgniter->handleRequest(null, Object(Config\Cache), false)
 4 FCPATH/index.php(79): CodeIgniter\CodeIgniter->run()
WARNING - 2024-11-26 01:11:41 --> [DEPRECATED] Creation of dynamic property App\Controllers\Matches::$validation is deprecated in APPPATH/Controllers/BaseController.php on line 57.
 1 SYSTEMPATH/CodeIgniter.php(892): App\Controllers\BaseController->initController(Object(CodeIgniter\HTTP\IncomingRequest), Object(CodeIgniter\HTTP\Response), Object(CodeIgniter\Log\Logger))
 2 SYSTEMPATH/CodeIgniter.php(485): CodeIgniter\CodeIgniter->createController()
 3 SYSTEMPATH/CodeIgniter.php(353): CodeIgniter\CodeIgniter->handleRequest(null, Object(Config\Cache), false)
 4 FCPATH/index.php(79): CodeIgniter\CodeIgniter->run()
WARNING - 2024-11-26 01:11:41 --> [DEPRECATED] Creation of dynamic property App\Controllers\Matches::$validation is deprecated in APPPATH/Controllers/BaseController.php on line 57.
 1 SYSTEMPATH/CodeIgniter.php(892): App\Controllers\BaseController->initController(Object(CodeIgniter\HTTP\IncomingRequest), Object(CodeIgniter\HTTP\Response), Object(CodeIgniter\Log\Logger))
 2 SYSTEMPATH/CodeIgniter.php(485): CodeIgniter\CodeIgniter->createController()
 3 SYSTEMPATH/CodeIgniter.php(353): CodeIgniter\CodeIgniter->handleRequest(null, Object(Config\Cache), false)
 4 FCPATH/index.php(79): CodeIgniter\CodeIgniter->run()
WARNING - 2024-11-26 01:11:41 --> [DEPRECATED] Creation of dynamic property App\Controllers\Cron\News::$validation is deprecated in APPPATH/Controllers/BaseController.php on line 57.
 1 SYSTEMPATH/CodeIgniter.php(892): App\Controllers\BaseController->initController(Object(CodeIgniter\HTTP\IncomingRequest), Object(CodeIgniter\HTTP\Response), Object(CodeIgniter\Log\Logger))
 2 SYSTEMPATH/CodeIgniter.php(485): CodeIgniter\CodeIgniter->createController()
 3 SYSTEMPATH/CodeIgniter.php(353): CodeIgniter\CodeIgniter->handleRequest(null, Object(Config\Cache), false)
 4 FCPATH/index.php(79): CodeIgniter\CodeIgniter->run()
WARNING - 2024-11-26 01:11:42 --> [DEPRECATED] Creation of dynamic property App\Controllers\Matches::$validation is deprecated in APPPATH/Controllers/BaseController.php on line 57.
 1 SYSTEMPATH/CodeIgniter.php(892): App\Controllers\BaseController->initController(Object(CodeIgniter\HTTP\IncomingRequest), Object(CodeIgniter\HTTP\Response), Object(CodeIgniter\Log\Logger))
 2 SYSTEMPATH/CodeIgniter.php(485): CodeIgniter\CodeIgniter->createController()
 3 SYSTEMPATH/CodeIgniter.php(353): CodeIgniter\CodeIgniter->handleRequest(null, Object(Config\Cache), false)
 4 FCPATH/index.php(79): CodeIgniter\CodeIgniter->run()
WARNING - 2024-11-26 01:11:42 --> [DEPRECATED] Creation of dynamic property App\Controllers\Matches::$validation is deprecated in APPPATH/Controllers/BaseController.php on line 57.
 1 SYSTEMPATH/CodeIgniter.php(892): App\Controllers\BaseController->initController(Object(CodeIgniter\HTTP\IncomingRequest), Object(CodeIgniter\HTTP\Response), Object(CodeIgniter\Log\Logger))
 2 SYSTEMPATH/CodeIgniter.php(485): CodeIgniter\CodeIgniter->createController()
 3 SYSTEMPATH/CodeIgniter.php(353): CodeIgniter\CodeIgniter->handleRequest(null, Object(Config\Cache), false)
 4 FCPATH/index.php(79): CodeIgniter\CodeIgniter->run()
WARNING - 2024-11-26 01:11:43 --> [DEPRECATED] Creation of dynamic property App\Controllers\Matches::$validation is deprecated in APPPATH/Controllers/BaseController.php on line 57.
 1 SYSTEMPATH/CodeIgniter.php(892): App\Controllers\BaseController->initController(Object(CodeIgniter\HTTP\IncomingRequest), Object(CodeIgniter\HTTP\Response), Object(CodeIgniter\Log\Logger))
 2 SYSTEMPATH/CodeIgniter.php(485): CodeIgniter\CodeIgniter->createController()
 3 SYSTEMPATH/CodeIgniter.php(353): CodeIgniter\CodeIgniter->handleRequest(null, Object(Config\Cache), false)
 4 FCPATH/index.php(79): CodeIgniter\CodeIgniter->run()
WARNING - 2024-11-26 01:13:24 --> [DEPRECATED] Creation of dynamic property App\Controllers\Cron\News::$validation is deprecated in APPPATH/Controllers/BaseController.php on line 57.
 1 SYSTEMPATH/CodeIgniter.php(892): App\Controllers\BaseController->initController(Object(CodeIgniter\HTTP\IncomingRequest), Object(CodeIgniter\HTTP\Response), Object(CodeIgniter\Log\Logger))
 2 SYSTEMPATH/CodeIgniter.php(485): CodeIgniter\CodeIgniter->createController()
 3 SYSTEMPATH/CodeIgniter.php(353): CodeIgniter\CodeIgniter->handleRequest(null, Object(Config\Cache), false)
 4 FCPATH/index.php(79): CodeIgniter\CodeIgniter->run()
WARNING - 2024-11-26 01:16:49 --> [DEPRECATED] Creation of dynamic property App\Controllers\Matches::$validation is deprecated in APPPATH/Controllers/BaseController.php on line 57.
 1 SYSTEMPATH/CodeIgniter.php(892): App\Controllers\BaseController->initController(Object(CodeIgniter\HTTP\IncomingRequest), Object(CodeIgniter\HTTP\Response), Object(CodeIgniter\Log\Logger))
 2 SYSTEMPATH/CodeIgniter.php(485): CodeIgniter\CodeIgniter->createController()
 3 SYSTEMPATH/CodeIgniter.php(353): CodeIgniter\CodeIgniter->handleRequest(null, Object(Config\Cache), false)
 4 FCPATH/index.php(79): CodeIgniter\CodeIgniter->run()
WARNING - 2024-11-26 01:16:49 --> [DEPRECATED] Creation of dynamic property App\Controllers\Matches::$validation is deprecated in APPPATH/Controllers/BaseController.php on line 57.
 1 SYSTEMPATH/CodeIgniter.php(892): App\Controllers\BaseController->initController(Object(CodeIgniter\HTTP\IncomingRequest), Object(CodeIgniter\HTTP\Response), Object(CodeIgniter\Log\Logger))
 2 SYSTEMPATH/CodeIgniter.php(485): CodeIgniter\CodeIgniter->createController()
 3 SYSTEMPATH/CodeIgniter.php(353): CodeIgniter\CodeIgniter->handleRequest(null, Object(Config\Cache), false)
 4 FCPATH/index.php(79): CodeIgniter\CodeIgniter->run()
WARNING - 2024-11-26 01:16:49 --> [DEPRECATED] Creation of dynamic property App\Controllers\Cron\News::$validation is deprecated in APPPATH/Controllers/BaseController.php on line 57.
 1 SYSTEMPATH/CodeIgniter.php(892): App\Controllers\BaseController->initController(Object(CodeIgniter\HTTP\IncomingRequest), Object(CodeIgniter\HTTP\Response), Object(CodeIgniter\Log\Logger))
 2 SYSTEMPATH/CodeIgniter.php(485): CodeIgniter\CodeIgniter->createController()
 3 SYSTEMPATH/CodeIgniter.php(353): CodeIgniter\CodeIgniter->handleRequest(null, Object(Config\Cache), false)
 4 FCPATH/index.php(79): CodeIgniter\CodeIgniter->run()
WARNING - 2024-11-26 01:16:49 --> [DEPRECATED] Creation of dynamic property App\Controllers\Matches::$validation is deprecated in APPPATH/Controllers/BaseController.php on line 57.
 1 SYSTEMPATH/CodeIgniter.php(892): App\Controllers\BaseController->initController(Object(CodeIgniter\HTTP\IncomingRequest), Object(CodeIgniter\HTTP\Response), Object(CodeIgniter\Log\Logger))
 2 SYSTEMPATH/CodeIgniter.php(485): CodeIgniter\CodeIgniter->createController()
 3 SYSTEMPATH/CodeIgniter.php(353): CodeIgniter\CodeIgniter->handleRequest(null, Object(Config\Cache), false)
 4 FCPATH/index.php(79): CodeIgniter\CodeIgniter->run()
WARNING - 2024-11-26 01:16:49 --> [DEPRECATED] Creation of dynamic property App\Controllers\Matches::$validation is deprecated in APPPATH/Controllers/BaseController.php on line 57.
 1 SYSTEMPATH/CodeIgniter.php(892): App\Controllers\BaseController->initController(Object(CodeIgniter\HTTP\IncomingRequest), Object(CodeIgniter\HTTP\Response), Object(CodeIgniter\Log\Logger))
 2 SYSTEMPATH/CodeIgniter.php(485): CodeIgniter\CodeIgniter->createController()
 3 SYSTEMPATH/CodeIgniter.php(353): CodeIgniter\CodeIgniter->handleRequest(null, Object(Config\Cache), false)
 4 FCPATH/index.php(79): CodeIgniter\CodeIgniter->run()
WARNING - 2024-11-26 01:16:49 --> [DEPRECATED] Creation of dynamic property App\Controllers\Matches::$validation is deprecated in APPPATH/Controllers/BaseController.php on line 57.
 1 SYSTEMPATH/CodeIgniter.php(892): App\Controllers\BaseController->initController(Object(CodeIgniter\HTTP\IncomingRequest), Object(CodeIgniter\HTTP\Response), Object(CodeIgniter\Log\Logger))
 2 SYSTEMPATH/CodeIgniter.php(485): CodeIgniter\CodeIgniter->createController()
 3 SYSTEMPATH/CodeIgniter.php(353): CodeIgniter\CodeIgniter->handleRequest(null, Object(Config\Cache), false)
 4 FCPATH/index.php(79): CodeIgniter\CodeIgniter->run()
WARNING - 2024-11-26 01:16:50 --> [DEPRECATED] Creation of dynamic property App\Controllers\Matches::$validation is deprecated in APPPATH/Controllers/BaseController.php on line 57.
 1 SYSTEMPATH/CodeIgniter.php(892): App\Controllers\BaseController->initController(Object(CodeIgniter\HTTP\IncomingRequest), Object(CodeIgniter\HTTP\Response), Object(CodeIgniter\Log\Logger))
 2 SYSTEMPATH/CodeIgniter.php(485): CodeIgniter\CodeIgniter->createController()
 3 SYSTEMPATH/CodeIgniter.php(353): CodeIgniter\CodeIgniter->handleRequest(null, Object(Config\Cache), false)
 4 FCPATH/index.php(79): CodeIgniter\CodeIgniter->run()
WARNING - 2024-11-26 01:16:59 --> [DEPRECATED] Creation of dynamic property App\Controllers\Cron\News::$validation is deprecated in APPPATH/Controllers/BaseController.php on line 57.
 1 SYSTEMPATH/CodeIgniter.php(892): App\Controllers\BaseController->initController(Object(CodeIgniter\HTTP\IncomingRequest), Object(CodeIgniter\HTTP\Response), Object(CodeIgniter\Log\Logger))
 2 SYSTEMPATH/CodeIgniter.php(485): CodeIgniter\CodeIgniter->createController()
 3 SYSTEMPATH/CodeIgniter.php(353): CodeIgniter\CodeIgniter->handleRequest(null, Object(Config\Cache), false)
 4 FCPATH/index.php(79): CodeIgniter\CodeIgniter->run()
WARNING - 2024-11-26 01:17:01 --> [DEPRECATED] Creation of dynamic property App\Controllers\Matches::$validation is deprecated in APPPATH/Controllers/BaseController.php on line 57.
 1 SYSTEMPATH/CodeIgniter.php(892): App\Controllers\BaseController->initController(Object(CodeIgniter\HTTP\IncomingRequest), Object(CodeIgniter\HTTP\Response), Object(CodeIgniter\Log\Logger))
 2 SYSTEMPATH/CodeIgniter.php(485): CodeIgniter\CodeIgniter->createController()
 3 SYSTEMPATH/CodeIgniter.php(353): CodeIgniter\CodeIgniter->handleRequest(null, Object(Config\Cache), false)
 4 FCPATH/index.php(79): CodeIgniter\CodeIgniter->run()
WARNING - 2024-11-26 01:17:01 --> [DEPRECATED] Creation of dynamic property App\Controllers\Matches::$validation is deprecated in APPPATH/Controllers/BaseController.php on line 57.
 1 SYSTEMPATH/CodeIgniter.php(892): App\Controllers\BaseController->initController(Object(CodeIgniter\HTTP\IncomingRequest), Object(CodeIgniter\HTTP\Response), Object(CodeIgniter\Log\Logger))
 2 SYSTEMPATH/CodeIgniter.php(485): CodeIgniter\CodeIgniter->createController()
 3 SYSTEMPATH/CodeIgniter.php(353): CodeIgniter\CodeIgniter->handleRequest(null, Object(Config\Cache), false)
 4 FCPATH/index.php(79): CodeIgniter\CodeIgniter->run()
WARNING - 2024-11-26 01:17:01 --> [DEPRECATED] Creation of dynamic property App\Controllers\Matches::$validation is deprecated in APPPATH/Controllers/BaseController.php on line 57.
 1 SYSTEMPATH/CodeIgniter.php(892): App\Controllers\BaseController->initController(Object(CodeIgniter\HTTP\IncomingRequest), Object(CodeIgniter\HTTP\Response), Object(CodeIgniter\Log\Logger))
 2 SYSTEMPATH/CodeIgniter.php(485): CodeIgniter\CodeIgniter->createController()
 3 SYSTEMPATH/CodeIgniter.php(353): CodeIgniter\CodeIgniter->handleRequest(null, Object(Config\Cache), false)
 4 FCPATH/index.php(79): CodeIgniter\CodeIgniter->run()
WARNING - 2024-11-26 01:17:01 --> [DEPRECATED] Creation of dynamic property App\Controllers\Cron\News::$validation is deprecated in APPPATH/Controllers/BaseController.php on line 57.
 1 SYSTEMPATH/CodeIgniter.php(892): App\Controllers\BaseController->initController(Object(CodeIgniter\HTTP\IncomingRequest), Object(CodeIgniter\HTTP\Response), Object(CodeIgniter\Log\Logger))
 2 SYSTEMPATH/CodeIgniter.php(485): CodeIgniter\CodeIgniter->createController()
 3 SYSTEMPATH/CodeIgniter.php(353): CodeIgniter\CodeIgniter->handleRequest(null, Object(Config\Cache), false)
 4 FCPATH/index.php(79): CodeIgniter\CodeIgniter->run()
WARNING - 2024-11-26 01:17:01 --> [DEPRECATED] Creation of dynamic property App\Controllers\Matches::$validation is deprecated in APPPATH/Controllers/BaseController.php on line 57.
 1 SYSTEMPATH/CodeIgniter.php(892): App\Controllers\BaseController->initController(Object(CodeIgniter\HTTP\IncomingRequest), Object(CodeIgniter\HTTP\Response), Object(CodeIgniter\Log\Logger))
 2 SYSTEMPATH/CodeIgniter.php(485): CodeIgniter\CodeIgniter->createController()
 3 SYSTEMPATH/CodeIgniter.php(353): CodeIgniter\CodeIgniter->handleRequest(null, Object(Config\Cache), false)
 4 FCPATH/index.php(79): CodeIgniter\CodeIgniter->run()
WARNING - 2024-11-26 01:17:01 --> [DEPRECATED] Creation of dynamic property App\Controllers\Matches::$validation is deprecated in APPPATH/Controllers/BaseController.php on line 57.
 1 SYSTEMPATH/CodeIgniter.php(892): App\Controllers\BaseController->initController(Object(CodeIgniter\HTTP\IncomingRequest), Object(CodeIgniter\HTTP\Response), Object(CodeIgniter\Log\Logger))
 2 SYSTEMPATH/CodeIgniter.php(485): CodeIgniter\CodeIgniter->createController()
 3 SYSTEMPATH/CodeIgniter.php(353): CodeIgniter\CodeIgniter->handleRequest(null, Object(Config\Cache), false)
 4 FCPATH/index.php(79): CodeIgniter\CodeIgniter->run()
WARNING - 2024-11-26 01:17:04 --> [DEPRECATED] Creation of dynamic property App\Controllers\Cron\News::$validation is deprecated in APPPATH/Controllers/BaseController.php on line 57.
 1 SYSTEMPATH/CodeIgniter.php(892): App\Controllers\BaseController->initController(Object(CodeIgniter\HTTP\IncomingRequest), Object(CodeIgniter\HTTP\Response), Object(CodeIgniter\Log\Logger))
 2 SYSTEMPATH/CodeIgniter.php(485): CodeIgniter\CodeIgniter->createController()
 3 SYSTEMPATH/CodeIgniter.php(353): CodeIgniter\CodeIgniter->handleRequest(null, Object(Config\Cache), false)
 4 FCPATH/index.php(79): CodeIgniter\CodeIgniter->run()
WARNING - 2024-11-26 01:17:04 --> [DEPRECATED] Creation of dynamic property App\Controllers\Matches::$validation is deprecated in APPPATH/Controllers/BaseController.php on line 57.
 1 SYSTEMPATH/CodeIgniter.php(892): App\Controllers\BaseController->initController(Object(CodeIgniter\HTTP\IncomingRequest), Object(CodeIgniter\HTTP\Response), Object(CodeIgniter\Log\Logger))
 2 SYSTEMPATH/CodeIgniter.php(485): CodeIgniter\CodeIgniter->createController()
 3 SYSTEMPATH/CodeIgniter.php(353): CodeIgniter\CodeIgniter->handleRequest(null, Object(Config\Cache), false)
 4 FCPATH/index.php(79): CodeIgniter\CodeIgniter->run()
WARNING - 2024-11-26 01:17:04 --> [DEPRECATED] Creation of dynamic property App\Controllers\Matches::$validation is deprecated in APPPATH/Controllers/BaseController.php on line 57.
 1 SYSTEMPATH/CodeIgniter.php(892): App\Controllers\BaseController->initController(Object(CodeIgniter\HTTP\IncomingRequest), Object(CodeIgniter\HTTP\Response), Object(CodeIgniter\Log\Logger))
 2 SYSTEMPATH/CodeIgniter.php(485): CodeIgniter\CodeIgniter->createController()
 3 SYSTEMPATH/CodeIgniter.php(353): CodeIgniter\CodeIgniter->handleRequest(null, Object(Config\Cache), false)
 4 FCPATH/index.php(79): CodeIgniter\CodeIgniter->run()
WARNING - 2024-11-26 01:17:04 --> [DEPRECATED] Creation of dynamic property App\Controllers\Matches::$validation is deprecated in APPPATH/Controllers/BaseController.php on line 57.
 1 SYSTEMPATH/CodeIgniter.php(892): App\Controllers\BaseController->initController(Object(CodeIgniter\HTTP\IncomingRequest), Object(CodeIgniter\HTTP\Response), Object(CodeIgniter\Log\Logger))
 2 SYSTEMPATH/CodeIgniter.php(485): CodeIgniter\CodeIgniter->createController()
 3 SYSTEMPATH/CodeIgniter.php(353): CodeIgniter\CodeIgniter->handleRequest(null, Object(Config\Cache), false)
 4 FCPATH/index.php(79): CodeIgniter\CodeIgniter->run()
WARNING - 2024-11-26 01:17:04 --> [DEPRECATED] Creation of dynamic property App\Controllers\Matches::$validation is deprecated in APPPATH/Controllers/BaseController.php on line 57.
 1 SYSTEMPATH/CodeIgniter.php(892): App\Controllers\BaseController->initController(Object(CodeIgniter\HTTP\IncomingRequest), Object(CodeIgniter\HTTP\Response), Object(CodeIgniter\Log\Logger))
 2 SYSTEMPATH/CodeIgniter.php(485): CodeIgniter\CodeIgniter->createController()
 3 SYSTEMPATH/CodeIgniter.php(353): CodeIgniter\CodeIgniter->handleRequest(null, Object(Config\Cache), false)
 4 FCPATH/index.php(79): CodeIgniter\CodeIgniter->run()
WARNING - 2024-11-26 01:17:04 --> [DEPRECATED] Creation of dynamic property App\Controllers\Matches::$validation is deprecated in APPPATH/Controllers/BaseController.php on line 57.
 1 SYSTEMPATH/CodeIgniter.php(892): App\Controllers\BaseController->initController(Object(CodeIgniter\HTTP\IncomingRequest), Object(CodeIgniter\HTTP\Response), Object(CodeIgniter\Log\Logger))
 2 SYSTEMPATH/CodeIgniter.php(485): CodeIgniter\CodeIgniter->createController()
 3 SYSTEMPATH/CodeIgniter.php(353): CodeIgniter\CodeIgniter->handleRequest(null, Object(Config\Cache), false)
 4 FCPATH/index.php(79): CodeIgniter\CodeIgniter->run()
WARNING - 2024-11-26 01:17:07 --> [DEPRECATED] Creation of dynamic property App\Controllers\Matches::$validation is deprecated in APPPATH/Controllers/BaseController.php on line 57.
 1 SYSTEMPATH/CodeIgniter.php(892): App\Controllers\BaseController->initController(Object(CodeIgniter\HTTP\IncomingRequest), Object(CodeIgniter\HTTP\Response), Object(CodeIgniter\Log\Logger))
 2 SYSTEMPATH/CodeIgniter.php(485): CodeIgniter\CodeIgniter->createController()
 3 SYSTEMPATH/CodeIgniter.php(353): CodeIgniter\CodeIgniter->handleRequest(null, Object(Config\Cache), false)
 4 FCPATH/index.php(79): CodeIgniter\CodeIgniter->run()
WARNING - 2024-11-26 01:17:07 --> [DEPRECATED] Creation of dynamic property App\Controllers\Matches::$validation is deprecated in APPPATH/Controllers/BaseController.php on line 57.
 1 SYSTEMPATH/CodeIgniter.php(892): App\Controllers\BaseController->initController(Object(CodeIgniter\HTTP\IncomingRequest), Object(CodeIgniter\HTTP\Response), Object(CodeIgniter\Log\Logger))
 2 SYSTEMPATH/CodeIgniter.php(485): CodeIgniter\CodeIgniter->createController()
 3 SYSTEMPATH/CodeIgniter.php(353): CodeIgniter\CodeIgniter->handleRequest(null, Object(Config\Cache), false)
 4 FCPATH/index.php(79): CodeIgniter\CodeIgniter->run()
WARNING - 2024-11-26 01:17:07 --> [DEPRECATED] Creation of dynamic property App\Controllers\Matches::$validation is deprecated in APPPATH/Controllers/BaseController.php on line 57.
 1 SYSTEMPATH/CodeIgniter.php(892): App\Controllers\BaseController->initController(Object(CodeIgniter\HTTP\IncomingRequest), Object(CodeIgniter\HTTP\Response), Object(CodeIgniter\Log\Logger))
 2 SYSTEMPATH/CodeIgniter.php(485): CodeIgniter\CodeIgniter->createController()
 3 SYSTEMPATH/CodeIgniter.php(353): CodeIgniter\CodeIgniter->handleRequest(null, Object(Config\Cache), false)
 4 FCPATH/index.php(79): CodeIgniter\CodeIgniter->run()
WARNING - 2024-11-26 01:17:07 --> [DEPRECATED] Creation of dynamic property App\Controllers\Cron\News::$validation is deprecated in APPPATH/Controllers/BaseController.php on line 57.
 1 SYSTEMPATH/CodeIgniter.php(892): App\Controllers\BaseController->initController(Object(CodeIgniter\HTTP\IncomingRequest), Object(CodeIgniter\HTTP\Response), Object(CodeIgniter\Log\Logger))
 2 SYSTEMPATH/CodeIgniter.php(485): CodeIgniter\CodeIgniter->createController()
 3 SYSTEMPATH/CodeIgniter.php(353): CodeIgniter\CodeIgniter->handleRequest(null, Object(Config\Cache), false)
 4 FCPATH/index.php(79): CodeIgniter\CodeIgniter->run()
WARNING - 2024-11-26 01:17:08 --> [DEPRECATED] Creation of dynamic property App\Controllers\Matches::$validation is deprecated in APPPATH/Controllers/BaseController.php on line 57.
 1 SYSTEMPATH/CodeIgniter.php(892): App\Controllers\BaseController->initController(Object(CodeIgniter\HTTP\IncomingRequest), Object(CodeIgniter\HTTP\Response), Object(CodeIgniter\Log\Logger))
 2 SYSTEMPATH/CodeIgniter.php(485): CodeIgniter\CodeIgniter->createController()
 3 SYSTEMPATH/CodeIgniter.php(353): CodeIgniter\CodeIgniter->handleRequest(null, Object(Config\Cache), false)
 4 FCPATH/index.php(79): CodeIgniter\CodeIgniter->run()
WARNING - 2024-11-26 01:17:08 --> [DEPRECATED] Creation of dynamic property App\Controllers\Matches::$validation is deprecated in APPPATH/Controllers/BaseController.php on line 57.
 1 SYSTEMPATH/CodeIgniter.php(892): App\Controllers\BaseController->initController(Object(CodeIgniter\HTTP\IncomingRequest), Object(CodeIgniter\HTTP\Response), Object(CodeIgniter\Log\Logger))
 2 SYSTEMPATH/CodeIgniter.php(485): CodeIgniter\CodeIgniter->createController()
 3 SYSTEMPATH/CodeIgniter.php(353): CodeIgniter\CodeIgniter->handleRequest(null, Object(Config\Cache), false)
 4 FCPATH/index.php(79): CodeIgniter\CodeIgniter->run()
WARNING - 2024-11-26 01:17:09 --> [DEPRECATED] Creation of dynamic property App\Controllers\Matches::$validation is deprecated in APPPATH/Controllers/BaseController.php on line 57.
 1 SYSTEMPATH/CodeIgniter.php(892): App\Controllers\BaseController->initController(Object(CodeIgniter\HTTP\IncomingRequest), Object(CodeIgniter\HTTP\Response), Object(CodeIgniter\Log\Logger))
 2 SYSTEMPATH/CodeIgniter.php(485): CodeIgniter\CodeIgniter->createController()
 3 SYSTEMPATH/CodeIgniter.php(353): CodeIgniter\CodeIgniter->handleRequest(null, Object(Config\Cache), false)
 4 FCPATH/index.php(79): CodeIgniter\CodeIgniter->run()
WARNING - 2024-11-26 01:17:11 --> [DEPRECATED] Creation of dynamic property App\Controllers\Matches::$validation is deprecated in APPPATH/Controllers/BaseController.php on line 57.
 1 SYSTEMPATH/CodeIgniter.php(892): App\Controllers\BaseController->initController(Object(CodeIgniter\HTTP\IncomingRequest), Object(CodeIgniter\HTTP\Response), Object(CodeIgniter\Log\Logger))
 2 SYSTEMPATH/CodeIgniter.php(485): CodeIgniter\CodeIgniter->createController()
 3 SYSTEMPATH/CodeIgniter.php(353): CodeIgniter\CodeIgniter->handleRequest(null, Object(Config\Cache), false)
 4 FCPATH/index.php(79): CodeIgniter\CodeIgniter->run()
WARNING - 2024-11-26 01:17:11 --> [DEPRECATED] Creation of dynamic property App\Controllers\Matches::$validation is deprecated in APPPATH/Controllers/BaseController.php on line 57.
 1 SYSTEMPATH/CodeIgniter.php(892): App\Controllers\BaseController->initController(Object(CodeIgniter\HTTP\IncomingRequest), Object(CodeIgniter\HTTP\Response), Object(CodeIgniter\Log\Logger))
 2 SYSTEMPATH/CodeIgniter.php(485): CodeIgniter\CodeIgniter->createController()
 3 SYSTEMPATH/CodeIgniter.php(353): CodeIgniter\CodeIgniter->handleRequest(null, Object(Config\Cache), false)
 4 FCPATH/index.php(79): CodeIgniter\CodeIgniter->run()
WARNING - 2024-11-26 01:17:11 --> [DEPRECATED] Creation of dynamic property App\Controllers\Matches::$validation is deprecated in APPPATH/Controllers/BaseController.php on line 57.
 1 SYSTEMPATH/CodeIgniter.php(892): App\Controllers\BaseController->initController(Object(CodeIgniter\HTTP\IncomingRequest), Object(CodeIgniter\HTTP\Response), Object(CodeIgniter\Log\Logger))
 2 SYSTEMPATH/CodeIgniter.php(485): CodeIgniter\CodeIgniter->createController()
 3 SYSTEMPATH/CodeIgniter.php(353): CodeIgniter\CodeIgniter->handleRequest(null, Object(Config\Cache), false)
 4 FCPATH/index.php(79): CodeIgniter\CodeIgniter->run()
WARNING - 2024-11-26 01:17:11 --> [DEPRECATED] Creation of dynamic property App\Controllers\Cron\News::$validation is deprecated in APPPATH/Controllers/BaseController.php on line 57.
 1 SYSTEMPATH/CodeIgniter.php(892): App\Controllers\BaseController->initController(Object(CodeIgniter\HTTP\IncomingRequest), Object(CodeIgniter\HTTP\Response), Object(CodeIgniter\Log\Logger))
 2 SYSTEMPATH/CodeIgniter.php(485): CodeIgniter\CodeIgniter->createController()
 3 SYSTEMPATH/CodeIgniter.php(353): CodeIgniter\CodeIgniter->handleRequest(null, Object(Config\Cache), false)
 4 FCPATH/index.php(79): CodeIgniter\CodeIgniter->run()
WARNING - 2024-11-26 01:17:11 --> [DEPRECATED] Creation of dynamic property App\Controllers\Matches::$validation is deprecated in APPPATH/Controllers/BaseController.php on line 57.
 1 SYSTEMPATH/CodeIgniter.php(892): App\Controllers\BaseController->initController(Object(CodeIgniter\HTTP\IncomingRequest), Object(CodeIgniter\HTTP\Response), Object(CodeIgniter\Log\Logger))
 2 SYSTEMPATH/CodeIgniter.php(485): CodeIgniter\CodeIgniter->createController()
 3 SYSTEMPATH/CodeIgniter.php(353): CodeIgniter\CodeIgniter->handleRequest(null, Object(Config\Cache), false)
 4 FCPATH/index.php(79): CodeIgniter\CodeIgniter->run()
WARNING - 2024-11-26 01:17:11 --> [DEPRECATED] Creation of dynamic property App\Controllers\Matches::$validation is deprecated in APPPATH/Controllers/BaseController.php on line 57.
 1 SYSTEMPATH/CodeIgniter.php(892): App\Controllers\BaseController->initController(Object(CodeIgniter\HTTP\IncomingRequest), Object(CodeIgniter\HTTP\Response), Object(CodeIgniter\Log\Logger))
 2 SYSTEMPATH/CodeIgniter.php(485): CodeIgniter\CodeIgniter->createController()
 3 SYSTEMPATH/CodeIgniter.php(353): CodeIgniter\CodeIgniter->handleRequest(null, Object(Config\Cache), false)
 4 FCPATH/index.php(79): CodeIgniter\CodeIgniter->run()
WARNING - 2024-11-26 01:17:16 --> [DEPRECATED] Creation of dynamic property App\Controllers\Matches::$validation is deprecated in APPPATH/Controllers/BaseController.php on line 57.
 1 SYSTEMPATH/CodeIgniter.php(892): App\Controllers\BaseController->initController(Object(CodeIgniter\HTTP\IncomingRequest), Object(CodeIgniter\HTTP\Response), Object(CodeIgniter\Log\Logger))
 2 SYSTEMPATH/CodeIgniter.php(485): CodeIgniter\CodeIgniter->createController()
 3 SYSTEMPATH/CodeIgniter.php(353): CodeIgniter\CodeIgniter->handleRequest(null, Object(Config\Cache), false)
 4 FCPATH/index.php(79): CodeIgniter\CodeIgniter->run()
WARNING - 2024-11-26 01:17:16 --> [DEPRECATED] Creation of dynamic property App\Controllers\Matches::$validation is deprecated in APPPATH/Controllers/BaseController.php on line 57.
 1 SYSTEMPATH/CodeIgniter.php(892): App\Controllers\BaseController->initController(Object(CodeIgniter\HTTP\IncomingRequest), Object(CodeIgniter\HTTP\Response), Object(CodeIgniter\Log\Logger))
 2 SYSTEMPATH/CodeIgniter.php(485): CodeIgniter\CodeIgniter->createController()
 3 SYSTEMPATH/CodeIgniter.php(353): CodeIgniter\CodeIgniter->handleRequest(null, Object(Config\Cache), false)
 4 FCPATH/index.php(79): CodeIgniter\CodeIgniter->run()
WARNING - 2024-11-26 01:17:16 --> [DEPRECATED] Creation of dynamic property App\Controllers\Matches::$validation is deprecated in APPPATH/Controllers/BaseController.php on line 57.
 1 SYSTEMPATH/CodeIgniter.php(892): App\Controllers\BaseController->initController(Object(CodeIgniter\HTTP\IncomingRequest), Object(CodeIgniter\HTTP\Response), Object(CodeIgniter\Log\Logger))
 2 SYSTEMPATH/CodeIgniter.php(485): CodeIgniter\CodeIgniter->createController()
 3 SYSTEMPATH/CodeIgniter.php(353): CodeIgniter\CodeIgniter->handleRequest(null, Object(Config\Cache), false)
 4 FCPATH/index.php(79): CodeIgniter\CodeIgniter->run()
WARNING - 2024-11-26 01:17:16 --> [DEPRECATED] Creation of dynamic property App\Controllers\Cron\News::$validation is deprecated in APPPATH/Controllers/BaseController.php on line 57.
 1 SYSTEMPATH/CodeIgniter.php(892): App\Controllers\BaseController->initController(Object(CodeIgniter\HTTP\IncomingRequest), Object(CodeIgniter\HTTP\Response), Object(CodeIgniter\Log\Logger))
 2 SYSTEMPATH/CodeIgniter.php(485): CodeIgniter\CodeIgniter->createController()
 3 SYSTEMPATH/CodeIgniter.php(353): CodeIgniter\CodeIgniter->handleRequest(null, Object(Config\Cache), false)
 4 FCPATH/index.php(79): CodeIgniter\CodeIgniter->run()
WARNING - 2024-11-26 01:17:16 --> [DEPRECATED] Creation of dynamic property App\Controllers\Matches::$validation is deprecated in APPPATH/Controllers/BaseController.php on line 57.
 1 SYSTEMPATH/CodeIgniter.php(892): App\Controllers\BaseController->initController(Object(CodeIgniter\HTTP\IncomingRequest), Object(CodeIgniter\HTTP\Response), Object(CodeIgniter\Log\Logger))
 2 SYSTEMPATH/CodeIgniter.php(485): CodeIgniter\CodeIgniter->createController()
 3 SYSTEMPATH/CodeIgniter.php(353): CodeIgniter\CodeIgniter->handleRequest(null, Object(Config\Cache), false)
 4 FCPATH/index.php(79): CodeIgniter\CodeIgniter->run()
WARNING - 2024-11-26 01:17:16 --> [DEPRECATED] Creation of dynamic property App\Controllers\Matches::$validation is deprecated in APPPATH/Controllers/BaseController.php on line 57.
 1 SYSTEMPATH/CodeIgniter.php(892): App\Controllers\BaseController->initController(Object(CodeIgniter\HTTP\IncomingRequest), Object(CodeIgniter\HTTP\Response), Object(CodeIgniter\Log\Logger))
 2 SYSTEMPATH/CodeIgniter.php(485): CodeIgniter\CodeIgniter->createController()
 3 SYSTEMPATH/CodeIgniter.php(353): CodeIgniter\CodeIgniter->handleRequest(null, Object(Config\Cache), false)
 4 FCPATH/index.php(79): CodeIgniter\CodeIgniter->run()
WARNING - 2024-11-26 01:17:23 --> [DEPRECATED] Creation of dynamic property App\Controllers\Matches::$validation is deprecated in APPPATH/Controllers/BaseController.php on line 57.
 1 SYSTEMPATH/CodeIgniter.php(892): App\Controllers\BaseController->initController(Object(CodeIgniter\HTTP\IncomingRequest), Object(CodeIgniter\HTTP\Response), Object(CodeIgniter\Log\Logger))
 2 SYSTEMPATH/CodeIgniter.php(485): CodeIgniter\CodeIgniter->createController()
 3 SYSTEMPATH/CodeIgniter.php(353): CodeIgniter\CodeIgniter->handleRequest(null, Object(Config\Cache), false)
 4 FCPATH/index.php(79): CodeIgniter\CodeIgniter->run()
WARNING - 2024-11-26 01:17:23 --> [DEPRECATED] Creation of dynamic property App\Controllers\Matches::$validation is deprecated in APPPATH/Controllers/BaseController.php on line 57.
 1 SYSTEMPATH/CodeIgniter.php(892): App\Controllers\BaseController->initController(Object(CodeIgniter\HTTP\IncomingRequest), Object(CodeIgniter\HTTP\Response), Object(CodeIgniter\Log\Logger))
 2 SYSTEMPATH/CodeIgniter.php(485): CodeIgniter\CodeIgniter->createController()
 3 SYSTEMPATH/CodeIgniter.php(353): CodeIgniter\CodeIgniter->handleRequest(null, Object(Config\Cache), false)
 4 FCPATH/index.php(79): CodeIgniter\CodeIgniter->run()
WARNING - 2024-11-26 01:17:23 --> [DEPRECATED] Creation of dynamic property App\Controllers\Matches::$validation is deprecated in APPPATH/Controllers/BaseController.php on line 57.
 1 SYSTEMPATH/CodeIgniter.php(892): App\Controllers\BaseController->initController(Object(CodeIgniter\HTTP\IncomingRequest), Object(CodeIgniter\HTTP\Response), Object(CodeIgniter\Log\Logger))
 2 SYSTEMPATH/CodeIgniter.php(485): CodeIgniter\CodeIgniter->createController()
 3 SYSTEMPATH/CodeIgniter.php(353): CodeIgniter\CodeIgniter->handleRequest(null, Object(Config\Cache), false)
 4 FCPATH/index.php(79): CodeIgniter\CodeIgniter->run()
WARNING - 2024-11-26 01:17:23 --> [DEPRECATED] Creation of dynamic property App\Controllers\Cron\News::$validation is deprecated in APPPATH/Controllers/BaseController.php on line 57.
 1 SYSTEMPATH/CodeIgniter.php(892): App\Controllers\BaseController->initController(Object(CodeIgniter\HTTP\IncomingRequest), Object(CodeIgniter\HTTP\Response), Object(CodeIgniter\Log\Logger))
 2 SYSTEMPATH/CodeIgniter.php(485): CodeIgniter\CodeIgniter->createController()
 3 SYSTEMPATH/CodeIgniter.php(353): CodeIgniter\CodeIgniter->handleRequest(null, Object(Config\Cache), false)
 4 FCPATH/index.php(79): CodeIgniter\CodeIgniter->run()
WARNING - 2024-11-26 01:17:23 --> [DEPRECATED] Creation of dynamic property App\Controllers\Matches::$validation is deprecated in APPPATH/Controllers/BaseController.php on line 57.
 1 SYSTEMPATH/CodeIgniter.php(892): App\Controllers\BaseController->initController(Object(CodeIgniter\HTTP\IncomingRequest), Object(CodeIgniter\HTTP\Response), Object(CodeIgniter\Log\Logger))
 2 SYSTEMPATH/CodeIgniter.php(485): CodeIgniter\CodeIgniter->createController()
 3 SYSTEMPATH/CodeIgniter.php(353): CodeIgniter\CodeIgniter->handleRequest(null, Object(Config\Cache), false)
 4 FCPATH/index.php(79): CodeIgniter\CodeIgniter->run()
WARNING - 2024-11-26 01:17:23 --> [DEPRECATED] Creation of dynamic property App\Controllers\Matches::$validation is deprecated in APPPATH/Controllers/BaseController.php on line 57.
 1 SYSTEMPATH/CodeIgniter.php(892): App\Controllers\BaseController->initController(Object(CodeIgniter\HTTP\IncomingRequest), Object(CodeIgniter\HTTP\Response), Object(CodeIgniter\Log\Logger))
 2 SYSTEMPATH/CodeIgniter.php(485): CodeIgniter\CodeIgniter->createController()
 3 SYSTEMPATH/CodeIgniter.php(353): CodeIgniter\CodeIgniter->handleRequest(null, Object(Config\Cache), false)
 4 FCPATH/index.php(79): CodeIgniter\CodeIgniter->run()
WARNING - 2024-11-26 01:17:26 --> [DEPRECATED] Creation of dynamic property App\Controllers\Matches::$validation is deprecated in APPPATH/Controllers/BaseController.php on line 57.
 1 SYSTEMPATH/CodeIgniter.php(892): App\Controllers\BaseController->initController(Object(CodeIgniter\HTTP\IncomingRequest), Object(CodeIgniter\HTTP\Response), Object(CodeIgniter\Log\Logger))
 2 SYSTEMPATH/CodeIgniter.php(485): CodeIgniter\CodeIgniter->createController()
 3 SYSTEMPATH/CodeIgniter.php(353): CodeIgniter\CodeIgniter->handleRequest(null, Object(Config\Cache), false)
 4 FCPATH/index.php(79): CodeIgniter\CodeIgniter->run()
WARNING - 2024-11-26 01:17:26 --> [DEPRECATED] Creation of dynamic property App\Controllers\Matches::$validation is deprecated in APPPATH/Controllers/BaseController.php on line 57.
 1 SYSTEMPATH/CodeIgniter.php(892): App\Controllers\BaseController->initController(Object(CodeIgniter\HTTP\IncomingRequest), Object(CodeIgniter\HTTP\Response), Object(CodeIgniter\Log\Logger))
 2 SYSTEMPATH/CodeIgniter.php(485): CodeIgniter\CodeIgniter->createController()
 3 SYSTEMPATH/CodeIgniter.php(353): CodeIgniter\CodeIgniter->handleRequest(null, Object(Config\Cache), false)
 4 FCPATH/index.php(79): CodeIgniter\CodeIgniter->run()
WARNING - 2024-11-26 01:17:26 --> [DEPRECATED] Creation of dynamic property App\Controllers\Matches::$validation is deprecated in APPPATH/Controllers/BaseController.php on line 57.
 1 SYSTEMPATH/CodeIgniter.php(892): App\Controllers\BaseController->initController(Object(CodeIgniter\HTTP\IncomingRequest), Object(CodeIgniter\HTTP\Response), Object(CodeIgniter\Log\Logger))
 2 SYSTEMPATH/CodeIgniter.php(485): CodeIgniter\CodeIgniter->createController()
 3 SYSTEMPATH/CodeIgniter.php(353): CodeIgniter\CodeIgniter->handleRequest(null, Object(Config\Cache), false)
 4 FCPATH/index.php(79): CodeIgniter\CodeIgniter->run()
WARNING - 2024-11-26 01:17:26 --> [DEPRECATED] Creation of dynamic property App\Controllers\Cron\News::$validation is deprecated in APPPATH/Controllers/BaseController.php on line 57.
 1 SYSTEMPATH/CodeIgniter.php(892): App\Controllers\BaseController->initController(Object(CodeIgniter\HTTP\IncomingRequest), Object(CodeIgniter\HTTP\Response), Object(CodeIgniter\Log\Logger))
 2 SYSTEMPATH/CodeIgniter.php(485): CodeIgniter\CodeIgniter->createController()
 3 SYSTEMPATH/CodeIgniter.php(353): CodeIgniter\CodeIgniter->handleRequest(null, Object(Config\Cache), false)
 4 FCPATH/index.php(79): CodeIgniter\CodeIgniter->run()
WARNING - 2024-11-26 01:17:27 --> [DEPRECATED] Creation of dynamic property App\Controllers\Matches::$validation is deprecated in APPPATH/Controllers/BaseController.php on line 57.
 1 SYSTEMPATH/CodeIgniter.php(892): App\Controllers\BaseController->initController(Object(CodeIgniter\HTTP\IncomingRequest), Object(CodeIgniter\HTTP\Response), Object(CodeIgniter\Log\Logger))
 2 SYSTEMPATH/CodeIgniter.php(485): CodeIgniter\CodeIgniter->createController()
 3 SYSTEMPATH/CodeIgniter.php(353): CodeIgniter\CodeIgniter->handleRequest(null, Object(Config\Cache), false)
 4 FCPATH/index.php(79): CodeIgniter\CodeIgniter->run()
WARNING - 2024-11-26 01:17:27 --> [DEPRECATED] Creation of dynamic property App\Controllers\Matches::$validation is deprecated in APPPATH/Controllers/BaseController.php on line 57.
 1 SYSTEMPATH/CodeIgniter.php(892): App\Controllers\BaseController->initController(Object(CodeIgniter\HTTP\IncomingRequest), Object(CodeIgniter\HTTP\Response), Object(CodeIgniter\Log\Logger))
 2 SYSTEMPATH/CodeIgniter.php(485): CodeIgniter\CodeIgniter->createController()
 3 SYSTEMPATH/CodeIgniter.php(353): CodeIgniter\CodeIgniter->handleRequest(null, Object(Config\Cache), false)
 4 FCPATH/index.php(79): CodeIgniter\CodeIgniter->run()
WARNING - 2024-11-26 01:17:35 --> [DEPRECATED] Creation of dynamic property App\Controllers\Matches::$validation is deprecated in APPPATH/Controllers/BaseController.php on line 57.
 1 SYSTEMPATH/CodeIgniter.php(892): App\Controllers\BaseController->initController(Object(CodeIgniter\HTTP\IncomingRequest), Object(CodeIgniter\HTTP\Response), Object(CodeIgniter\Log\Logger))
 2 SYSTEMPATH/CodeIgniter.php(485): CodeIgniter\CodeIgniter->createController()
 3 SYSTEMPATH/CodeIgniter.php(353): CodeIgniter\CodeIgniter->handleRequest(null, Object(Config\Cache), false)
 4 FCPATH/index.php(79): CodeIgniter\CodeIgniter->run()
WARNING - 2024-11-26 01:17:35 --> [DEPRECATED] Creation of dynamic property App\Controllers\Matches::$validation is deprecated in APPPATH/Controllers/BaseController.php on line 57.
 1 SYSTEMPATH/CodeIgniter.php(892): App\Controllers\BaseController->initController(Object(CodeIgniter\HTTP\IncomingRequest), Object(CodeIgniter\HTTP\Response), Object(CodeIgniter\Log\Logger))
 2 SYSTEMPATH/CodeIgniter.php(485): CodeIgniter\CodeIgniter->createController()
 3 SYSTEMPATH/CodeIgniter.php(353): CodeIgniter\CodeIgniter->handleRequest(null, Object(Config\Cache), false)
 4 FCPATH/index.php(79): CodeIgniter\CodeIgniter->run()
WARNING - 2024-11-26 01:17:35 --> [DEPRECATED] Creation of dynamic property App\Controllers\Matches::$validation is deprecated in APPPATH/Controllers/BaseController.php on line 57.
 1 SYSTEMPATH/CodeIgniter.php(892): App\Controllers\BaseController->initController(Object(CodeIgniter\HTTP\IncomingRequest), Object(CodeIgniter\HTTP\Response), Object(CodeIgniter\Log\Logger))
 2 SYSTEMPATH/CodeIgniter.php(485): CodeIgniter\CodeIgniter->createController()
 3 SYSTEMPATH/CodeIgniter.php(353): CodeIgniter\CodeIgniter->handleRequest(null, Object(Config\Cache), false)
 4 FCPATH/index.php(79): CodeIgniter\CodeIgniter->run()
WARNING - 2024-11-26 01:17:35 --> [DEPRECATED] Creation of dynamic property App\Controllers\Cron\News::$validation is deprecated in APPPATH/Controllers/BaseController.php on line 57.
 1 SYSTEMPATH/CodeIgniter.php(892): App\Controllers\BaseController->initController(Object(CodeIgniter\HTTP\IncomingRequest), Object(CodeIgniter\HTTP\Response), Object(CodeIgniter\Log\Logger))
 2 SYSTEMPATH/CodeIgniter.php(485): CodeIgniter\CodeIgniter->createController()
 3 SYSTEMPATH/CodeIgniter.php(353): CodeIgniter\CodeIgniter->handleRequest(null, Object(Config\Cache), false)
 4 FCPATH/index.php(79): CodeIgniter\CodeIgniter->run()
WARNING - 2024-11-26 01:17:35 --> [DEPRECATED] Creation of dynamic property App\Controllers\Matches::$validation is deprecated in APPPATH/Controllers/BaseController.php on line 57.
 1 SYSTEMPATH/CodeIgniter.php(892): App\Controllers\BaseController->initController(Object(CodeIgniter\HTTP\IncomingRequest), Object(CodeIgniter\HTTP\Response), Object(CodeIgniter\Log\Logger))
 2 SYSTEMPATH/CodeIgniter.php(485): CodeIgniter\CodeIgniter->createController()
 3 SYSTEMPATH/CodeIgniter.php(353): CodeIgniter\CodeIgniter->handleRequest(null, Object(Config\Cache), false)
 4 FCPATH/index.php(79): CodeIgniter\CodeIgniter->run()
WARNING - 2024-11-26 01:17:35 --> [DEPRECATED] Creation of dynamic property App\Controllers\Matches::$validation is deprecated in APPPATH/Controllers/BaseController.php on line 57.
 1 SYSTEMPATH/CodeIgniter.php(892): App\Controllers\BaseController->initController(Object(CodeIgniter\HTTP\IncomingRequest), Object(CodeIgniter\HTTP\Response), Object(CodeIgniter\Log\Logger))
 2 SYSTEMPATH/CodeIgniter.php(485): CodeIgniter\CodeIgniter->createController()
 3 SYSTEMPATH/CodeIgniter.php(353): CodeIgniter\CodeIgniter->handleRequest(null, Object(Config\Cache), false)
 4 FCPATH/index.php(79): CodeIgniter\CodeIgniter->run()
WARNING - 2024-11-26 01:17:38 --> [DEPRECATED] Creation of dynamic property App\Controllers\Matches::$validation is deprecated in APPPATH/Controllers/BaseController.php on line 57.
 1 SYSTEMPATH/CodeIgniter.php(892): App\Controllers\BaseController->initController(Object(CodeIgniter\HTTP\IncomingRequest), Object(CodeIgniter\HTTP\Response), Object(CodeIgniter\Log\Logger))
 2 SYSTEMPATH/CodeIgniter.php(485): CodeIgniter\CodeIgniter->createController()
 3 SYSTEMPATH/CodeIgniter.php(353): CodeIgniter\CodeIgniter->handleRequest(null, Object(Config\Cache), false)
 4 FCPATH/index.php(79): CodeIgniter\CodeIgniter->run()
WARNING - 2024-11-26 01:17:38 --> [DEPRECATED] Creation of dynamic property App\Controllers\Matches::$validation is deprecated in APPPATH/Controllers/BaseController.php on line 57.
 1 SYSTEMPATH/CodeIgniter.php(892): App\Controllers\BaseController->initController(Object(CodeIgniter\HTTP\IncomingRequest), Object(CodeIgniter\HTTP\Response), Object(CodeIgniter\Log\Logger))
 2 SYSTEMPATH/CodeIgniter.php(485): CodeIgniter\CodeIgniter->createController()
 3 SYSTEMPATH/CodeIgniter.php(353): CodeIgniter\CodeIgniter->handleRequest(null, Object(Config\Cache), false)
 4 FCPATH/index.php(79): CodeIgniter\CodeIgniter->run()
WARNING - 2024-11-26 01:17:38 --> [DEPRECATED] Creation of dynamic property App\Controllers\Matches::$validation is deprecated in APPPATH/Controllers/BaseController.php on line 57.
 1 SYSTEMPATH/CodeIgniter.php(892): App\Controllers\BaseController->initController(Object(CodeIgniter\HTTP\IncomingRequest), Object(CodeIgniter\HTTP\Response), Object(CodeIgniter\Log\Logger))
 2 SYSTEMPATH/CodeIgniter.php(485): CodeIgniter\CodeIgniter->createController()
 3 SYSTEMPATH/CodeIgniter.php(353): CodeIgniter\CodeIgniter->handleRequest(null, Object(Config\Cache), false)
 4 FCPATH/index.php(79): CodeIgniter\CodeIgniter->run()
WARNING - 2024-11-26 01:17:38 --> [DEPRECATED] Creation of dynamic property App\Controllers\Cron\News::$validation is deprecated in APPPATH/Controllers/BaseController.php on line 57.
 1 SYSTEMPATH/CodeIgniter.php(892): App\Controllers\BaseController->initController(Object(CodeIgniter\HTTP\IncomingRequest), Object(CodeIgniter\HTTP\Response), Object(CodeIgniter\Log\Logger))
 2 SYSTEMPATH/CodeIgniter.php(485): CodeIgniter\CodeIgniter->createController()
 3 SYSTEMPATH/CodeIgniter.php(353): CodeIgniter\CodeIgniter->handleRequest(null, Object(Config\Cache), false)
 4 FCPATH/index.php(79): CodeIgniter\CodeIgniter->run()
WARNING - 2024-11-26 01:17:38 --> [DEPRECATED] Creation of dynamic property App\Controllers\Matches::$validation is deprecated in APPPATH/Controllers/BaseController.php on line 57.
 1 SYSTEMPATH/CodeIgniter.php(892): App\Controllers\BaseController->initController(Object(CodeIgniter\HTTP\IncomingRequest), Object(CodeIgniter\HTTP\Response), Object(CodeIgniter\Log\Logger))
 2 SYSTEMPATH/CodeIgniter.php(485): CodeIgniter\CodeIgniter->createController()
 3 SYSTEMPATH/CodeIgniter.php(353): CodeIgniter\CodeIgniter->handleRequest(null, Object(Config\Cache), false)
 4 FCPATH/index.php(79): CodeIgniter\CodeIgniter->run()
WARNING - 2024-11-26 01:17:38 --> [DEPRECATED] Creation of dynamic property App\Controllers\Matches::$validation is deprecated in APPPATH/Controllers/BaseController.php on line 57.
 1 SYSTEMPATH/CodeIgniter.php(892): App\Controllers\BaseController->initController(Object(CodeIgniter\HTTP\IncomingRequest), Object(CodeIgniter\HTTP\Response), Object(CodeIgniter\Log\Logger))
 2 SYSTEMPATH/CodeIgniter.php(485): CodeIgniter\CodeIgniter->createController()
 3 SYSTEMPATH/CodeIgniter.php(353): CodeIgniter\CodeIgniter->handleRequest(null, Object(Config\Cache), false)
 4 FCPATH/index.php(79): CodeIgniter\CodeIgniter->run()
WARNING - 2024-11-26 01:23:58 --> [DEPRECATED] Creation of dynamic property App\Controllers\Matches::$validation is deprecated in APPPATH/Controllers/BaseController.php on line 57.
 1 SYSTEMPATH/CodeIgniter.php(892): App\Controllers\BaseController->initController(Object(CodeIgniter\HTTP\IncomingRequest), Object(CodeIgniter\HTTP\Response), Object(CodeIgniter\Log\Logger))
 2 SYSTEMPATH/CodeIgniter.php(485): CodeIgniter\CodeIgniter->createController()
 3 SYSTEMPATH/CodeIgniter.php(353): CodeIgniter\CodeIgniter->handleRequest(null, Object(Config\Cache), false)
 4 FCPATH/index.php(79): CodeIgniter\CodeIgniter->run()
WARNING - 2024-11-26 01:23:58 --> [DEPRECATED] Creation of dynamic property App\Controllers\Matches::$validation is deprecated in APPPATH/Controllers/BaseController.php on line 57.
 1 SYSTEMPATH/CodeIgniter.php(892): App\Controllers\BaseController->initController(Object(CodeIgniter\HTTP\IncomingRequest), Object(CodeIgniter\HTTP\Response), Object(CodeIgniter\Log\Logger))
 2 SYSTEMPATH/CodeIgniter.php(485): CodeIgniter\CodeIgniter->createController()
 3 SYSTEMPATH/CodeIgniter.php(353): CodeIgniter\CodeIgniter->handleRequest(null, Object(Config\Cache), false)
 4 FCPATH/index.php(79): CodeIgniter\CodeIgniter->run()
WARNING - 2024-11-26 01:23:58 --> [DEPRECATED] Creation of dynamic property App\Controllers\Matches::$validation is deprecated in APPPATH/Controllers/BaseController.php on line 57.
 1 SYSTEMPATH/CodeIgniter.php(892): App\Controllers\BaseController->initController(Object(CodeIgniter\HTTP\IncomingRequest), Object(CodeIgniter\HTTP\Response), Object(CodeIgniter\Log\Logger))
 2 SYSTEMPATH/CodeIgniter.php(485): CodeIgniter\CodeIgniter->createController()
 3 SYSTEMPATH/CodeIgniter.php(353): CodeIgniter\CodeIgniter->handleRequest(null, Object(Config\Cache), false)
 4 FCPATH/index.php(79): CodeIgniter\CodeIgniter->run()
WARNING - 2024-11-26 01:23:58 --> [DEPRECATED] Creation of dynamic property App\Controllers\Cron\News::$validation is deprecated in APPPATH/Controllers/BaseController.php on line 57.
 1 SYSTEMPATH/CodeIgniter.php(892): App\Controllers\BaseController->initController(Object(CodeIgniter\HTTP\IncomingRequest), Object(CodeIgniter\HTTP\Response), Object(CodeIgniter\Log\Logger))
 2 SYSTEMPATH/CodeIgniter.php(485): CodeIgniter\CodeIgniter->createController()
 3 SYSTEMPATH/CodeIgniter.php(353): CodeIgniter\CodeIgniter->handleRequest(null, Object(Config\Cache), false)
 4 FCPATH/index.php(79): CodeIgniter\CodeIgniter->run()
WARNING - 2024-11-26 01:23:58 --> [DEPRECATED] Creation of dynamic property App\Controllers\Matches::$validation is deprecated in APPPATH/Controllers/BaseController.php on line 57.
 1 SYSTEMPATH/CodeIgniter.php(892): App\Controllers\BaseController->initController(Object(CodeIgniter\HTTP\IncomingRequest), Object(CodeIgniter\HTTP\Response), Object(CodeIgniter\Log\Logger))
 2 SYSTEMPATH/CodeIgniter.php(485): CodeIgniter\CodeIgniter->createController()
 3 SYSTEMPATH/CodeIgniter.php(353): CodeIgniter\CodeIgniter->handleRequest(null, Object(Config\Cache), false)
 4 FCPATH/index.php(79): CodeIgniter\CodeIgniter->run()
WARNING - 2024-11-26 01:23:58 --> [DEPRECATED] Creation of dynamic property App\Controllers\Cron\News::$validation is deprecated in APPPATH/Controllers/BaseController.php on line 57.
 1 SYSTEMPATH/CodeIgniter.php(892): App\Controllers\BaseController->initController(Object(CodeIgniter\HTTP\IncomingRequest), Object(CodeIgniter\HTTP\Response), Object(CodeIgniter\Log\Logger))
 2 SYSTEMPATH/CodeIgniter.php(485): CodeIgniter\CodeIgniter->createController()
 3 SYSTEMPATH/CodeIgniter.php(353): CodeIgniter\CodeIgniter->handleRequest(null, Object(Config\Cache), false)
 4 FCPATH/index.php(79): CodeIgniter\CodeIgniter->run()
WARNING - 2024-11-26 01:23:58 --> [DEPRECATED] Creation of dynamic property App\Controllers\Matches::$validation is deprecated in APPPATH/Controllers/BaseController.php on line 57.
 1 SYSTEMPATH/CodeIgniter.php(892): App\Controllers\BaseController->initController(Object(CodeIgniter\HTTP\IncomingRequest), Object(CodeIgniter\HTTP\Response), Object(CodeIgniter\Log\Logger))
 2 SYSTEMPATH/CodeIgniter.php(485): CodeIgniter\CodeIgniter->createController()
 3 SYSTEMPATH/CodeIgniter.php(353): CodeIgniter\CodeIgniter->handleRequest(null, Object(Config\Cache), false)
 4 FCPATH/index.php(79): CodeIgniter\CodeIgniter->run()
WARNING - 2024-11-26 01:23:58 --> [DEPRECATED] Creation of dynamic property App\Controllers\Matches::$validation is deprecated in APPPATH/Controllers/BaseController.php on line 57.
 1 SYSTEMPATH/CodeIgniter.php(892): App\Controllers\BaseController->initController(Object(CodeIgniter\HTTP\IncomingRequest), Object(CodeIgniter\HTTP\Response), Object(CodeIgniter\Log\Logger))
 2 SYSTEMPATH/CodeIgniter.php(485): CodeIgniter\CodeIgniter->createController()
 3 SYSTEMPATH/CodeIgniter.php(353): CodeIgniter\CodeIgniter->handleRequest(null, Object(Config\Cache), false)
 4 FCPATH/index.php(79): CodeIgniter\CodeIgniter->run()
WARNING - 2024-11-26 01:23:58 --> [DEPRECATED] Creation of dynamic property App\Controllers\Matches::$validation is deprecated in APPPATH/Controllers/BaseController.php on line 57.
 1 SYSTEMPATH/CodeIgniter.php(892): App\Controllers\BaseController->initController(Object(CodeIgniter\HTTP\IncomingRequest), Object(CodeIgniter\HTTP\Response), Object(CodeIgniter\Log\Logger))
 2 SYSTEMPATH/CodeIgniter.php(485): CodeIgniter\CodeIgniter->createController()
 3 SYSTEMPATH/CodeIgniter.php(353): CodeIgniter\CodeIgniter->handleRequest(null, Object(Config\Cache), false)
 4 FCPATH/index.php(79): CodeIgniter\CodeIgniter->run()
WARNING - 2024-11-26 01:23:58 --> [DEPRECATED] Creation of dynamic property App\Controllers\Matches::$validation is deprecated in APPPATH/Controllers/BaseController.php on line 57.
 1 SYSTEMPATH/CodeIgniter.php(892): App\Controllers\BaseController->initController(Object(CodeIgniter\HTTP\IncomingRequest), Object(CodeIgniter\HTTP\Response), Object(CodeIgniter\Log\Logger))
 2 SYSTEMPATH/CodeIgniter.php(485): CodeIgniter\CodeIgniter->createController()
 3 SYSTEMPATH/CodeIgniter.php(353): CodeIgniter\CodeIgniter->handleRequest(null, Object(Config\Cache), false)
 4 FCPATH/index.php(79): CodeIgniter\CodeIgniter->run()
WARNING - 2024-11-26 01:23:58 --> [DEPRECATED] Creation of dynamic property App\Controllers\Matches::$validation is deprecated in APPPATH/Controllers/BaseController.php on line 57.
 1 SYSTEMPATH/CodeIgniter.php(892): App\Controllers\BaseController->initController(Object(CodeIgniter\HTTP\IncomingRequest), Object(CodeIgniter\HTTP\Response), Object(CodeIgniter\Log\Logger))
 2 SYSTEMPATH/CodeIgniter.php(485): CodeIgniter\CodeIgniter->createController()
 3 SYSTEMPATH/CodeIgniter.php(353): CodeIgniter\CodeIgniter->handleRequest(null, Object(Config\Cache), false)
 4 FCPATH/index.php(79): CodeIgniter\CodeIgniter->run()
WARNING - 2024-11-26 01:23:58 --> [DEPRECATED] Creation of dynamic property App\Controllers\Matches::$validation is deprecated in APPPATH/Controllers/BaseController.php on line 57.
 1 SYSTEMPATH/CodeIgniter.php(892): App\Controllers\BaseController->initController(Object(CodeIgniter\HTTP\IncomingRequest), Object(CodeIgniter\HTTP\Response), Object(CodeIgniter\Log\Logger))
 2 SYSTEMPATH/CodeIgniter.php(485): CodeIgniter\CodeIgniter->createController()
 3 SYSTEMPATH/CodeIgniter.php(353): CodeIgniter\CodeIgniter->handleRequest(null, Object(Config\Cache), false)
 4 FCPATH/index.php(79): CodeIgniter\CodeIgniter->run()
WARNING - 2024-11-26 01:23:59 --> [DEPRECATED] Creation of dynamic property App\Controllers\Matches::$validation is deprecated in APPPATH/Controllers/BaseController.php on line 57.
 1 SYSTEMPATH/CodeIgniter.php(892): App\Controllers\BaseController->initController(Object(CodeIgniter\HTTP\IncomingRequest), Object(CodeIgniter\HTTP\Response), Object(CodeIgniter\Log\Logger))
 2 SYSTEMPATH/CodeIgniter.php(485): CodeIgniter\CodeIgniter->createController()
 3 SYSTEMPATH/CodeIgniter.php(353): CodeIgniter\CodeIgniter->handleRequest(null, Object(Config\Cache), false)
 4 FCPATH/index.php(79): CodeIgniter\CodeIgniter->run()
WARNING - 2024-11-26 01:23:59 --> [DEPRECATED] Creation of dynamic property App\Controllers\Cron\News::$validation is deprecated in APPPATH/Controllers/BaseController.php on line 57.
 1 SYSTEMPATH/CodeIgniter.php(892): App\Controllers\BaseController->initController(Object(CodeIgniter\HTTP\IncomingRequest), Object(CodeIgniter\HTTP\Response), Object(CodeIgniter\Log\Logger))
 2 SYSTEMPATH/CodeIgniter.php(485): CodeIgniter\CodeIgniter->createController()
 3 SYSTEMPATH/CodeIgniter.php(353): CodeIgniter\CodeIgniter->handleRequest(null, Object(Config\Cache), false)
 4 FCPATH/index.php(79): CodeIgniter\CodeIgniter->run()
WARNING - 2024-11-26 01:23:59 --> [DEPRECATED] Creation of dynamic property App\Controllers\Matches::$validation is deprecated in APPPATH/Controllers/BaseController.php on line 57.
 1 SYSTEMPATH/CodeIgniter.php(892): App\Controllers\BaseController->initController(Object(CodeIgniter\HTTP\IncomingRequest), Object(CodeIgniter\HTTP\Response), Object(CodeIgniter\Log\Logger))
 2 SYSTEMPATH/CodeIgniter.php(485): CodeIgniter\CodeIgniter->createController()
 3 SYSTEMPATH/CodeIgniter.php(353): CodeIgniter\CodeIgniter->handleRequest(null, Object(Config\Cache), false)
 4 FCPATH/index.php(79): CodeIgniter\CodeIgniter->run()
WARNING - 2024-11-26 01:23:59 --> [DEPRECATED] Creation of dynamic property App\Controllers\Matches::$validation is deprecated in APPPATH/Controllers/BaseController.php on line 57.
 1 SYSTEMPATH/CodeIgniter.php(892): App\Controllers\BaseController->initController(Object(CodeIgniter\HTTP\IncomingRequest), Object(CodeIgniter\HTTP\Response), Object(CodeIgniter\Log\Logger))
 2 SYSTEMPATH/CodeIgniter.php(485): CodeIgniter\CodeIgniter->createController()
 3 SYSTEMPATH/CodeIgniter.php(353): CodeIgniter\CodeIgniter->handleRequest(null, Object(Config\Cache), false)
 4 FCPATH/index.php(79): CodeIgniter\CodeIgniter->run()
WARNING - 2024-11-26 01:23:59 --> [DEPRECATED] Creation of dynamic property App\Controllers\Matches::$validation is deprecated in APPPATH/Controllers/BaseController.php on line 57.
 1 SYSTEMPATH/CodeIgniter.php(892): App\Controllers\BaseController->initController(Object(CodeIgniter\HTTP\IncomingRequest), Object(CodeIgniter\HTTP\Response), Object(CodeIgniter\Log\Logger))
 2 SYSTEMPATH/CodeIgniter.php(485): CodeIgniter\CodeIgniter->createController()
 3 SYSTEMPATH/CodeIgniter.php(353): CodeIgniter\CodeIgniter->handleRequest(null, Object(Config\Cache), false)
 4 FCPATH/index.php(79): CodeIgniter\CodeIgniter->run()
WARNING - 2024-11-26 01:23:59 --> [DEPRECATED] Creation of dynamic property App\Controllers\Matches::$validation is deprecated in APPPATH/Controllers/BaseController.php on line 57.
 1 SYSTEMPATH/CodeIgniter.php(892): App\Controllers\BaseController->initController(Object(CodeIgniter\HTTP\IncomingRequest), Object(CodeIgniter\HTTP\Response), Object(CodeIgniter\Log\Logger))
 2 SYSTEMPATH/CodeIgniter.php(485): CodeIgniter\CodeIgniter->createController()
 3 SYSTEMPATH/CodeIgniter.php(353): CodeIgniter\CodeIgniter->handleRequest(null, Object(Config\Cache), false)
 4 FCPATH/index.php(79): CodeIgniter\CodeIgniter->run()
WARNING - 2024-11-26 01:24:00 --> [DEPRECATED] Creation of dynamic property App\Controllers\Matches::$validation is deprecated in APPPATH/Controllers/BaseController.php on line 57.
 1 SYSTEMPATH/CodeIgniter.php(892): App\Controllers\BaseController->initController(Object(CodeIgniter\HTTP\IncomingRequest), Object(CodeIgniter\HTTP\Response), Object(CodeIgniter\Log\Logger))
 2 SYSTEMPATH/CodeIgniter.php(485): CodeIgniter\CodeIgniter->createController()
 3 SYSTEMPATH/CodeIgniter.php(353): CodeIgniter\CodeIgniter->handleRequest(null, Object(Config\Cache), false)
 4 FCPATH/index.php(79): CodeIgniter\CodeIgniter->run()
WARNING - 2024-11-26 01:24:00 --> [DEPRECATED] Creation of dynamic property App\Controllers\Matches::$validation is deprecated in APPPATH/Controllers/BaseController.php on line 57.
 1 SYSTEMPATH/CodeIgniter.php(892): App\Controllers\BaseController->initController(Object(CodeIgniter\HTTP\IncomingRequest), Object(CodeIgniter\HTTP\Response), Object(CodeIgniter\Log\Logger))
 2 SYSTEMPATH/CodeIgniter.php(485): CodeIgniter\CodeIgniter->createController()
 3 SYSTEMPATH/CodeIgniter.php(353): CodeIgniter\CodeIgniter->handleRequest(null, Object(Config\Cache), false)
 4 FCPATH/index.php(79): CodeIgniter\CodeIgniter->run()
WARNING - 2024-11-26 01:24:01 --> [DEPRECATED] Creation of dynamic property App\Controllers\Cron\News::$validation is deprecated in APPPATH/Controllers/BaseController.php on line 57.
 1 SYSTEMPATH/CodeIgniter.php(892): App\Controllers\BaseController->initController(Object(CodeIgniter\HTTP\IncomingRequest), Object(CodeIgniter\HTTP\Response), Object(CodeIgniter\Log\Logger))
 2 SYSTEMPATH/CodeIgniter.php(485): CodeIgniter\CodeIgniter->createController()
 3 SYSTEMPATH/CodeIgniter.php(353): CodeIgniter\CodeIgniter->handleRequest(null, Object(Config\Cache), false)
 4 FCPATH/index.php(79): CodeIgniter\CodeIgniter->run()
WARNING - 2024-11-26 01:24:01 --> [DEPRECATED] Creation of dynamic property App\Controllers\Matches::$validation is deprecated in APPPATH/Controllers/BaseController.php on line 57.
 1 SYSTEMPATH/CodeIgniter.php(892): App\Controllers\BaseController->initController(Object(CodeIgniter\HTTP\IncomingRequest), Object(CodeIgniter\HTTP\Response), Object(CodeIgniter\Log\Logger))
 2 SYSTEMPATH/CodeIgniter.php(485): CodeIgniter\CodeIgniter->createController()
 3 SYSTEMPATH/CodeIgniter.php(353): CodeIgniter\CodeIgniter->handleRequest(null, Object(Config\Cache), false)
 4 FCPATH/index.php(79): CodeIgniter\CodeIgniter->run()
WARNING - 2024-11-26 01:24:01 --> [DEPRECATED] Creation of dynamic property App\Controllers\Matches::$validation is deprecated in APPPATH/Controllers/BaseController.php on line 57.
 1 SYSTEMPATH/CodeIgniter.php(892): App\Controllers\BaseController->initController(Object(CodeIgniter\HTTP\IncomingRequest), Object(CodeIgniter\HTTP\Response), Object(CodeIgniter\Log\Logger))
 2 SYSTEMPATH/CodeIgniter.php(485): CodeIgniter\CodeIgniter->createController()
 3 SYSTEMPATH/CodeIgniter.php(353): CodeIgniter\CodeIgniter->handleRequest(null, Object(Config\Cache), false)
 4 FCPATH/index.php(79): CodeIgniter\CodeIgniter->run()
WARNING - 2024-11-26 01:24:01 --> [DEPRECATED] Creation of dynamic property App\Controllers\Matches::$validation is deprecated in APPPATH/Controllers/BaseController.php on line 57.
 1 SYSTEMPATH/CodeIgniter.php(892): App\Controllers\BaseController->initController(Object(CodeIgniter\HTTP\IncomingRequest), Object(CodeIgniter\HTTP\Response), Object(CodeIgniter\Log\Logger))
 2 SYSTEMPATH/CodeIgniter.php(485): CodeIgniter\CodeIgniter->createController()
 3 SYSTEMPATH/CodeIgniter.php(353): CodeIgniter\CodeIgniter->handleRequest(null, Object(Config\Cache), false)
 4 FCPATH/index.php(79): CodeIgniter\CodeIgniter->run()
WARNING - 2024-11-26 01:24:02 --> [DEPRECATED] Creation of dynamic property App\Controllers\Matches::$validation is deprecated in APPPATH/Controllers/BaseController.php on line 57.
 1 SYSTEMPATH/CodeIgniter.php(892): App\Controllers\BaseController->initController(Object(CodeIgniter\HTTP\IncomingRequest), Object(CodeIgniter\HTTP\Response), Object(CodeIgniter\Log\Logger))
 2 SYSTEMPATH/CodeIgniter.php(485): CodeIgniter\CodeIgniter->createController()
 3 SYSTEMPATH/CodeIgniter.php(353): CodeIgniter\CodeIgniter->handleRequest(null, Object(Config\Cache), false)
 4 FCPATH/index.php(79): CodeIgniter\CodeIgniter->run()
WARNING - 2024-11-26 01:24:02 --> [DEPRECATED] Creation of dynamic property App\Controllers\Matches::$validation is deprecated in APPPATH/Controllers/BaseController.php on line 57.
 1 SYSTEMPATH/CodeIgniter.php(892): App\Controllers\BaseController->initController(Object(CodeIgniter\HTTP\IncomingRequest), Object(CodeIgniter\HTTP\Response), Object(CodeIgniter\Log\Logger))
 2 SYSTEMPATH/CodeIgniter.php(485): CodeIgniter\CodeIgniter->createController()
 3 SYSTEMPATH/CodeIgniter.php(353): CodeIgniter\CodeIgniter->handleRequest(null, Object(Config\Cache), false)
 4 FCPATH/index.php(79): CodeIgniter\CodeIgniter->run()
WARNING - 2024-11-26 01:29:58 --> [DEPRECATED] Creation of dynamic property App\Controllers\Matches::$validation is deprecated in APPPATH/Controllers/BaseController.php on line 57.
 1 SYSTEMPATH/CodeIgniter.php(892): App\Controllers\BaseController->initController(Object(CodeIgniter\HTTP\IncomingRequest), Object(CodeIgniter\HTTP\Response), Object(CodeIgniter\Log\Logger))
 2 SYSTEMPATH/CodeIgniter.php(485): CodeIgniter\CodeIgniter->createController()
 3 SYSTEMPATH/CodeIgniter.php(353): CodeIgniter\CodeIgniter->handleRequest(null, Object(Config\Cache), false)
 4 FCPATH/index.php(79): CodeIgniter\CodeIgniter->run()
WARNING - 2024-11-26 01:29:58 --> [DEPRECATED] Creation of dynamic property App\Controllers\Cron\News::$validation is deprecated in APPPATH/Controllers/BaseController.php on line 57.
 1 SYSTEMPATH/CodeIgniter.php(892): App\Controllers\BaseController->initController(Object(CodeIgniter\HTTP\IncomingRequest), Object(CodeIgniter\HTTP\Response), Object(CodeIgniter\Log\Logger))
 2 SYSTEMPATH/CodeIgniter.php(485): CodeIgniter\CodeIgniter->createController()
 3 SYSTEMPATH/CodeIgniter.php(353): CodeIgniter\CodeIgniter->handleRequest(null, Object(Config\Cache), false)
 4 FCPATH/index.php(79): CodeIgniter\CodeIgniter->run()
WARNING - 2024-11-26 01:29:58 --> [DEPRECATED] Creation of dynamic property App\Controllers\Matches::$validation is deprecated in APPPATH/Controllers/BaseController.php on line 57.
 1 SYSTEMPATH/CodeIgniter.php(892): App\Controllers\BaseController->initController(Object(CodeIgniter\HTTP\IncomingRequest), Object(CodeIgniter\HTTP\Response), Object(CodeIgniter\Log\Logger))
 2 SYSTEMPATH/CodeIgniter.php(485): CodeIgniter\CodeIgniter->createController()
 3 SYSTEMPATH/CodeIgniter.php(353): CodeIgniter\CodeIgniter->handleRequest(null, Object(Config\Cache), false)
 4 FCPATH/index.php(79): CodeIgniter\CodeIgniter->run()
WARNING - 2024-11-26 01:29:58 --> [DEPRECATED] Creation of dynamic property App\Controllers\Matches::$validation is deprecated in APPPATH/Controllers/BaseController.php on line 57.
 1 SYSTEMPATH/CodeIgniter.php(892): App\Controllers\BaseController->initController(Object(CodeIgniter\HTTP\IncomingRequest), Object(CodeIgniter\HTTP\Response), Object(CodeIgniter\Log\Logger))
 2 SYSTEMPATH/CodeIgniter.php(485): CodeIgniter\CodeIgniter->createController()
 3 SYSTEMPATH/CodeIgniter.php(353): CodeIgniter\CodeIgniter->handleRequest(null, Object(Config\Cache), false)
 4 FCPATH/index.php(79): CodeIgniter\CodeIgniter->run()
WARNING - 2024-11-26 01:30:03 --> [DEPRECATED] Creation of dynamic property App\Controllers\Matches::$validation is deprecated in APPPATH/Controllers/BaseController.php on line 57.
 1 SYSTEMPATH/CodeIgniter.php(892): App\Controllers\BaseController->initController(Object(CodeIgniter\HTTP\IncomingRequest), Object(CodeIgniter\HTTP\Response), Object(CodeIgniter\Log\Logger))
 2 SYSTEMPATH/CodeIgniter.php(485): CodeIgniter\CodeIgniter->createController()
 3 SYSTEMPATH/CodeIgniter.php(353): CodeIgniter\CodeIgniter->handleRequest(null, Object(Config\Cache), false)
 4 FCPATH/index.php(79): CodeIgniter\CodeIgniter->run()
WARNING - 2024-11-26 01:30:03 --> [DEPRECATED] Creation of dynamic property App\Controllers\Matches::$validation is deprecated in APPPATH/Controllers/BaseController.php on line 57.
 1 SYSTEMPATH/CodeIgniter.php(892): App\Controllers\BaseController->initController(Object(CodeIgniter\HTTP\IncomingRequest), Object(CodeIgniter\HTTP\Response), Object(CodeIgniter\Log\Logger))
 2 SYSTEMPATH/CodeIgniter.php(485): CodeIgniter\CodeIgniter->createController()
 3 SYSTEMPATH/CodeIgniter.php(353): CodeIgniter\CodeIgniter->handleRequest(null, Object(Config\Cache), false)
 4 FCPATH/index.php(79): CodeIgniter\CodeIgniter->run()
WARNING - 2024-11-26 01:30:05 --> [DEPRECATED] Creation of dynamic property App\Controllers\Matches::$validation is deprecated in APPPATH/Controllers/BaseController.php on line 57.
 1 SYSTEMPATH/CodeIgniter.php(892): App\Controllers\BaseController->initController(Object(CodeIgniter\HTTP\IncomingRequest), Object(CodeIgniter\HTTP\Response), Object(CodeIgniter\Log\Logger))
 2 SYSTEMPATH/CodeIgniter.php(485): CodeIgniter\CodeIgniter->createController()
 3 SYSTEMPATH/CodeIgniter.php(353): CodeIgniter\CodeIgniter->handleRequest(null, Object(Config\Cache), false)
 4 FCPATH/index.php(79): CodeIgniter\CodeIgniter->run()
WARNING - 2024-11-26 01:31:16 --> [DEPRECATED] Creation of dynamic property App\Controllers\Matches::$validation is deprecated in APPPATH/Controllers/BaseController.php on line 57.
 1 SYSTEMPATH/CodeIgniter.php(892): App\Controllers\BaseController->initController(Object(CodeIgniter\HTTP\IncomingRequest), Object(CodeIgniter\HTTP\Response), Object(CodeIgniter\Log\Logger))
 2 SYSTEMPATH/CodeIgniter.php(485): CodeIgniter\CodeIgniter->createController()
 3 SYSTEMPATH/CodeIgniter.php(353): CodeIgniter\CodeIgniter->handleRequest(null, Object(Config\Cache), false)
 4 FCPATH/index.php(79): CodeIgniter\CodeIgniter->run()
WARNING - 2024-11-26 01:31:16 --> [DEPRECATED] Creation of dynamic property App\Controllers\Matches::$validation is deprecated in APPPATH/Controllers/BaseController.php on line 57.
 1 SYSTEMPATH/CodeIgniter.php(892): App\Controllers\BaseController->initController(Object(CodeIgniter\HTTP\IncomingRequest), Object(CodeIgniter\HTTP\Response), Object(CodeIgniter\Log\Logger))
 2 SYSTEMPATH/CodeIgniter.php(485): CodeIgniter\CodeIgniter->createController()
 3 SYSTEMPATH/CodeIgniter.php(353): CodeIgniter\CodeIgniter->handleRequest(null, Object(Config\Cache), false)
 4 FCPATH/index.php(79): CodeIgniter\CodeIgniter->run()
WARNING - 2024-11-26 01:31:16 --> [DEPRECATED] Creation of dynamic property App\Controllers\Matches::$validation is deprecated in APPPATH/Controllers/BaseController.php on line 57.
 1 SYSTEMPATH/CodeIgniter.php(892): App\Controllers\BaseController->initController(Object(CodeIgniter\HTTP\IncomingRequest), Object(CodeIgniter\HTTP\Response), Object(CodeIgniter\Log\Logger))
 2 SYSTEMPATH/CodeIgniter.php(485): CodeIgniter\CodeIgniter->createController()
 3 SYSTEMPATH/CodeIgniter.php(353): CodeIgniter\CodeIgniter->handleRequest(null, Object(Config\Cache), false)
 4 FCPATH/index.php(79): CodeIgniter\CodeIgniter->run()
WARNING - 2024-11-26 01:31:16 --> [DEPRECATED] Creation of dynamic property App\Controllers\Cron\News::$validation is deprecated in APPPATH/Controllers/BaseController.php on line 57.
 1 SYSTEMPATH/CodeIgniter.php(892): App\Controllers\BaseController->initController(Object(CodeIgniter\HTTP\IncomingRequest), Object(CodeIgniter\HTTP\Response), Object(CodeIgniter\Log\Logger))
 2 SYSTEMPATH/CodeIgniter.php(485): CodeIgniter\CodeIgniter->createController()
 3 SYSTEMPATH/CodeIgniter.php(353): CodeIgniter\CodeIgniter->handleRequest(null, Object(Config\Cache), false)
 4 FCPATH/index.php(79): CodeIgniter\CodeIgniter->run()
WARNING - 2024-11-26 01:31:16 --> [DEPRECATED] Creation of dynamic property App\Controllers\Matches::$validation is deprecated in APPPATH/Controllers/BaseController.php on line 57.
 1 SYSTEMPATH/CodeIgniter.php(892): App\Controllers\BaseController->initController(Object(CodeIgniter\HTTP\IncomingRequest), Object(CodeIgniter\HTTP\Response), Object(CodeIgniter\Log\Logger))
 2 SYSTEMPATH/CodeIgniter.php(485): CodeIgniter\CodeIgniter->createController()
 3 SYSTEMPATH/CodeIgniter.php(353): CodeIgniter\CodeIgniter->handleRequest(null, Object(Config\Cache), false)
 4 FCPATH/index.php(79): CodeIgniter\CodeIgniter->run()
WARNING - 2024-11-26 01:31:16 --> [DEPRECATED] Creation of dynamic property App\Controllers\Matches::$validation is deprecated in APPPATH/Controllers/BaseController.php on line 57.
 1 SYSTEMPATH/CodeIgniter.php(892): App\Controllers\BaseController->initController(Object(CodeIgniter\HTTP\IncomingRequest), Object(CodeIgniter\HTTP\Response), Object(CodeIgniter\Log\Logger))
 2 SYSTEMPATH/CodeIgniter.php(485): CodeIgniter\CodeIgniter->createController()
 3 SYSTEMPATH/CodeIgniter.php(353): CodeIgniter\CodeIgniter->handleRequest(null, Object(Config\Cache), false)
 4 FCPATH/index.php(79): CodeIgniter\CodeIgniter->run()
WARNING - 2024-11-26 01:31:17 --> [DEPRECATED] Creation of dynamic property App\Controllers\Matches::$validation is deprecated in APPPATH/Controllers/BaseController.php on line 57.
 1 SYSTEMPATH/CodeIgniter.php(892): App\Controllers\BaseController->initController(Object(CodeIgniter\HTTP\IncomingRequest), Object(CodeIgniter\HTTP\Response), Object(CodeIgniter\Log\Logger))
 2 SYSTEMPATH/CodeIgniter.php(485): CodeIgniter\CodeIgniter->createController()
 3 SYSTEMPATH/CodeIgniter.php(353): CodeIgniter\CodeIgniter->handleRequest(null, Object(Config\Cache), false)
 4 FCPATH/index.php(79): CodeIgniter\CodeIgniter->run()
WARNING - 2024-11-26 01:37:05 --> [DEPRECATED] Creation of dynamic property App\Controllers\Matches::$validation is deprecated in APPPATH/Controllers/BaseController.php on line 57.
 1 SYSTEMPATH/CodeIgniter.php(892): App\Controllers\BaseController->initController(Object(CodeIgniter\HTTP\IncomingRequest), Object(CodeIgniter\HTTP\Response), Object(CodeIgniter\Log\Logger))
 2 SYSTEMPATH/CodeIgniter.php(485): CodeIgniter\CodeIgniter->createController()
 3 SYSTEMPATH/CodeIgniter.php(353): CodeIgniter\CodeIgniter->handleRequest(null, Object(Config\Cache), false)
 4 FCPATH/index.php(79): CodeIgniter\CodeIgniter->run()
WARNING - 2024-11-26 01:37:21 --> [DEPRECATED] Creation of dynamic property App\Controllers\Matches::$validation is deprecated in APPPATH/Controllers/BaseController.php on line 57.
 1 SYSTEMPATH/CodeIgniter.php(892): App\Controllers\BaseController->initController(Object(CodeIgniter\HTTP\IncomingRequest), Object(CodeIgniter\HTTP\Response), Object(CodeIgniter\Log\Logger))
 2 SYSTEMPATH/CodeIgniter.php(485): CodeIgniter\CodeIgniter->createController()
 3 SYSTEMPATH/CodeIgniter.php(353): CodeIgniter\CodeIgniter->handleRequest(null, Object(Config\Cache), false)
 4 FCPATH/index.php(79): CodeIgniter\CodeIgniter->run()
WARNING - 2024-11-26 01:37:21 --> [DEPRECATED] Creation of dynamic property App\Controllers\Matches::$validation is deprecated in APPPATH/Controllers/BaseController.php on line 57.
 1 SYSTEMPATH/CodeIgniter.php(892): App\Controllers\BaseController->initController(Object(CodeIgniter\HTTP\IncomingRequest), Object(CodeIgniter\HTTP\Response), Object(CodeIgniter\Log\Logger))
 2 SYSTEMPATH/CodeIgniter.php(485): CodeIgniter\CodeIgniter->createController()
 3 SYSTEMPATH/CodeIgniter.php(353): CodeIgniter\CodeIgniter->handleRequest(null, Object(Config\Cache), false)
 4 FCPATH/index.php(79): CodeIgniter\CodeIgniter->run()
WARNING - 2024-11-26 01:37:22 --> [DEPRECATED] Creation of dynamic property App\Controllers\Matches::$validation is deprecated in APPPATH/Controllers/BaseController.php on line 57.
 1 SYSTEMPATH/CodeIgniter.php(892): App\Controllers\BaseController->initController(Object(CodeIgniter\HTTP\IncomingRequest), Object(CodeIgniter\HTTP\Response), Object(CodeIgniter\Log\Logger))
 2 SYSTEMPATH/CodeIgniter.php(485): CodeIgniter\CodeIgniter->createController()
 3 SYSTEMPATH/CodeIgniter.php(353): CodeIgniter\CodeIgniter->handleRequest(null, Object(Config\Cache), false)
 4 FCPATH/index.php(79): CodeIgniter\CodeIgniter->run()
WARNING - 2024-11-26 01:37:24 --> [DEPRECATED] Creation of dynamic property App\Controllers\Cron\News::$validation is deprecated in APPPATH/Controllers/BaseController.php on line 57.
 1 SYSTEMPATH/CodeIgniter.php(892): App\Controllers\BaseController->initController(Object(CodeIgniter\HTTP\IncomingRequest), Object(CodeIgniter\HTTP\Response), Object(CodeIgniter\Log\Logger))
 2 SYSTEMPATH/CodeIgniter.php(485): CodeIgniter\CodeIgniter->createController()
 3 SYSTEMPATH/CodeIgniter.php(353): CodeIgniter\CodeIgniter->handleRequest(null, Object(Config\Cache), false)
 4 FCPATH/index.php(79): CodeIgniter\CodeIgniter->run()
WARNING - 2024-11-26 01:37:24 --> [DEPRECATED] Creation of dynamic property App\Controllers\Matches::$validation is deprecated in APPPATH/Controllers/BaseController.php on line 57.
 1 SYSTEMPATH/CodeIgniter.php(892): App\Controllers\BaseController->initController(Object(CodeIgniter\HTTP\IncomingRequest), Object(CodeIgniter\HTTP\Response), Object(CodeIgniter\Log\Logger))
 2 SYSTEMPATH/CodeIgniter.php(485): CodeIgniter\CodeIgniter->createController()
 3 SYSTEMPATH/CodeIgniter.php(353): CodeIgniter\CodeIgniter->handleRequest(null, Object(Config\Cache), false)
 4 FCPATH/index.php(79): CodeIgniter\CodeIgniter->run()
WARNING - 2024-11-26 01:37:26 --> [DEPRECATED] Creation of dynamic property App\Controllers\Matches::$validation is deprecated in APPPATH/Controllers/BaseController.php on line 57.
 1 SYSTEMPATH/CodeIgniter.php(892): App\Controllers\BaseController->initController(Object(CodeIgniter\HTTP\IncomingRequest), Object(CodeIgniter\HTTP\Response), Object(CodeIgniter\Log\Logger))
 2 SYSTEMPATH/CodeIgniter.php(485): CodeIgniter\CodeIgniter->createController()
 3 SYSTEMPATH/CodeIgniter.php(353): CodeIgniter\CodeIgniter->handleRequest(null, Object(Config\Cache), false)
 4 FCPATH/index.php(79): CodeIgniter\CodeIgniter->run()
WARNING - 2024-11-26 01:53:40 --> [DEPRECATED] Creation of dynamic property App\Controllers\Matches::$validation is deprecated in APPPATH/Controllers/BaseController.php on line 57.
 1 SYSTEMPATH/CodeIgniter.php(892): App\Controllers\BaseController->initController(Object(CodeIgniter\HTTP\IncomingRequest), Object(CodeIgniter\HTTP\Response), Object(CodeIgniter\Log\Logger))
 2 SYSTEMPATH/CodeIgniter.php(485): CodeIgniter\CodeIgniter->createController()
 3 SYSTEMPATH/CodeIgniter.php(353): CodeIgniter\CodeIgniter->handleRequest(null, Object(Config\Cache), false)
 4 FCPATH/index.php(79): CodeIgniter\CodeIgniter->run()
WARNING - 2024-11-26 01:53:40 --> [DEPRECATED] Creation of dynamic property App\Controllers\Matches::$validation is deprecated in APPPATH/Controllers/BaseController.php on line 57.
 1 SYSTEMPATH/CodeIgniter.php(892): App\Controllers\BaseController->initController(Object(CodeIgniter\HTTP\IncomingRequest), Object(CodeIgniter\HTTP\Response), Object(CodeIgniter\Log\Logger))
 2 SYSTEMPATH/CodeIgniter.php(485): CodeIgniter\CodeIgniter->createController()
 3 SYSTEMPATH/CodeIgniter.php(353): CodeIgniter\CodeIgniter->handleRequest(null, Object(Config\Cache), false)
 4 FCPATH/index.php(79): CodeIgniter\CodeIgniter->run()
WARNING - 2024-11-26 01:53:40 --> [DEPRECATED] Creation of dynamic property App\Controllers\Cron\News::$validation is deprecated in APPPATH/Controllers/BaseController.php on line 57.
 1 SYSTEMPATH/CodeIgniter.php(892): App\Controllers\BaseController->initController(Object(CodeIgniter\HTTP\IncomingRequest), Object(CodeIgniter\HTTP\Response), Object(CodeIgniter\Log\Logger))
 2 SYSTEMPATH/CodeIgniter.php(485): CodeIgniter\CodeIgniter->createController()
 3 SYSTEMPATH/CodeIgniter.php(353): CodeIgniter\CodeIgniter->handleRequest(null, Object(Config\Cache), false)
 4 FCPATH/index.php(79): CodeIgniter\CodeIgniter->run()
WARNING - 2024-11-26 01:53:41 --> [DEPRECATED] Creation of dynamic property App\Controllers\Matches::$validation is deprecated in APPPATH/Controllers/BaseController.php on line 57.
 1 SYSTEMPATH/CodeIgniter.php(892): App\Controllers\BaseController->initController(Object(CodeIgniter\HTTP\IncomingRequest), Object(CodeIgniter\HTTP\Response), Object(CodeIgniter\Log\Logger))
 2 SYSTEMPATH/CodeIgniter.php(485): CodeIgniter\CodeIgniter->createController()
 3 SYSTEMPATH/CodeIgniter.php(353): CodeIgniter\CodeIgniter->handleRequest(null, Object(Config\Cache), false)
 4 FCPATH/index.php(79): CodeIgniter\CodeIgniter->run()
WARNING - 2024-11-26 01:53:42 --> [DEPRECATED] Creation of dynamic property App\Controllers\Matches::$validation is deprecated in APPPATH/Controllers/BaseController.php on line 57.
 1 SYSTEMPATH/CodeIgniter.php(892): App\Controllers\BaseController->initController(Object(CodeIgniter\HTTP\IncomingRequest), Object(CodeIgniter\HTTP\Response), Object(CodeIgniter\Log\Logger))
 2 SYSTEMPATH/CodeIgniter.php(485): CodeIgniter\CodeIgniter->createController()
 3 SYSTEMPATH/CodeIgniter.php(353): CodeIgniter\CodeIgniter->handleRequest(null, Object(Config\Cache), false)
 4 FCPATH/index.php(79): CodeIgniter\CodeIgniter->run()
WARNING - 2024-11-26 02:06:28 --> [DEPRECATED] Creation of dynamic property App\Controllers\Cron\News::$validation is deprecated in APPPATH/Controllers/BaseController.php on line 57.
 1 SYSTEMPATH/CodeIgniter.php(892): App\Controllers\BaseController->initController(Object(CodeIgniter\HTTP\IncomingRequest), Object(CodeIgniter\HTTP\Response), Object(CodeIgniter\Log\Logger))
 2 SYSTEMPATH/CodeIgniter.php(485): CodeIgniter\CodeIgniter->createController()
 3 SYSTEMPATH/CodeIgniter.php(353): CodeIgniter\CodeIgniter->handleRequest(null, Object(Config\Cache), false)
 4 FCPATH/index.php(79): CodeIgniter\CodeIgniter->run()
WARNING - 2024-11-26 02:06:28 --> [DEPRECATED] Creation of dynamic property App\Controllers\Matches::$validation is deprecated in APPPATH/Controllers/BaseController.php on line 57.
 1 SYSTEMPATH/CodeIgniter.php(892): App\Controllers\BaseController->initController(Object(CodeIgniter\HTTP\IncomingRequest), Object(CodeIgniter\HTTP\Response), Object(CodeIgniter\Log\Logger))
 2 SYSTEMPATH/CodeIgniter.php(485): CodeIgniter\CodeIgniter->createController()
 3 SYSTEMPATH/CodeIgniter.php(353): CodeIgniter\CodeIgniter->handleRequest(null, Object(Config\Cache), false)
 4 FCPATH/index.php(79): CodeIgniter\CodeIgniter->run()
WARNING - 2024-11-26 02:06:28 --> [DEPRECATED] Creation of dynamic property App\Controllers\Matches::$validation is deprecated in APPPATH/Controllers/BaseController.php on line 57.
 1 SYSTEMPATH/CodeIgniter.php(892): App\Controllers\BaseController->initController(Object(CodeIgniter\HTTP\IncomingRequest), Object(CodeIgniter\HTTP\Response), Object(CodeIgniter\Log\Logger))
 2 SYSTEMPATH/CodeIgniter.php(485): CodeIgniter\CodeIgniter->createController()
 3 SYSTEMPATH/CodeIgniter.php(353): CodeIgniter\CodeIgniter->handleRequest(null, Object(Config\Cache), false)
 4 FCPATH/index.php(79): CodeIgniter\CodeIgniter->run()
WARNING - 2024-11-26 02:06:28 --> [DEPRECATED] Creation of dynamic property App\Controllers\Matches::$validation is deprecated in APPPATH/Controllers/BaseController.php on line 57.
 1 SYSTEMPATH/CodeIgniter.php(892): App\Controllers\BaseController->initController(Object(CodeIgniter\HTTP\IncomingRequest), Object(CodeIgniter\HTTP\Response), Object(CodeIgniter\Log\Logger))
 2 SYSTEMPATH/CodeIgniter.php(485): CodeIgniter\CodeIgniter->createController()
 3 SYSTEMPATH/CodeIgniter.php(353): CodeIgniter\CodeIgniter->handleRequest(null, Object(Config\Cache), false)
 4 FCPATH/index.php(79): CodeIgniter\CodeIgniter->run()
WARNING - 2024-11-26 02:06:28 --> [DEPRECATED] Creation of dynamic property App\Controllers\Matches::$validation is deprecated in APPPATH/Controllers/BaseController.php on line 57.
 1 SYSTEMPATH/CodeIgniter.php(892): App\Controllers\BaseController->initController(Object(CodeIgniter\HTTP\IncomingRequest), Object(CodeIgniter\HTTP\Response), Object(CodeIgniter\Log\Logger))
 2 SYSTEMPATH/CodeIgniter.php(485): CodeIgniter\CodeIgniter->createController()
 3 SYSTEMPATH/CodeIgniter.php(353): CodeIgniter\CodeIgniter->handleRequest(null, Object(Config\Cache), false)
 4 FCPATH/index.php(79): CodeIgniter\CodeIgniter->run()
WARNING - 2024-11-26 02:06:28 --> [DEPRECATED] Creation of dynamic property App\Controllers\Cron\News::$validation is deprecated in APPPATH/Controllers/BaseController.php on line 57.
 1 SYSTEMPATH/CodeIgniter.php(892): App\Controllers\BaseController->initController(Object(CodeIgniter\HTTP\IncomingRequest), Object(CodeIgniter\HTTP\Response), Object(CodeIgniter\Log\Logger))
 2 SYSTEMPATH/CodeIgniter.php(485): CodeIgniter\CodeIgniter->createController()
 3 SYSTEMPATH/CodeIgniter.php(353): CodeIgniter\CodeIgniter->handleRequest(null, Object(Config\Cache), false)
 4 FCPATH/index.php(79): CodeIgniter\CodeIgniter->run()
WARNING - 2024-11-26 02:06:28 --> [DEPRECATED] Creation of dynamic property App\Controllers\Matches::$validation is deprecated in APPPATH/Controllers/BaseController.php on line 57.
 1 SYSTEMPATH/CodeIgniter.php(892): App\Controllers\BaseController->initController(Object(CodeIgniter\HTTP\IncomingRequest), Object(CodeIgniter\HTTP\Response), Object(CodeIgniter\Log\Logger))
 2 SYSTEMPATH/CodeIgniter.php(485): CodeIgniter\CodeIgniter->createController()
 3 SYSTEMPATH/CodeIgniter.php(353): CodeIgniter\CodeIgniter->handleRequest(null, Object(Config\Cache), false)
 4 FCPATH/index.php(79): CodeIgniter\CodeIgniter->run()
WARNING - 2024-11-26 02:06:28 --> [DEPRECATED] Creation of dynamic property App\Controllers\Matches::$validation is deprecated in APPPATH/Controllers/BaseController.php on line 57.
 1 SYSTEMPATH/CodeIgniter.php(892): App\Controllers\BaseController->initController(Object(CodeIgniter\HTTP\IncomingRequest), Object(CodeIgniter\HTTP\Response), Object(CodeIgniter\Log\Logger))
 2 SYSTEMPATH/CodeIgniter.php(485): CodeIgniter\CodeIgniter->createController()
 3 SYSTEMPATH/CodeIgniter.php(353): CodeIgniter\CodeIgniter->handleRequest(null, Object(Config\Cache), false)
 4 FCPATH/index.php(79): CodeIgniter\CodeIgniter->run()
WARNING - 2024-11-26 02:06:28 --> [DEPRECATED] Creation of dynamic property App\Controllers\Matches::$validation is deprecated in APPPATH/Controllers/BaseController.php on line 57.
 1 SYSTEMPATH/CodeIgniter.php(892): App\Controllers\BaseController->initController(Object(CodeIgniter\HTTP\IncomingRequest), Object(CodeIgniter\HTTP\Response), Object(CodeIgniter\Log\Logger))
 2 SYSTEMPATH/CodeIgniter.php(485): CodeIgniter\CodeIgniter->createController()
 3 SYSTEMPATH/CodeIgniter.php(353): CodeIgniter\CodeIgniter->handleRequest(null, Object(Config\Cache), false)
 4 FCPATH/index.php(79): CodeIgniter\CodeIgniter->run()
WARNING - 2024-11-26 02:06:28 --> [DEPRECATED] Creation of dynamic property App\Controllers\Matches::$validation is deprecated in APPPATH/Controllers/BaseController.php on line 57.
 1 SYSTEMPATH/CodeIgniter.php(892): App\Controllers\BaseController->initController(Object(CodeIgniter\HTTP\IncomingRequest), Object(CodeIgniter\HTTP\Response), Object(CodeIgniter\Log\Logger))
 2 SYSTEMPATH/CodeIgniter.php(485): CodeIgniter\CodeIgniter->createController()
 3 SYSTEMPATH/CodeIgniter.php(353): CodeIgniter\CodeIgniter->handleRequest(null, Object(Config\Cache), false)
 4 FCPATH/index.php(79): CodeIgniter\CodeIgniter->run()
WARNING - 2024-11-26 02:06:29 --> [DEPRECATED] Creation of dynamic property App\Controllers\Cron\News::$validation is deprecated in APPPATH/Controllers/BaseController.php on line 57.
 1 SYSTEMPATH/CodeIgniter.php(892): App\Controllers\BaseController->initController(Object(CodeIgniter\HTTP\IncomingRequest), Object(CodeIgniter\HTTP\Response), Object(CodeIgniter\Log\Logger))
 2 SYSTEMPATH/CodeIgniter.php(485): CodeIgniter\CodeIgniter->createController()
 3 SYSTEMPATH/CodeIgniter.php(353): CodeIgniter\CodeIgniter->handleRequest(null, Object(Config\Cache), false)
 4 FCPATH/index.php(79): CodeIgniter\CodeIgniter->run()
WARNING - 2024-11-26 02:06:29 --> [DEPRECATED] Creation of dynamic property App\Controllers\Matches::$validation is deprecated in APPPATH/Controllers/BaseController.php on line 57.
 1 SYSTEMPATH/CodeIgniter.php(892): App\Controllers\BaseController->initController(Object(CodeIgniter\HTTP\IncomingRequest), Object(CodeIgniter\HTTP\Response), Object(CodeIgniter\Log\Logger))
 2 SYSTEMPATH/CodeIgniter.php(485): CodeIgniter\CodeIgniter->createController()
 3 SYSTEMPATH/CodeIgniter.php(353): CodeIgniter\CodeIgniter->handleRequest(null, Object(Config\Cache), false)
 4 FCPATH/index.php(79): CodeIgniter\CodeIgniter->run()
WARNING - 2024-11-26 02:06:29 --> [DEPRECATED] Creation of dynamic property App\Controllers\Matches::$validation is deprecated in APPPATH/Controllers/BaseController.php on line 57.
 1 SYSTEMPATH/CodeIgniter.php(892): App\Controllers\BaseController->initController(Object(CodeIgniter\HTTP\IncomingRequest), Object(CodeIgniter\HTTP\Response), Object(CodeIgniter\Log\Logger))
 2 SYSTEMPATH/CodeIgniter.php(485): CodeIgniter\CodeIgniter->createController()
 3 SYSTEMPATH/CodeIgniter.php(353): CodeIgniter\CodeIgniter->handleRequest(null, Object(Config\Cache), false)
 4 FCPATH/index.php(79): CodeIgniter\CodeIgniter->run()
WARNING - 2024-11-26 02:06:29 --> [DEPRECATED] Creation of dynamic property App\Controllers\Matches::$validation is deprecated in APPPATH/Controllers/BaseController.php on line 57.
 1 SYSTEMPATH/CodeIgniter.php(892): App\Controllers\BaseController->initController(Object(CodeIgniter\HTTP\IncomingRequest), Object(CodeIgniter\HTTP\Response), Object(CodeIgniter\Log\Logger))
 2 SYSTEMPATH/CodeIgniter.php(485): CodeIgniter\CodeIgniter->createController()
 3 SYSTEMPATH/CodeIgniter.php(353): CodeIgniter\CodeIgniter->handleRequest(null, Object(Config\Cache), false)
 4 FCPATH/index.php(79): CodeIgniter\CodeIgniter->run()
WARNING - 2024-11-26 02:06:29 --> [DEPRECATED] Creation of dynamic property App\Controllers\Matches::$validation is deprecated in APPPATH/Controllers/BaseController.php on line 57.
 1 SYSTEMPATH/CodeIgniter.php(892): App\Controllers\BaseController->initController(Object(CodeIgniter\HTTP\IncomingRequest), Object(CodeIgniter\HTTP\Response), Object(CodeIgniter\Log\Logger))
 2 SYSTEMPATH/CodeIgniter.php(485): CodeIgniter\CodeIgniter->createController()
 3 SYSTEMPATH/CodeIgniter.php(353): CodeIgniter\CodeIgniter->handleRequest(null, Object(Config\Cache), false)
 4 FCPATH/index.php(79): CodeIgniter\CodeIgniter->run()
WARNING - 2024-11-26 02:06:29 --> [DEPRECATED] Creation of dynamic property App\Controllers\Matches::$validation is deprecated in APPPATH/Controllers/BaseController.php on line 57.
 1 SYSTEMPATH/CodeIgniter.php(892): App\Controllers\BaseController->initController(Object(CodeIgniter\HTTP\IncomingRequest), Object(CodeIgniter\HTTP\Response), Object(CodeIgniter\Log\Logger))
 2 SYSTEMPATH/CodeIgniter.php(485): CodeIgniter\CodeIgniter->createController()
 3 SYSTEMPATH/CodeIgniter.php(353): CodeIgniter\CodeIgniter->handleRequest(null, Object(Config\Cache), false)
 4 FCPATH/index.php(79): CodeIgniter\CodeIgniter->run()
WARNING - 2024-11-26 02:06:30 --> [DEPRECATED] Creation of dynamic property App\Controllers\Matches::$validation is deprecated in APPPATH/Controllers/BaseController.php on line 57.
 1 SYSTEMPATH/CodeIgniter.php(892): App\Controllers\BaseController->initController(Object(CodeIgniter\HTTP\IncomingRequest), Object(CodeIgniter\HTTP\Response), Object(CodeIgniter\Log\Logger))
 2 SYSTEMPATH/CodeIgniter.php(485): CodeIgniter\CodeIgniter->createController()
 3 SYSTEMPATH/CodeIgniter.php(353): CodeIgniter\CodeIgniter->handleRequest(null, Object(Config\Cache), false)
 4 FCPATH/index.php(79): CodeIgniter\CodeIgniter->run()
WARNING - 2024-11-26 02:06:30 --> [DEPRECATED] Creation of dynamic property App\Controllers\Matches::$validation is deprecated in APPPATH/Controllers/BaseController.php on line 57.
 1 SYSTEMPATH/CodeIgniter.php(892): App\Controllers\BaseController->initController(Object(CodeIgniter\HTTP\IncomingRequest), Object(CodeIgniter\HTTP\Response), Object(CodeIgniter\Log\Logger))
 2 SYSTEMPATH/CodeIgniter.php(485): CodeIgniter\CodeIgniter->createController()
 3 SYSTEMPATH/CodeIgniter.php(353): CodeIgniter\CodeIgniter->handleRequest(null, Object(Config\Cache), false)
 4 FCPATH/index.php(79): CodeIgniter\CodeIgniter->run()
WARNING - 2024-11-26 02:06:30 --> [DEPRECATED] Creation of dynamic property App\Controllers\Matches::$validation is deprecated in APPPATH/Controllers/BaseController.php on line 57.
 1 SYSTEMPATH/CodeIgniter.php(892): App\Controllers\BaseController->initController(Object(CodeIgniter\HTTP\IncomingRequest), Object(CodeIgniter\HTTP\Response), Object(CodeIgniter\Log\Logger))
 2 SYSTEMPATH/CodeIgniter.php(485): CodeIgniter\CodeIgniter->createController()
 3 SYSTEMPATH/CodeIgniter.php(353): CodeIgniter\CodeIgniter->handleRequest(null, Object(Config\Cache), false)
 4 FCPATH/index.php(79): CodeIgniter\CodeIgniter->run()
WARNING - 2024-11-26 02:06:32 --> [DEPRECATED] Creation of dynamic property App\Controllers\Matches::$validation is deprecated in APPPATH/Controllers/BaseController.php on line 57.
 1 SYSTEMPATH/CodeIgniter.php(892): App\Controllers\BaseController->initController(Object(CodeIgniter\HTTP\IncomingRequest), Object(CodeIgniter\HTTP\Response), Object(CodeIgniter\Log\Logger))
 2 SYSTEMPATH/CodeIgniter.php(485): CodeIgniter\CodeIgniter->createController()
 3 SYSTEMPATH/CodeIgniter.php(353): CodeIgniter\CodeIgniter->handleRequest(null, Object(Config\Cache), false)
 4 FCPATH/index.php(79): CodeIgniter\CodeIgniter->run()
WARNING - 2024-11-26 02:06:32 --> [DEPRECATED] Creation of dynamic property App\Controllers\Cron\News::$validation is deprecated in APPPATH/Controllers/BaseController.php on line 57.
 1 SYSTEMPATH/CodeIgniter.php(892): App\Controllers\BaseController->initController(Object(CodeIgniter\HTTP\IncomingRequest), Object(CodeIgniter\HTTP\Response), Object(CodeIgniter\Log\Logger))
 2 SYSTEMPATH/CodeIgniter.php(485): CodeIgniter\CodeIgniter->createController()
 3 SYSTEMPATH/CodeIgniter.php(353): CodeIgniter\CodeIgniter->handleRequest(null, Object(Config\Cache), false)
 4 FCPATH/index.php(79): CodeIgniter\CodeIgniter->run()
WARNING - 2024-11-26 02:06:32 --> [DEPRECATED] Creation of dynamic property App\Controllers\Matches::$validation is deprecated in APPPATH/Controllers/BaseController.php on line 57.
 1 SYSTEMPATH/CodeIgniter.php(892): App\Controllers\BaseController->initController(Object(CodeIgniter\HTTP\IncomingRequest), Object(CodeIgniter\HTTP\Response), Object(CodeIgniter\Log\Logger))
 2 SYSTEMPATH/CodeIgniter.php(485): CodeIgniter\CodeIgniter->createController()
 3 SYSTEMPATH/CodeIgniter.php(353): CodeIgniter\CodeIgniter->handleRequest(null, Object(Config\Cache), false)
 4 FCPATH/index.php(79): CodeIgniter\CodeIgniter->run()
WARNING - 2024-11-26 02:06:32 --> [DEPRECATED] Creation of dynamic property App\Controllers\Matches::$validation is deprecated in APPPATH/Controllers/BaseController.php on line 57.
 1 SYSTEMPATH/CodeIgniter.php(892): App\Controllers\BaseController->initController(Object(CodeIgniter\HTTP\IncomingRequest), Object(CodeIgniter\HTTP\Response), Object(CodeIgniter\Log\Logger))
 2 SYSTEMPATH/CodeIgniter.php(485): CodeIgniter\CodeIgniter->createController()
 3 SYSTEMPATH/CodeIgniter.php(353): CodeIgniter\CodeIgniter->handleRequest(null, Object(Config\Cache), false)
 4 FCPATH/index.php(79): CodeIgniter\CodeIgniter->run()
WARNING - 2024-11-26 02:06:32 --> [DEPRECATED] Creation of dynamic property App\Controllers\Matches::$validation is deprecated in APPPATH/Controllers/BaseController.php on line 57.
 1 SYSTEMPATH/CodeIgniter.php(892): App\Controllers\BaseController->initController(Object(CodeIgniter\HTTP\IncomingRequest), Object(CodeIgniter\HTTP\Response), Object(CodeIgniter\Log\Logger))
 2 SYSTEMPATH/CodeIgniter.php(485): CodeIgniter\CodeIgniter->createController()
 3 SYSTEMPATH/CodeIgniter.php(353): CodeIgniter\CodeIgniter->handleRequest(null, Object(Config\Cache), false)
 4 FCPATH/index.php(79): CodeIgniter\CodeIgniter->run()
WARNING - 2024-11-26 02:06:32 --> [DEPRECATED] Creation of dynamic property App\Controllers\Matches::$validation is deprecated in APPPATH/Controllers/BaseController.php on line 57.
 1 SYSTEMPATH/CodeIgniter.php(892): App\Controllers\BaseController->initController(Object(CodeIgniter\HTTP\IncomingRequest), Object(CodeIgniter\HTTP\Response), Object(CodeIgniter\Log\Logger))
 2 SYSTEMPATH/CodeIgniter.php(485): CodeIgniter\CodeIgniter->createController()
 3 SYSTEMPATH/CodeIgniter.php(353): CodeIgniter\CodeIgniter->handleRequest(null, Object(Config\Cache), false)
 4 FCPATH/index.php(79): CodeIgniter\CodeIgniter->run()
WARNING - 2024-11-26 02:06:33 --> [DEPRECATED] Creation of dynamic property App\Controllers\Matches::$validation is deprecated in APPPATH/Controllers/BaseController.php on line 57.
 1 SYSTEMPATH/CodeIgniter.php(892): App\Controllers\BaseController->initController(Object(CodeIgniter\HTTP\IncomingRequest), Object(CodeIgniter\HTTP\Response), Object(CodeIgniter\Log\Logger))
 2 SYSTEMPATH/CodeIgniter.php(485): CodeIgniter\CodeIgniter->createController()
 3 SYSTEMPATH/CodeIgniter.php(353): CodeIgniter\CodeIgniter->handleRequest(null, Object(Config\Cache), false)
 4 FCPATH/index.php(79): CodeIgniter\CodeIgniter->run()
WARNING - 2024-11-26 02:08:45 --> [DEPRECATED] Creation of dynamic property App\Controllers\Matches::$validation is deprecated in APPPATH/Controllers/BaseController.php on line 57.
 1 SYSTEMPATH/CodeIgniter.php(892): App\Controllers\BaseController->initController(Object(CodeIgniter\HTTP\IncomingRequest), Object(CodeIgniter\HTTP\Response), Object(CodeIgniter\Log\Logger))
 2 SYSTEMPATH/CodeIgniter.php(485): CodeIgniter\CodeIgniter->createController()
 3 SYSTEMPATH/CodeIgniter.php(353): CodeIgniter\CodeIgniter->handleRequest(null, Object(Config\Cache), false)
 4 FCPATH/index.php(79): CodeIgniter\CodeIgniter->run()
WARNING - 2024-11-26 02:08:45 --> [DEPRECATED] Creation of dynamic property App\Controllers\Cron\News::$validation is deprecated in APPPATH/Controllers/BaseController.php on line 57.
 1 SYSTEMPATH/CodeIgniter.php(892): App\Controllers\BaseController->initController(Object(CodeIgniter\HTTP\IncomingRequest), Object(CodeIgniter\HTTP\Response), Object(CodeIgniter\Log\Logger))
 2 SYSTEMPATH/CodeIgniter.php(485): CodeIgniter\CodeIgniter->createController()
 3 SYSTEMPATH/CodeIgniter.php(353): CodeIgniter\CodeIgniter->handleRequest(null, Object(Config\Cache), false)
 4 FCPATH/index.php(79): CodeIgniter\CodeIgniter->run()
WARNING - 2024-11-26 02:08:45 --> [DEPRECATED] Creation of dynamic property App\Controllers\Matches::$validation is deprecated in APPPATH/Controllers/BaseController.php on line 57.
 1 SYSTEMPATH/CodeIgniter.php(892): App\Controllers\BaseController->initController(Object(CodeIgniter\HTTP\IncomingRequest), Object(CodeIgniter\HTTP\Response), Object(CodeIgniter\Log\Logger))
 2 SYSTEMPATH/CodeIgniter.php(485): CodeIgniter\CodeIgniter->createController()
 3 SYSTEMPATH/CodeIgniter.php(353): CodeIgniter\CodeIgniter->handleRequest(null, Object(Config\Cache), false)
 4 FCPATH/index.php(79): CodeIgniter\CodeIgniter->run()
WARNING - 2024-11-26 02:08:45 --> [DEPRECATED] Creation of dynamic property App\Controllers\Matches::$validation is deprecated in APPPATH/Controllers/BaseController.php on line 57.
 1 SYSTEMPATH/CodeIgniter.php(892): App\Controllers\BaseController->initController(Object(CodeIgniter\HTTP\IncomingRequest), Object(CodeIgniter\HTTP\Response), Object(CodeIgniter\Log\Logger))
 2 SYSTEMPATH/CodeIgniter.php(485): CodeIgniter\CodeIgniter->createController()
 3 SYSTEMPATH/CodeIgniter.php(353): CodeIgniter\CodeIgniter->handleRequest(null, Object(Config\Cache), false)
 4 FCPATH/index.php(79): CodeIgniter\CodeIgniter->run()
WARNING - 2024-11-26 02:08:51 --> [DEPRECATED] Creation of dynamic property App\Controllers\Matches::$validation is deprecated in APPPATH/Controllers/BaseController.php on line 57.
 1 SYSTEMPATH/CodeIgniter.php(892): App\Controllers\BaseController->initController(Object(CodeIgniter\HTTP\IncomingRequest), Object(CodeIgniter\HTTP\Response), Object(CodeIgniter\Log\Logger))
 2 SYSTEMPATH/CodeIgniter.php(485): CodeIgniter\CodeIgniter->createController()
 3 SYSTEMPATH/CodeIgniter.php(353): CodeIgniter\CodeIgniter->handleRequest(null, Object(Config\Cache), false)
 4 FCPATH/index.php(79): CodeIgniter\CodeIgniter->run()
WARNING - 2024-11-26 02:08:51 --> [DEPRECATED] Creation of dynamic property App\Controllers\Matches::$validation is deprecated in APPPATH/Controllers/BaseController.php on line 57.
 1 SYSTEMPATH/CodeIgniter.php(892): App\Controllers\BaseController->initController(Object(CodeIgniter\HTTP\IncomingRequest), Object(CodeIgniter\HTTP\Response), Object(CodeIgniter\Log\Logger))
 2 SYSTEMPATH/CodeIgniter.php(485): CodeIgniter\CodeIgniter->createController()
 3 SYSTEMPATH/CodeIgniter.php(353): CodeIgniter\CodeIgniter->handleRequest(null, Object(Config\Cache), false)
 4 FCPATH/index.php(79): CodeIgniter\CodeIgniter->run()
WARNING - 2024-11-26 02:08:53 --> [DEPRECATED] Creation of dynamic property App\Controllers\Matches::$validation is deprecated in APPPATH/Controllers/BaseController.php on line 57.
 1 SYSTEMPATH/CodeIgniter.php(892): App\Controllers\BaseController->initController(Object(CodeIgniter\HTTP\IncomingRequest), Object(CodeIgniter\HTTP\Response), Object(CodeIgniter\Log\Logger))
 2 SYSTEMPATH/CodeIgniter.php(485): CodeIgniter\CodeIgniter->createController()
 3 SYSTEMPATH/CodeIgniter.php(353): CodeIgniter\CodeIgniter->handleRequest(null, Object(Config\Cache), false)
 4 FCPATH/index.php(79): CodeIgniter\CodeIgniter->run()
WARNING - 2024-11-26 02:11:13 --> [DEPRECATED] Creation of dynamic property App\Controllers\Cron\News::$validation is deprecated in APPPATH/Controllers/BaseController.php on line 57.
 1 SYSTEMPATH/CodeIgniter.php(892): App\Controllers\BaseController->initController(Object(CodeIgniter\HTTP\IncomingRequest), Object(CodeIgniter\HTTP\Response), Object(CodeIgniter\Log\Logger))
 2 SYSTEMPATH/CodeIgniter.php(485): CodeIgniter\CodeIgniter->createController()
 3 SYSTEMPATH/CodeIgniter.php(353): CodeIgniter\CodeIgniter->handleRequest(null, Object(Config\Cache), false)
 4 FCPATH/index.php(79): CodeIgniter\CodeIgniter->run()
WARNING - 2024-11-26 02:11:13 --> [DEPRECATED] Creation of dynamic property App\Controllers\Matches::$validation is deprecated in APPPATH/Controllers/BaseController.php on line 57.
 1 SYSTEMPATH/CodeIgniter.php(892): App\Controllers\BaseController->initController(Object(CodeIgniter\HTTP\IncomingRequest), Object(CodeIgniter\HTTP\Response), Object(CodeIgniter\Log\Logger))
 2 SYSTEMPATH/CodeIgniter.php(485): CodeIgniter\CodeIgniter->createController()
 3 SYSTEMPATH/CodeIgniter.php(353): CodeIgniter\CodeIgniter->handleRequest(null, Object(Config\Cache), false)
 4 FCPATH/index.php(79): CodeIgniter\CodeIgniter->run()
WARNING - 2024-11-26 02:11:13 --> [DEPRECATED] Creation of dynamic property App\Controllers\Matches::$validation is deprecated in APPPATH/Controllers/BaseController.php on line 57.
 1 SYSTEMPATH/CodeIgniter.php(892): App\Controllers\BaseController->initController(Object(CodeIgniter\HTTP\IncomingRequest), Object(CodeIgniter\HTTP\Response), Object(CodeIgniter\Log\Logger))
 2 SYSTEMPATH/CodeIgniter.php(485): CodeIgniter\CodeIgniter->createController()
 3 SYSTEMPATH/CodeIgniter.php(353): CodeIgniter\CodeIgniter->handleRequest(null, Object(Config\Cache), false)
 4 FCPATH/index.php(79): CodeIgniter\CodeIgniter->run()
WARNING - 2024-11-26 02:11:13 --> [DEPRECATED] Creation of dynamic property App\Controllers\Matches::$validation is deprecated in APPPATH/Controllers/BaseController.php on line 57.
 1 SYSTEMPATH/CodeIgniter.php(892): App\Controllers\BaseController->initController(Object(CodeIgniter\HTTP\IncomingRequest), Object(CodeIgniter\HTTP\Response), Object(CodeIgniter\Log\Logger))
 2 SYSTEMPATH/CodeIgniter.php(485): CodeIgniter\CodeIgniter->createController()
 3 SYSTEMPATH/CodeIgniter.php(353): CodeIgniter\CodeIgniter->handleRequest(null, Object(Config\Cache), false)
 4 FCPATH/index.php(79): CodeIgniter\CodeIgniter->run()
WARNING - 2024-11-26 02:11:14 --> [DEPRECATED] Creation of dynamic property App\Controllers\Matches::$validation is deprecated in APPPATH/Controllers/BaseController.php on line 57.
 1 SYSTEMPATH/CodeIgniter.php(892): App\Controllers\BaseController->initController(Object(CodeIgniter\HTTP\IncomingRequest), Object(CodeIgniter\HTTP\Response), Object(CodeIgniter\Log\Logger))
 2 SYSTEMPATH/CodeIgniter.php(485): CodeIgniter\CodeIgniter->createController()
 3 SYSTEMPATH/CodeIgniter.php(353): CodeIgniter\CodeIgniter->handleRequest(null, Object(Config\Cache), false)
 4 FCPATH/index.php(79): CodeIgniter\CodeIgniter->run()
WARNING - 2024-11-26 02:11:14 --> [DEPRECATED] Creation of dynamic property App\Controllers\Matches::$validation is deprecated in APPPATH/Controllers/BaseController.php on line 57.
 1 SYSTEMPATH/CodeIgniter.php(892): App\Controllers\BaseController->initController(Object(CodeIgniter\HTTP\IncomingRequest), Object(CodeIgniter\HTTP\Response), Object(CodeIgniter\Log\Logger))
 2 SYSTEMPATH/CodeIgniter.php(485): CodeIgniter\CodeIgniter->createController()
 3 SYSTEMPATH/CodeIgniter.php(353): CodeIgniter\CodeIgniter->handleRequest(null, Object(Config\Cache), false)
 4 FCPATH/index.php(79): CodeIgniter\CodeIgniter->run()
WARNING - 2024-11-26 02:11:15 --> [DEPRECATED] Creation of dynamic property App\Controllers\Matches::$validation is deprecated in APPPATH/Controllers/BaseController.php on line 57.
 1 SYSTEMPATH/CodeIgniter.php(892): App\Controllers\BaseController->initController(Object(CodeIgniter\HTTP\IncomingRequest), Object(CodeIgniter\HTTP\Response), Object(CodeIgniter\Log\Logger))
 2 SYSTEMPATH/CodeIgniter.php(485): CodeIgniter\CodeIgniter->createController()
 3 SYSTEMPATH/CodeIgniter.php(353): CodeIgniter\CodeIgniter->handleRequest(null, Object(Config\Cache), false)
 4 FCPATH/index.php(79): CodeIgniter\CodeIgniter->run()
WARNING - 2024-11-26 02:14:45 --> [DEPRECATED] Creation of dynamic property App\Controllers\Matches::$validation is deprecated in APPPATH/Controllers/BaseController.php on line 57.
 1 SYSTEMPATH/CodeIgniter.php(892): App\Controllers\BaseController->initController(Object(CodeIgniter\HTTP\IncomingRequest), Object(CodeIgniter\HTTP\Response), Object(CodeIgniter\Log\Logger))
 2 SYSTEMPATH/CodeIgniter.php(485): CodeIgniter\CodeIgniter->createController()
 3 SYSTEMPATH/CodeIgniter.php(353): CodeIgniter\CodeIgniter->handleRequest(null, Object(Config\Cache), false)
 4 FCPATH/index.php(79): CodeIgniter\CodeIgniter->run()
WARNING - 2024-11-26 02:14:45 --> [DEPRECATED] Creation of dynamic property App\Controllers\Matches::$validation is deprecated in APPPATH/Controllers/BaseController.php on line 57.
 1 SYSTEMPATH/CodeIgniter.php(892): App\Controllers\BaseController->initController(Object(CodeIgniter\HTTP\IncomingRequest), Object(CodeIgniter\HTTP\Response), Object(CodeIgniter\Log\Logger))
 2 SYSTEMPATH/CodeIgniter.php(485): CodeIgniter\CodeIgniter->createController()
 3 SYSTEMPATH/CodeIgniter.php(353): CodeIgniter\CodeIgniter->handleRequest(null, Object(Config\Cache), false)
 4 FCPATH/index.php(79): CodeIgniter\CodeIgniter->run()
WARNING - 2024-11-26 02:14:46 --> [DEPRECATED] Creation of dynamic property App\Controllers\Matches::$validation is deprecated in APPPATH/Controllers/BaseController.php on line 57.
 1 SYSTEMPATH/CodeIgniter.php(892): App\Controllers\BaseController->initController(Object(CodeIgniter\HTTP\IncomingRequest), Object(CodeIgniter\HTTP\Response), Object(CodeIgniter\Log\Logger))
 2 SYSTEMPATH/CodeIgniter.php(485): CodeIgniter\CodeIgniter->createController()
 3 SYSTEMPATH/CodeIgniter.php(353): CodeIgniter\CodeIgniter->handleRequest(null, Object(Config\Cache), false)
 4 FCPATH/index.php(79): CodeIgniter\CodeIgniter->run()
WARNING - 2024-11-26 02:14:46 --> [DEPRECATED] Creation of dynamic property App\Controllers\Cron\News::$validation is deprecated in APPPATH/Controllers/BaseController.php on line 57.
 1 SYSTEMPATH/CodeIgniter.php(892): App\Controllers\BaseController->initController(Object(CodeIgniter\HTTP\IncomingRequest), Object(CodeIgniter\HTTP\Response), Object(CodeIgniter\Log\Logger))
 2 SYSTEMPATH/CodeIgniter.php(485): CodeIgniter\CodeIgniter->createController()
 3 SYSTEMPATH/CodeIgniter.php(353): CodeIgniter\CodeIgniter->handleRequest(null, Object(Config\Cache), false)
 4 FCPATH/index.php(79): CodeIgniter\CodeIgniter->run()
WARNING - 2024-11-26 02:14:51 --> [DEPRECATED] Creation of dynamic property App\Controllers\Matches::$validation is deprecated in APPPATH/Controllers/BaseController.php on line 57.
 1 SYSTEMPATH/CodeIgniter.php(892): App\Controllers\BaseController->initController(Object(CodeIgniter\HTTP\IncomingRequest), Object(CodeIgniter\HTTP\Response), Object(CodeIgniter\Log\Logger))
 2 SYSTEMPATH/CodeIgniter.php(485): CodeIgniter\CodeIgniter->createController()
 3 SYSTEMPATH/CodeIgniter.php(353): CodeIgniter\CodeIgniter->handleRequest(null, Object(Config\Cache), false)
 4 FCPATH/index.php(79): CodeIgniter\CodeIgniter->run()
WARNING - 2024-11-26 02:14:51 --> [DEPRECATED] Creation of dynamic property App\Controllers\Matches::$validation is deprecated in APPPATH/Controllers/BaseController.php on line 57.
 1 SYSTEMPATH/CodeIgniter.php(892): App\Controllers\BaseController->initController(Object(CodeIgniter\HTTP\IncomingRequest), Object(CodeIgniter\HTTP\Response), Object(CodeIgniter\Log\Logger))
 2 SYSTEMPATH/CodeIgniter.php(485): CodeIgniter\CodeIgniter->createController()
 3 SYSTEMPATH/CodeIgniter.php(353): CodeIgniter\CodeIgniter->handleRequest(null, Object(Config\Cache), false)
 4 FCPATH/index.php(79): CodeIgniter\CodeIgniter->run()
WARNING - 2024-11-26 02:14:55 --> [DEPRECATED] Creation of dynamic property App\Controllers\Matches::$validation is deprecated in APPPATH/Controllers/BaseController.php on line 57.
 1 SYSTEMPATH/CodeIgniter.php(892): App\Controllers\BaseController->initController(Object(CodeIgniter\HTTP\IncomingRequest), Object(CodeIgniter\HTTP\Response), Object(CodeIgniter\Log\Logger))
 2 SYSTEMPATH/CodeIgniter.php(485): CodeIgniter\CodeIgniter->createController()
 3 SYSTEMPATH/CodeIgniter.php(353): CodeIgniter\CodeIgniter->handleRequest(null, Object(Config\Cache), false)
 4 FCPATH/index.php(79): CodeIgniter\CodeIgniter->run()
WARNING - 2024-11-26 02:16:51 --> [DEPRECATED] Creation of dynamic property App\Controllers\Matches::$validation is deprecated in APPPATH/Controllers/BaseController.php on line 57.
 1 SYSTEMPATH/CodeIgniter.php(892): App\Controllers\BaseController->initController(Object(CodeIgniter\HTTP\IncomingRequest), Object(CodeIgniter\HTTP\Response), Object(CodeIgniter\Log\Logger))
 2 SYSTEMPATH/CodeIgniter.php(485): CodeIgniter\CodeIgniter->createController()
 3 SYSTEMPATH/CodeIgniter.php(353): CodeIgniter\CodeIgniter->handleRequest(null, Object(Config\Cache), false)
 4 FCPATH/index.php(79): CodeIgniter\CodeIgniter->run()
WARNING - 2024-11-26 02:16:51 --> [DEPRECATED] Creation of dynamic property App\Controllers\Matches::$validation is deprecated in APPPATH/Controllers/BaseController.php on line 57.
 1 SYSTEMPATH/CodeIgniter.php(892): App\Controllers\BaseController->initController(Object(CodeIgniter\HTTP\IncomingRequest), Object(CodeIgniter\HTTP\Response), Object(CodeIgniter\Log\Logger))
 2 SYSTEMPATH/CodeIgniter.php(485): CodeIgniter\CodeIgniter->createController()
 3 SYSTEMPATH/CodeIgniter.php(353): CodeIgniter\CodeIgniter->handleRequest(null, Object(Config\Cache), false)
 4 FCPATH/index.php(79): CodeIgniter\CodeIgniter->run()
WARNING - 2024-11-26 02:16:51 --> [DEPRECATED] Creation of dynamic property App\Controllers\Matches::$validation is deprecated in APPPATH/Controllers/BaseController.php on line 57.
 1 SYSTEMPATH/CodeIgniter.php(892): App\Controllers\BaseController->initController(Object(CodeIgniter\HTTP\IncomingRequest), Object(CodeIgniter\HTTP\Response), Object(CodeIgniter\Log\Logger))
 2 SYSTEMPATH/CodeIgniter.php(485): CodeIgniter\CodeIgniter->createController()
 3 SYSTEMPATH/CodeIgniter.php(353): CodeIgniter\CodeIgniter->handleRequest(null, Object(Config\Cache), false)
 4 FCPATH/index.php(79): CodeIgniter\CodeIgniter->run()
WARNING - 2024-11-26 02:16:51 --> [DEPRECATED] Creation of dynamic property App\Controllers\Cron\News::$validation is deprecated in APPPATH/Controllers/BaseController.php on line 57.
 1 SYSTEMPATH/CodeIgniter.php(892): App\Controllers\BaseController->initController(Object(CodeIgniter\HTTP\IncomingRequest), Object(CodeIgniter\HTTP\Response), Object(CodeIgniter\Log\Logger))
 2 SYSTEMPATH/CodeIgniter.php(485): CodeIgniter\CodeIgniter->createController()
 3 SYSTEMPATH/CodeIgniter.php(353): CodeIgniter\CodeIgniter->handleRequest(null, Object(Config\Cache), false)
 4 FCPATH/index.php(79): CodeIgniter\CodeIgniter->run()
WARNING - 2024-11-26 02:16:51 --> [DEPRECATED] Creation of dynamic property App\Controllers\Matches::$validation is deprecated in APPPATH/Controllers/BaseController.php on line 57.
 1 SYSTEMPATH/CodeIgniter.php(892): App\Controllers\BaseController->initController(Object(CodeIgniter\HTTP\IncomingRequest), Object(CodeIgniter\HTTP\Response), Object(CodeIgniter\Log\Logger))
 2 SYSTEMPATH/CodeIgniter.php(485): CodeIgniter\CodeIgniter->createController()
 3 SYSTEMPATH/CodeIgniter.php(353): CodeIgniter\CodeIgniter->handleRequest(null, Object(Config\Cache), false)
 4 FCPATH/index.php(79): CodeIgniter\CodeIgniter->run()
WARNING - 2024-11-26 02:16:51 --> [DEPRECATED] Creation of dynamic property App\Controllers\Matches::$validation is deprecated in APPPATH/Controllers/BaseController.php on line 57.
 1 SYSTEMPATH/CodeIgniter.php(892): App\Controllers\BaseController->initController(Object(CodeIgniter\HTTP\IncomingRequest), Object(CodeIgniter\HTTP\Response), Object(CodeIgniter\Log\Logger))
 2 SYSTEMPATH/CodeIgniter.php(485): CodeIgniter\CodeIgniter->createController()
 3 SYSTEMPATH/CodeIgniter.php(353): CodeIgniter\CodeIgniter->handleRequest(null, Object(Config\Cache), false)
 4 FCPATH/index.php(79): CodeIgniter\CodeIgniter->run()
WARNING - 2024-11-26 02:16:52 --> [DEPRECATED] Creation of dynamic property App\Controllers\Matches::$validation is deprecated in APPPATH/Controllers/BaseController.php on line 57.
 1 SYSTEMPATH/CodeIgniter.php(892): App\Controllers\BaseController->initController(Object(CodeIgniter\HTTP\IncomingRequest), Object(CodeIgniter\HTTP\Response), Object(CodeIgniter\Log\Logger))
 2 SYSTEMPATH/CodeIgniter.php(485): CodeIgniter\CodeIgniter->createController()
 3 SYSTEMPATH/CodeIgniter.php(353): CodeIgniter\CodeIgniter->handleRequest(null, Object(Config\Cache), false)
 4 FCPATH/index.php(79): CodeIgniter\CodeIgniter->run()
WARNING - 2024-11-26 02:16:54 --> [DEPRECATED] Creation of dynamic property App\Controllers\Cron\News::$validation is deprecated in APPPATH/Controllers/BaseController.php on line 57.
 1 SYSTEMPATH/CodeIgniter.php(892): App\Controllers\BaseController->initController(Object(CodeIgniter\HTTP\IncomingRequest), Object(CodeIgniter\HTTP\Response), Object(CodeIgniter\Log\Logger))
 2 SYSTEMPATH/CodeIgniter.php(485): CodeIgniter\CodeIgniter->createController()
 3 SYSTEMPATH/CodeIgniter.php(353): CodeIgniter\CodeIgniter->handleRequest(null, Object(Config\Cache), false)
 4 FCPATH/index.php(79): CodeIgniter\CodeIgniter->run()
WARNING - 2024-11-26 02:16:56 --> [DEPRECATED] Creation of dynamic property App\Controllers\Matches::$validation is deprecated in APPPATH/Controllers/BaseController.php on line 57.
 1 SYSTEMPATH/CodeIgniter.php(892): App\Controllers\BaseController->initController(Object(CodeIgniter\HTTP\IncomingRequest), Object(CodeIgniter\HTTP\Response), Object(CodeIgniter\Log\Logger))
 2 SYSTEMPATH/CodeIgniter.php(485): CodeIgniter\CodeIgniter->createController()
 3 SYSTEMPATH/CodeIgniter.php(353): CodeIgniter\CodeIgniter->handleRequest(null, Object(Config\Cache), false)
 4 FCPATH/index.php(79): CodeIgniter\CodeIgniter->run()
WARNING - 2024-11-26 02:16:56 --> [DEPRECATED] Creation of dynamic property App\Controllers\Matches::$validation is deprecated in APPPATH/Controllers/BaseController.php on line 57.
 1 SYSTEMPATH/CodeIgniter.php(892): App\Controllers\BaseController->initController(Object(CodeIgniter\HTTP\IncomingRequest), Object(CodeIgniter\HTTP\Response), Object(CodeIgniter\Log\Logger))
 2 SYSTEMPATH/CodeIgniter.php(485): CodeIgniter\CodeIgniter->createController()
 3 SYSTEMPATH/CodeIgniter.php(353): CodeIgniter\CodeIgniter->handleRequest(null, Object(Config\Cache), false)
 4 FCPATH/index.php(79): CodeIgniter\CodeIgniter->run()
WARNING - 2024-11-26 02:16:56 --> [DEPRECATED] Creation of dynamic property App\Controllers\Matches::$validation is deprecated in APPPATH/Controllers/BaseController.php on line 57.
 1 SYSTEMPATH/CodeIgniter.php(892): App\Controllers\BaseController->initController(Object(CodeIgniter\HTTP\IncomingRequest), Object(CodeIgniter\HTTP\Response), Object(CodeIgniter\Log\Logger))
 2 SYSTEMPATH/CodeIgniter.php(485): CodeIgniter\CodeIgniter->createController()
 3 SYSTEMPATH/CodeIgniter.php(353): CodeIgniter\CodeIgniter->handleRequest(null, Object(Config\Cache), false)
 4 FCPATH/index.php(79): CodeIgniter\CodeIgniter->run()
WARNING - 2024-11-26 02:16:56 --> [DEPRECATED] Creation of dynamic property App\Controllers\Cron\News::$validation is deprecated in APPPATH/Controllers/BaseController.php on line 57.
 1 SYSTEMPATH/CodeIgniter.php(892): App\Controllers\BaseController->initController(Object(CodeIgniter\HTTP\IncomingRequest), Object(CodeIgniter\HTTP\Response), Object(CodeIgniter\Log\Logger))
 2 SYSTEMPATH/CodeIgniter.php(485): CodeIgniter\CodeIgniter->createController()
 3 SYSTEMPATH/CodeIgniter.php(353): CodeIgniter\CodeIgniter->handleRequest(null, Object(Config\Cache), false)
 4 FCPATH/index.php(79): CodeIgniter\CodeIgniter->run()
WARNING - 2024-11-26 02:16:57 --> [DEPRECATED] Creation of dynamic property App\Controllers\Matches::$validation is deprecated in APPPATH/Controllers/BaseController.php on line 57.
 1 SYSTEMPATH/CodeIgniter.php(892): App\Controllers\BaseController->initController(Object(CodeIgniter\HTTP\IncomingRequest), Object(CodeIgniter\HTTP\Response), Object(CodeIgniter\Log\Logger))
 2 SYSTEMPATH/CodeIgniter.php(485): CodeIgniter\CodeIgniter->createController()
 3 SYSTEMPATH/CodeIgniter.php(353): CodeIgniter\CodeIgniter->handleRequest(null, Object(Config\Cache), false)
 4 FCPATH/index.php(79): CodeIgniter\CodeIgniter->run()
WARNING - 2024-11-26 02:16:57 --> [DEPRECATED] Creation of dynamic property App\Controllers\Matches::$validation is deprecated in APPPATH/Controllers/BaseController.php on line 57.
 1 SYSTEMPATH/CodeIgniter.php(892): App\Controllers\BaseController->initController(Object(CodeIgniter\HTTP\IncomingRequest), Object(CodeIgniter\HTTP\Response), Object(CodeIgniter\Log\Logger))
 2 SYSTEMPATH/CodeIgniter.php(485): CodeIgniter\CodeIgniter->createController()
 3 SYSTEMPATH/CodeIgniter.php(353): CodeIgniter\CodeIgniter->handleRequest(null, Object(Config\Cache), false)
 4 FCPATH/index.php(79): CodeIgniter\CodeIgniter->run()
WARNING - 2024-11-26 02:17:00 --> [DEPRECATED] Creation of dynamic property App\Controllers\Matches::$validation is deprecated in APPPATH/Controllers/BaseController.php on line 57.
 1 SYSTEMPATH/CodeIgniter.php(892): App\Controllers\BaseController->initController(Object(CodeIgniter\HTTP\IncomingRequest), Object(CodeIgniter\HTTP\Response), Object(CodeIgniter\Log\Logger))
 2 SYSTEMPATH/CodeIgniter.php(485): CodeIgniter\CodeIgniter->createController()
 3 SYSTEMPATH/CodeIgniter.php(353): CodeIgniter\CodeIgniter->handleRequest(null, Object(Config\Cache), false)
 4 FCPATH/index.php(79): CodeIgniter\CodeIgniter->run()
WARNING - 2024-11-26 02:17:00 --> [DEPRECATED] Creation of dynamic property App\Controllers\Matches::$validation is deprecated in APPPATH/Controllers/BaseController.php on line 57.
 1 SYSTEMPATH/CodeIgniter.php(892): App\Controllers\BaseController->initController(Object(CodeIgniter\HTTP\IncomingRequest), Object(CodeIgniter\HTTP\Response), Object(CodeIgniter\Log\Logger))
 2 SYSTEMPATH/CodeIgniter.php(485): CodeIgniter\CodeIgniter->createController()
 3 SYSTEMPATH/CodeIgniter.php(353): CodeIgniter\CodeIgniter->handleRequest(null, Object(Config\Cache), false)
 4 FCPATH/index.php(79): CodeIgniter\CodeIgniter->run()
WARNING - 2024-11-26 02:17:00 --> [DEPRECATED] Creation of dynamic property App\Controllers\Matches::$validation is deprecated in APPPATH/Controllers/BaseController.php on line 57.
 1 SYSTEMPATH/CodeIgniter.php(892): App\Controllers\BaseController->initController(Object(CodeIgniter\HTTP\IncomingRequest), Object(CodeIgniter\HTTP\Response), Object(CodeIgniter\Log\Logger))
 2 SYSTEMPATH/CodeIgniter.php(485): CodeIgniter\CodeIgniter->createController()
 3 SYSTEMPATH/CodeIgniter.php(353): CodeIgniter\CodeIgniter->handleRequest(null, Object(Config\Cache), false)
 4 FCPATH/index.php(79): CodeIgniter\CodeIgniter->run()
WARNING - 2024-11-26 02:17:00 --> [DEPRECATED] Creation of dynamic property App\Controllers\Cron\News::$validation is deprecated in APPPATH/Controllers/BaseController.php on line 57.
 1 SYSTEMPATH/CodeIgniter.php(892): App\Controllers\BaseController->initController(Object(CodeIgniter\HTTP\IncomingRequest), Object(CodeIgniter\HTTP\Response), Object(CodeIgniter\Log\Logger))
 2 SYSTEMPATH/CodeIgniter.php(485): CodeIgniter\CodeIgniter->createController()
 3 SYSTEMPATH/CodeIgniter.php(353): CodeIgniter\CodeIgniter->handleRequest(null, Object(Config\Cache), false)
 4 FCPATH/index.php(79): CodeIgniter\CodeIgniter->run()
WARNING - 2024-11-26 02:17:00 --> [DEPRECATED] Creation of dynamic property App\Controllers\Matches::$validation is deprecated in APPPATH/Controllers/BaseController.php on line 57.
 1 SYSTEMPATH/CodeIgniter.php(892): App\Controllers\BaseController->initController(Object(CodeIgniter\HTTP\IncomingRequest), Object(CodeIgniter\HTTP\Response), Object(CodeIgniter\Log\Logger))
 2 SYSTEMPATH/CodeIgniter.php(485): CodeIgniter\CodeIgniter->createController()
 3 SYSTEMPATH/CodeIgniter.php(353): CodeIgniter\CodeIgniter->handleRequest(null, Object(Config\Cache), false)
 4 FCPATH/index.php(79): CodeIgniter\CodeIgniter->run()
WARNING - 2024-11-26 02:17:00 --> [DEPRECATED] Creation of dynamic property App\Controllers\Matches::$validation is deprecated in APPPATH/Controllers/BaseController.php on line 57.
 1 SYSTEMPATH/CodeIgniter.php(892): App\Controllers\BaseController->initController(Object(CodeIgniter\HTTP\IncomingRequest), Object(CodeIgniter\HTTP\Response), Object(CodeIgniter\Log\Logger))
 2 SYSTEMPATH/CodeIgniter.php(485): CodeIgniter\CodeIgniter->createController()
 3 SYSTEMPATH/CodeIgniter.php(353): CodeIgniter\CodeIgniter->handleRequest(null, Object(Config\Cache), false)
 4 FCPATH/index.php(79): CodeIgniter\CodeIgniter->run()
WARNING - 2024-11-26 02:17:04 --> [DEPRECATED] Creation of dynamic property App\Controllers\Matches::$validation is deprecated in APPPATH/Controllers/BaseController.php on line 57.
 1 SYSTEMPATH/CodeIgniter.php(892): App\Controllers\BaseController->initController(Object(CodeIgniter\HTTP\IncomingRequest), Object(CodeIgniter\HTTP\Response), Object(CodeIgniter\Log\Logger))
 2 SYSTEMPATH/CodeIgniter.php(485): CodeIgniter\CodeIgniter->createController()
 3 SYSTEMPATH/CodeIgniter.php(353): CodeIgniter\CodeIgniter->handleRequest(null, Object(Config\Cache), false)
 4 FCPATH/index.php(79): CodeIgniter\CodeIgniter->run()
WARNING - 2024-11-26 02:17:04 --> [DEPRECATED] Creation of dynamic property App\Controllers\Matches::$validation is deprecated in APPPATH/Controllers/BaseController.php on line 57.
 1 SYSTEMPATH/CodeIgniter.php(892): App\Controllers\BaseController->initController(Object(CodeIgniter\HTTP\IncomingRequest), Object(CodeIgniter\HTTP\Response), Object(CodeIgniter\Log\Logger))
 2 SYSTEMPATH/CodeIgniter.php(485): CodeIgniter\CodeIgniter->createController()
 3 SYSTEMPATH/CodeIgniter.php(353): CodeIgniter\CodeIgniter->handleRequest(null, Object(Config\Cache), false)
 4 FCPATH/index.php(79): CodeIgniter\CodeIgniter->run()
WARNING - 2024-11-26 02:17:04 --> [DEPRECATED] Creation of dynamic property App\Controllers\Cron\News::$validation is deprecated in APPPATH/Controllers/BaseController.php on line 57.
 1 SYSTEMPATH/CodeIgniter.php(892): App\Controllers\BaseController->initController(Object(CodeIgniter\HTTP\IncomingRequest), Object(CodeIgniter\HTTP\Response), Object(CodeIgniter\Log\Logger))
 2 SYSTEMPATH/CodeIgniter.php(485): CodeIgniter\CodeIgniter->createController()
 3 SYSTEMPATH/CodeIgniter.php(353): CodeIgniter\CodeIgniter->handleRequest(null, Object(Config\Cache), false)
 4 FCPATH/index.php(79): CodeIgniter\CodeIgniter->run()
WARNING - 2024-11-26 02:17:04 --> [DEPRECATED] Creation of dynamic property App\Controllers\Matches::$validation is deprecated in APPPATH/Controllers/BaseController.php on line 57.
 1 SYSTEMPATH/CodeIgniter.php(892): App\Controllers\BaseController->initController(Object(CodeIgniter\HTTP\IncomingRequest), Object(CodeIgniter\HTTP\Response), Object(CodeIgniter\Log\Logger))
 2 SYSTEMPATH/CodeIgniter.php(485): CodeIgniter\CodeIgniter->createController()
 3 SYSTEMPATH/CodeIgniter.php(353): CodeIgniter\CodeIgniter->handleRequest(null, Object(Config\Cache), false)
 4 FCPATH/index.php(79): CodeIgniter\CodeIgniter->run()
WARNING - 2024-11-26 02:17:05 --> [DEPRECATED] Creation of dynamic property App\Controllers\Matches::$validation is deprecated in APPPATH/Controllers/BaseController.php on line 57.
 1 SYSTEMPATH/CodeIgniter.php(892): App\Controllers\BaseController->initController(Object(CodeIgniter\HTTP\IncomingRequest), Object(CodeIgniter\HTTP\Response), Object(CodeIgniter\Log\Logger))
 2 SYSTEMPATH/CodeIgniter.php(485): CodeIgniter\CodeIgniter->createController()
 3 SYSTEMPATH/CodeIgniter.php(353): CodeIgniter\CodeIgniter->handleRequest(null, Object(Config\Cache), false)
 4 FCPATH/index.php(79): CodeIgniter\CodeIgniter->run()
WARNING - 2024-11-26 02:17:05 --> [DEPRECATED] Creation of dynamic property App\Controllers\Matches::$validation is deprecated in APPPATH/Controllers/BaseController.php on line 57.
 1 SYSTEMPATH/CodeIgniter.php(892): App\Controllers\BaseController->initController(Object(CodeIgniter\HTTP\IncomingRequest), Object(CodeIgniter\HTTP\Response), Object(CodeIgniter\Log\Logger))
 2 SYSTEMPATH/CodeIgniter.php(485): CodeIgniter\CodeIgniter->createController()
 3 SYSTEMPATH/CodeIgniter.php(353): CodeIgniter\CodeIgniter->handleRequest(null, Object(Config\Cache), false)
 4 FCPATH/index.php(79): CodeIgniter\CodeIgniter->run()
WARNING - 2024-11-26 02:17:06 --> [DEPRECATED] Creation of dynamic property App\Controllers\Matches::$validation is deprecated in APPPATH/Controllers/BaseController.php on line 57.
 1 SYSTEMPATH/CodeIgniter.php(892): App\Controllers\BaseController->initController(Object(CodeIgniter\HTTP\IncomingRequest), Object(CodeIgniter\HTTP\Response), Object(CodeIgniter\Log\Logger))
 2 SYSTEMPATH/CodeIgniter.php(485): CodeIgniter\CodeIgniter->createController()
 3 SYSTEMPATH/CodeIgniter.php(353): CodeIgniter\CodeIgniter->handleRequest(null, Object(Config\Cache), false)
 4 FCPATH/index.php(79): CodeIgniter\CodeIgniter->run()
WARNING - 2024-11-26 02:17:08 --> [DEPRECATED] Creation of dynamic property App\Controllers\Matches::$validation is deprecated in APPPATH/Controllers/BaseController.php on line 57.
 1 SYSTEMPATH/CodeIgniter.php(892): App\Controllers\BaseController->initController(Object(CodeIgniter\HTTP\IncomingRequest), Object(CodeIgniter\HTTP\Response), Object(CodeIgniter\Log\Logger))
 2 SYSTEMPATH/CodeIgniter.php(485): CodeIgniter\CodeIgniter->createController()
 3 SYSTEMPATH/CodeIgniter.php(353): CodeIgniter\CodeIgniter->handleRequest(null, Object(Config\Cache), false)
 4 FCPATH/index.php(79): CodeIgniter\CodeIgniter->run()
WARNING - 2024-11-26 02:17:08 --> [DEPRECATED] Creation of dynamic property App\Controllers\Matches::$validation is deprecated in APPPATH/Controllers/BaseController.php on line 57.
 1 SYSTEMPATH/CodeIgniter.php(892): App\Controllers\BaseController->initController(Object(CodeIgniter\HTTP\IncomingRequest), Object(CodeIgniter\HTTP\Response), Object(CodeIgniter\Log\Logger))
 2 SYSTEMPATH/CodeIgniter.php(485): CodeIgniter\CodeIgniter->createController()
 3 SYSTEMPATH/CodeIgniter.php(353): CodeIgniter\CodeIgniter->handleRequest(null, Object(Config\Cache), false)
 4 FCPATH/index.php(79): CodeIgniter\CodeIgniter->run()
WARNING - 2024-11-26 02:17:08 --> [DEPRECATED] Creation of dynamic property App\Controllers\Cron\News::$validation is deprecated in APPPATH/Controllers/BaseController.php on line 57.
 1 SYSTEMPATH/CodeIgniter.php(892): App\Controllers\BaseController->initController(Object(CodeIgniter\HTTP\IncomingRequest), Object(CodeIgniter\HTTP\Response), Object(CodeIgniter\Log\Logger))
 2 SYSTEMPATH/CodeIgniter.php(485): CodeIgniter\CodeIgniter->createController()
 3 SYSTEMPATH/CodeIgniter.php(353): CodeIgniter\CodeIgniter->handleRequest(null, Object(Config\Cache), false)
 4 FCPATH/index.php(79): CodeIgniter\CodeIgniter->run()
WARNING - 2024-11-26 02:17:08 --> [DEPRECATED] Creation of dynamic property App\Controllers\Matches::$validation is deprecated in APPPATH/Controllers/BaseController.php on line 57.
 1 SYSTEMPATH/CodeIgniter.php(892): App\Controllers\BaseController->initController(Object(CodeIgniter\HTTP\IncomingRequest), Object(CodeIgniter\HTTP\Response), Object(CodeIgniter\Log\Logger))
 2 SYSTEMPATH/CodeIgniter.php(485): CodeIgniter\CodeIgniter->createController()
 3 SYSTEMPATH/CodeIgniter.php(353): CodeIgniter\CodeIgniter->handleRequest(null, Object(Config\Cache), false)
 4 FCPATH/index.php(79): CodeIgniter\CodeIgniter->run()
WARNING - 2024-11-26 02:17:08 --> [DEPRECATED] Creation of dynamic property App\Controllers\Matches::$validation is deprecated in APPPATH/Controllers/BaseController.php on line 57.
 1 SYSTEMPATH/CodeIgniter.php(892): App\Controllers\BaseController->initController(Object(CodeIgniter\HTTP\IncomingRequest), Object(CodeIgniter\HTTP\Response), Object(CodeIgniter\Log\Logger))
 2 SYSTEMPATH/CodeIgniter.php(485): CodeIgniter\CodeIgniter->createController()
 3 SYSTEMPATH/CodeIgniter.php(353): CodeIgniter\CodeIgniter->handleRequest(null, Object(Config\Cache), false)
 4 FCPATH/index.php(79): CodeIgniter\CodeIgniter->run()
WARNING - 2024-11-26 02:17:08 --> [DEPRECATED] Creation of dynamic property App\Controllers\Matches::$validation is deprecated in APPPATH/Controllers/BaseController.php on line 57.
 1 SYSTEMPATH/CodeIgniter.php(892): App\Controllers\BaseController->initController(Object(CodeIgniter\HTTP\IncomingRequest), Object(CodeIgniter\HTTP\Response), Object(CodeIgniter\Log\Logger))
 2 SYSTEMPATH/CodeIgniter.php(485): CodeIgniter\CodeIgniter->createController()
 3 SYSTEMPATH/CodeIgniter.php(353): CodeIgniter\CodeIgniter->handleRequest(null, Object(Config\Cache), false)
 4 FCPATH/index.php(79): CodeIgniter\CodeIgniter->run()
WARNING - 2024-11-26 02:17:11 --> [DEPRECATED] Creation of dynamic property App\Controllers\Matches::$validation is deprecated in APPPATH/Controllers/BaseController.php on line 57.
 1 SYSTEMPATH/CodeIgniter.php(892): App\Controllers\BaseController->initController(Object(CodeIgniter\HTTP\IncomingRequest), Object(CodeIgniter\HTTP\Response), Object(CodeIgniter\Log\Logger))
 2 SYSTEMPATH/CodeIgniter.php(485): CodeIgniter\CodeIgniter->createController()
 3 SYSTEMPATH/CodeIgniter.php(353): CodeIgniter\CodeIgniter->handleRequest(null, Object(Config\Cache), false)
 4 FCPATH/index.php(79): CodeIgniter\CodeIgniter->run()
WARNING - 2024-11-26 02:17:11 --> [DEPRECATED] Creation of dynamic property App\Controllers\Matches::$validation is deprecated in APPPATH/Controllers/BaseController.php on line 57.
 1 SYSTEMPATH/CodeIgniter.php(892): App\Controllers\BaseController->initController(Object(CodeIgniter\HTTP\IncomingRequest), Object(CodeIgniter\HTTP\Response), Object(CodeIgniter\Log\Logger))
 2 SYSTEMPATH/CodeIgniter.php(485): CodeIgniter\CodeIgniter->createController()
 3 SYSTEMPATH/CodeIgniter.php(353): CodeIgniter\CodeIgniter->handleRequest(null, Object(Config\Cache), false)
 4 FCPATH/index.php(79): CodeIgniter\CodeIgniter->run()
WARNING - 2024-11-26 02:17:11 --> [DEPRECATED] Creation of dynamic property App\Controllers\Matches::$validation is deprecated in APPPATH/Controllers/BaseController.php on line 57.
 1 SYSTEMPATH/CodeIgniter.php(892): App\Controllers\BaseController->initController(Object(CodeIgniter\HTTP\IncomingRequest), Object(CodeIgniter\HTTP\Response), Object(CodeIgniter\Log\Logger))
 2 SYSTEMPATH/CodeIgniter.php(485): CodeIgniter\CodeIgniter->createController()
 3 SYSTEMPATH/CodeIgniter.php(353): CodeIgniter\CodeIgniter->handleRequest(null, Object(Config\Cache), false)
 4 FCPATH/index.php(79): CodeIgniter\CodeIgniter->run()
WARNING - 2024-11-26 02:17:11 --> [DEPRECATED] Creation of dynamic property App\Controllers\Cron\News::$validation is deprecated in APPPATH/Controllers/BaseController.php on line 57.
 1 SYSTEMPATH/CodeIgniter.php(892): App\Controllers\BaseController->initController(Object(CodeIgniter\HTTP\IncomingRequest), Object(CodeIgniter\HTTP\Response), Object(CodeIgniter\Log\Logger))
 2 SYSTEMPATH/CodeIgniter.php(485): CodeIgniter\CodeIgniter->createController()
 3 SYSTEMPATH/CodeIgniter.php(353): CodeIgniter\CodeIgniter->handleRequest(null, Object(Config\Cache), false)
 4 FCPATH/index.php(79): CodeIgniter\CodeIgniter->run()
WARNING - 2024-11-26 02:17:11 --> [DEPRECATED] Creation of dynamic property App\Controllers\Matches::$validation is deprecated in APPPATH/Controllers/BaseController.php on line 57.
 1 SYSTEMPATH/CodeIgniter.php(892): App\Controllers\BaseController->initController(Object(CodeIgniter\HTTP\IncomingRequest), Object(CodeIgniter\HTTP\Response), Object(CodeIgniter\Log\Logger))
 2 SYSTEMPATH/CodeIgniter.php(485): CodeIgniter\CodeIgniter->createController()
 3 SYSTEMPATH/CodeIgniter.php(353): CodeIgniter\CodeIgniter->handleRequest(null, Object(Config\Cache), false)
 4 FCPATH/index.php(79): CodeIgniter\CodeIgniter->run()
WARNING - 2024-11-26 02:17:11 --> [DEPRECATED] Creation of dynamic property App\Controllers\Matches::$validation is deprecated in APPPATH/Controllers/BaseController.php on line 57.
 1 SYSTEMPATH/CodeIgniter.php(892): App\Controllers\BaseController->initController(Object(CodeIgniter\HTTP\IncomingRequest), Object(CodeIgniter\HTTP\Response), Object(CodeIgniter\Log\Logger))
 2 SYSTEMPATH/CodeIgniter.php(485): CodeIgniter\CodeIgniter->createController()
 3 SYSTEMPATH/CodeIgniter.php(353): CodeIgniter\CodeIgniter->handleRequest(null, Object(Config\Cache), false)
 4 FCPATH/index.php(79): CodeIgniter\CodeIgniter->run()
WARNING - 2024-11-26 02:17:18 --> [DEPRECATED] Creation of dynamic property App\Controllers\Matches::$validation is deprecated in APPPATH/Controllers/BaseController.php on line 57.
 1 SYSTEMPATH/CodeIgniter.php(892): App\Controllers\BaseController->initController(Object(CodeIgniter\HTTP\IncomingRequest), Object(CodeIgniter\HTTP\Response), Object(CodeIgniter\Log\Logger))
 2 SYSTEMPATH/CodeIgniter.php(485): CodeIgniter\CodeIgniter->createController()
 3 SYSTEMPATH/CodeIgniter.php(353): CodeIgniter\CodeIgniter->handleRequest(null, Object(Config\Cache), false)
 4 FCPATH/index.php(79): CodeIgniter\CodeIgniter->run()
WARNING - 2024-11-26 02:17:18 --> [DEPRECATED] Creation of dynamic property App\Controllers\Matches::$validation is deprecated in APPPATH/Controllers/BaseController.php on line 57.
 1 SYSTEMPATH/CodeIgniter.php(892): App\Controllers\BaseController->initController(Object(CodeIgniter\HTTP\IncomingRequest), Object(CodeIgniter\HTTP\Response), Object(CodeIgniter\Log\Logger))
 2 SYSTEMPATH/CodeIgniter.php(485): CodeIgniter\CodeIgniter->createController()
 3 SYSTEMPATH/CodeIgniter.php(353): CodeIgniter\CodeIgniter->handleRequest(null, Object(Config\Cache), false)
 4 FCPATH/index.php(79): CodeIgniter\CodeIgniter->run()
WARNING - 2024-11-26 02:17:18 --> [DEPRECATED] Creation of dynamic property App\Controllers\Matches::$validation is deprecated in APPPATH/Controllers/BaseController.php on line 57.
 1 SYSTEMPATH/CodeIgniter.php(892): App\Controllers\BaseController->initController(Object(CodeIgniter\HTTP\IncomingRequest), Object(CodeIgniter\HTTP\Response), Object(CodeIgniter\Log\Logger))
 2 SYSTEMPATH/CodeIgniter.php(485): CodeIgniter\CodeIgniter->createController()
 3 SYSTEMPATH/CodeIgniter.php(353): CodeIgniter\CodeIgniter->handleRequest(null, Object(Config\Cache), false)
 4 FCPATH/index.php(79): CodeIgniter\CodeIgniter->run()
WARNING - 2024-11-26 02:17:18 --> [DEPRECATED] Creation of dynamic property App\Controllers\Cron\News::$validation is deprecated in APPPATH/Controllers/BaseController.php on line 57.
 1 SYSTEMPATH/CodeIgniter.php(892): App\Controllers\BaseController->initController(Object(CodeIgniter\HTTP\IncomingRequest), Object(CodeIgniter\HTTP\Response), Object(CodeIgniter\Log\Logger))
 2 SYSTEMPATH/CodeIgniter.php(485): CodeIgniter\CodeIgniter->createController()
 3 SYSTEMPATH/CodeIgniter.php(353): CodeIgniter\CodeIgniter->handleRequest(null, Object(Config\Cache), false)
 4 FCPATH/index.php(79): CodeIgniter\CodeIgniter->run()
WARNING - 2024-11-26 02:17:18 --> [DEPRECATED] Creation of dynamic property App\Controllers\Matches::$validation is deprecated in APPPATH/Controllers/BaseController.php on line 57.
 1 SYSTEMPATH/CodeIgniter.php(892): App\Controllers\BaseController->initController(Object(CodeIgniter\HTTP\IncomingRequest), Object(CodeIgniter\HTTP\Response), Object(CodeIgniter\Log\Logger))
 2 SYSTEMPATH/CodeIgniter.php(485): CodeIgniter\CodeIgniter->createController()
 3 SYSTEMPATH/CodeIgniter.php(353): CodeIgniter\CodeIgniter->handleRequest(null, Object(Config\Cache), false)
 4 FCPATH/index.php(79): CodeIgniter\CodeIgniter->run()
WARNING - 2024-11-26 02:17:18 --> [DEPRECATED] Creation of dynamic property App\Controllers\Matches::$validation is deprecated in APPPATH/Controllers/BaseController.php on line 57.
 1 SYSTEMPATH/CodeIgniter.php(892): App\Controllers\BaseController->initController(Object(CodeIgniter\HTTP\IncomingRequest), Object(CodeIgniter\HTTP\Response), Object(CodeIgniter\Log\Logger))
 2 SYSTEMPATH/CodeIgniter.php(485): CodeIgniter\CodeIgniter->createController()
 3 SYSTEMPATH/CodeIgniter.php(353): CodeIgniter\CodeIgniter->handleRequest(null, Object(Config\Cache), false)
 4 FCPATH/index.php(79): CodeIgniter\CodeIgniter->run()
WARNING - 2024-11-26 02:17:21 --> [DEPRECATED] Creation of dynamic property App\Controllers\Matches::$validation is deprecated in APPPATH/Controllers/BaseController.php on line 57.
 1 SYSTEMPATH/CodeIgniter.php(892): App\Controllers\BaseController->initController(Object(CodeIgniter\HTTP\IncomingRequest), Object(CodeIgniter\HTTP\Response), Object(CodeIgniter\Log\Logger))
 2 SYSTEMPATH/CodeIgniter.php(485): CodeIgniter\CodeIgniter->createController()
 3 SYSTEMPATH/CodeIgniter.php(353): CodeIgniter\CodeIgniter->handleRequest(null, Object(Config\Cache), false)
 4 FCPATH/index.php(79): CodeIgniter\CodeIgniter->run()
WARNING - 2024-11-26 02:17:21 --> [DEPRECATED] Creation of dynamic property App\Controllers\Cron\News::$validation is deprecated in APPPATH/Controllers/BaseController.php on line 57.
 1 SYSTEMPATH/CodeIgniter.php(892): App\Controllers\BaseController->initController(Object(CodeIgniter\HTTP\IncomingRequest), Object(CodeIgniter\HTTP\Response), Object(CodeIgniter\Log\Logger))
 2 SYSTEMPATH/CodeIgniter.php(485): CodeIgniter\CodeIgniter->createController()
 3 SYSTEMPATH/CodeIgniter.php(353): CodeIgniter\CodeIgniter->handleRequest(null, Object(Config\Cache), false)
 4 FCPATH/index.php(79): CodeIgniter\CodeIgniter->run()
WARNING - 2024-11-26 02:17:21 --> [DEPRECATED] Creation of dynamic property App\Controllers\Matches::$validation is deprecated in APPPATH/Controllers/BaseController.php on line 57.
 1 SYSTEMPATH/CodeIgniter.php(892): App\Controllers\BaseController->initController(Object(CodeIgniter\HTTP\IncomingRequest), Object(CodeIgniter\HTTP\Response), Object(CodeIgniter\Log\Logger))
 2 SYSTEMPATH/CodeIgniter.php(485): CodeIgniter\CodeIgniter->createController()
 3 SYSTEMPATH/CodeIgniter.php(353): CodeIgniter\CodeIgniter->handleRequest(null, Object(Config\Cache), false)
 4 FCPATH/index.php(79): CodeIgniter\CodeIgniter->run()
WARNING - 2024-11-26 02:17:21 --> [DEPRECATED] Creation of dynamic property App\Controllers\Matches::$validation is deprecated in APPPATH/Controllers/BaseController.php on line 57.
 1 SYSTEMPATH/CodeIgniter.php(892): App\Controllers\BaseController->initController(Object(CodeIgniter\HTTP\IncomingRequest), Object(CodeIgniter\HTTP\Response), Object(CodeIgniter\Log\Logger))
 2 SYSTEMPATH/CodeIgniter.php(485): CodeIgniter\CodeIgniter->createController()
 3 SYSTEMPATH/CodeIgniter.php(353): CodeIgniter\CodeIgniter->handleRequest(null, Object(Config\Cache), false)
 4 FCPATH/index.php(79): CodeIgniter\CodeIgniter->run()
WARNING - 2024-11-26 02:17:21 --> [DEPRECATED] Creation of dynamic property App\Controllers\Matches::$validation is deprecated in APPPATH/Controllers/BaseController.php on line 57.
 1 SYSTEMPATH/CodeIgniter.php(892): App\Controllers\BaseController->initController(Object(CodeIgniter\HTTP\IncomingRequest), Object(CodeIgniter\HTTP\Response), Object(CodeIgniter\Log\Logger))
 2 SYSTEMPATH/CodeIgniter.php(485): CodeIgniter\CodeIgniter->createController()
 3 SYSTEMPATH/CodeIgniter.php(353): CodeIgniter\CodeIgniter->handleRequest(null, Object(Config\Cache), false)
 4 FCPATH/index.php(79): CodeIgniter\CodeIgniter->run()
WARNING - 2024-11-26 02:17:21 --> [DEPRECATED] Creation of dynamic property App\Controllers\Matches::$validation is deprecated in APPPATH/Controllers/BaseController.php on line 57.
 1 SYSTEMPATH/CodeIgniter.php(892): App\Controllers\BaseController->initController(Object(CodeIgniter\HTTP\IncomingRequest), Object(CodeIgniter\HTTP\Response), Object(CodeIgniter\Log\Logger))
 2 SYSTEMPATH/CodeIgniter.php(485): CodeIgniter\CodeIgniter->createController()
 3 SYSTEMPATH/CodeIgniter.php(353): CodeIgniter\CodeIgniter->handleRequest(null, Object(Config\Cache), false)
 4 FCPATH/index.php(79): CodeIgniter\CodeIgniter->run()
WARNING - 2024-11-26 02:17:28 --> [DEPRECATED] Creation of dynamic property App\Controllers\Matches::$validation is deprecated in APPPATH/Controllers/BaseController.php on line 57.
 1 SYSTEMPATH/CodeIgniter.php(892): App\Controllers\BaseController->initController(Object(CodeIgniter\HTTP\IncomingRequest), Object(CodeIgniter\HTTP\Response), Object(CodeIgniter\Log\Logger))
 2 SYSTEMPATH/CodeIgniter.php(485): CodeIgniter\CodeIgniter->createController()
 3 SYSTEMPATH/CodeIgniter.php(353): CodeIgniter\CodeIgniter->handleRequest(null, Object(Config\Cache), false)
 4 FCPATH/index.php(79): CodeIgniter\CodeIgniter->run()
WARNING - 2024-11-26 02:17:28 --> [DEPRECATED] Creation of dynamic property App\Controllers\Matches::$validation is deprecated in APPPATH/Controllers/BaseController.php on line 57.
 1 SYSTEMPATH/CodeIgniter.php(892): App\Controllers\BaseController->initController(Object(CodeIgniter\HTTP\IncomingRequest), Object(CodeIgniter\HTTP\Response), Object(CodeIgniter\Log\Logger))
 2 SYSTEMPATH/CodeIgniter.php(485): CodeIgniter\CodeIgniter->createController()
 3 SYSTEMPATH/CodeIgniter.php(353): CodeIgniter\CodeIgniter->handleRequest(null, Object(Config\Cache), false)
 4 FCPATH/index.php(79): CodeIgniter\CodeIgniter->run()
WARNING - 2024-11-26 02:17:28 --> [DEPRECATED] Creation of dynamic property App\Controllers\Matches::$validation is deprecated in APPPATH/Controllers/BaseController.php on line 57.
 1 SYSTEMPATH/CodeIgniter.php(892): App\Controllers\BaseController->initController(Object(CodeIgniter\HTTP\IncomingRequest), Object(CodeIgniter\HTTP\Response), Object(CodeIgniter\Log\Logger))
 2 SYSTEMPATH/CodeIgniter.php(485): CodeIgniter\CodeIgniter->createController()
 3 SYSTEMPATH/CodeIgniter.php(353): CodeIgniter\CodeIgniter->handleRequest(null, Object(Config\Cache), false)
 4 FCPATH/index.php(79): CodeIgniter\CodeIgniter->run()
WARNING - 2024-11-26 02:17:28 --> [DEPRECATED] Creation of dynamic property App\Controllers\Cron\News::$validation is deprecated in APPPATH/Controllers/BaseController.php on line 57.
 1 SYSTEMPATH/CodeIgniter.php(892): App\Controllers\BaseController->initController(Object(CodeIgniter\HTTP\IncomingRequest), Object(CodeIgniter\HTTP\Response), Object(CodeIgniter\Log\Logger))
 2 SYSTEMPATH/CodeIgniter.php(485): CodeIgniter\CodeIgniter->createController()
 3 SYSTEMPATH/CodeIgniter.php(353): CodeIgniter\CodeIgniter->handleRequest(null, Object(Config\Cache), false)
 4 FCPATH/index.php(79): CodeIgniter\CodeIgniter->run()
WARNING - 2024-11-26 02:17:29 --> [DEPRECATED] Creation of dynamic property App\Controllers\Matches::$validation is deprecated in APPPATH/Controllers/BaseController.php on line 57.
 1 SYSTEMPATH/CodeIgniter.php(892): App\Controllers\BaseController->initController(Object(CodeIgniter\HTTP\IncomingRequest), Object(CodeIgniter\HTTP\Response), Object(CodeIgniter\Log\Logger))
 2 SYSTEMPATH/CodeIgniter.php(485): CodeIgniter\CodeIgniter->createController()
 3 SYSTEMPATH/CodeIgniter.php(353): CodeIgniter\CodeIgniter->handleRequest(null, Object(Config\Cache), false)
 4 FCPATH/index.php(79): CodeIgniter\CodeIgniter->run()
WARNING - 2024-11-26 02:17:29 --> [DEPRECATED] Creation of dynamic property App\Controllers\Matches::$validation is deprecated in APPPATH/Controllers/BaseController.php on line 57.
 1 SYSTEMPATH/CodeIgniter.php(892): App\Controllers\BaseController->initController(Object(CodeIgniter\HTTP\IncomingRequest), Object(CodeIgniter\HTTP\Response), Object(CodeIgniter\Log\Logger))
 2 SYSTEMPATH/CodeIgniter.php(485): CodeIgniter\CodeIgniter->createController()
 3 SYSTEMPATH/CodeIgniter.php(353): CodeIgniter\CodeIgniter->handleRequest(null, Object(Config\Cache), false)
 4 FCPATH/index.php(79): CodeIgniter\CodeIgniter->run()
WARNING - 2024-11-26 02:17:32 --> [DEPRECATED] Creation of dynamic property App\Controllers\Cron\News::$validation is deprecated in APPPATH/Controllers/BaseController.php on line 57.
 1 SYSTEMPATH/CodeIgniter.php(892): App\Controllers\BaseController->initController(Object(CodeIgniter\HTTP\IncomingRequest), Object(CodeIgniter\HTTP\Response), Object(CodeIgniter\Log\Logger))
 2 SYSTEMPATH/CodeIgniter.php(485): CodeIgniter\CodeIgniter->createController()
 3 SYSTEMPATH/CodeIgniter.php(353): CodeIgniter\CodeIgniter->handleRequest(null, Object(Config\Cache), false)
 4 FCPATH/index.php(79): CodeIgniter\CodeIgniter->run()
WARNING - 2024-11-26 02:17:32 --> [DEPRECATED] Creation of dynamic property App\Controllers\Matches::$validation is deprecated in APPPATH/Controllers/BaseController.php on line 57.
 1 SYSTEMPATH/CodeIgniter.php(892): App\Controllers\BaseController->initController(Object(CodeIgniter\HTTP\IncomingRequest), Object(CodeIgniter\HTTP\Response), Object(CodeIgniter\Log\Logger))
 2 SYSTEMPATH/CodeIgniter.php(485): CodeIgniter\CodeIgniter->createController()
 3 SYSTEMPATH/CodeIgniter.php(353): CodeIgniter\CodeIgniter->handleRequest(null, Object(Config\Cache), false)
 4 FCPATH/index.php(79): CodeIgniter\CodeIgniter->run()
WARNING - 2024-11-26 02:17:32 --> [DEPRECATED] Creation of dynamic property App\Controllers\Matches::$validation is deprecated in APPPATH/Controllers/BaseController.php on line 57.
 1 SYSTEMPATH/CodeIgniter.php(892): App\Controllers\BaseController->initController(Object(CodeIgniter\HTTP\IncomingRequest), Object(CodeIgniter\HTTP\Response), Object(CodeIgniter\Log\Logger))
 2 SYSTEMPATH/CodeIgniter.php(485): CodeIgniter\CodeIgniter->createController()
 3 SYSTEMPATH/CodeIgniter.php(353): CodeIgniter\CodeIgniter->handleRequest(null, Object(Config\Cache), false)
 4 FCPATH/index.php(79): CodeIgniter\CodeIgniter->run()
WARNING - 2024-11-26 02:17:32 --> [DEPRECATED] Creation of dynamic property App\Controllers\Matches::$validation is deprecated in APPPATH/Controllers/BaseController.php on line 57.
 1 SYSTEMPATH/CodeIgniter.php(892): App\Controllers\BaseController->initController(Object(CodeIgniter\HTTP\IncomingRequest), Object(CodeIgniter\HTTP\Response), Object(CodeIgniter\Log\Logger))
 2 SYSTEMPATH/CodeIgniter.php(485): CodeIgniter\CodeIgniter->createController()
 3 SYSTEMPATH/CodeIgniter.php(353): CodeIgniter\CodeIgniter->handleRequest(null, Object(Config\Cache), false)
 4 FCPATH/index.php(79): CodeIgniter\CodeIgniter->run()
WARNING - 2024-11-26 02:17:32 --> [DEPRECATED] Creation of dynamic property App\Controllers\Matches::$validation is deprecated in APPPATH/Controllers/BaseController.php on line 57.
 1 SYSTEMPATH/CodeIgniter.php(892): App\Controllers\BaseController->initController(Object(CodeIgniter\HTTP\IncomingRequest), Object(CodeIgniter\HTTP\Response), Object(CodeIgniter\Log\Logger))
 2 SYSTEMPATH/CodeIgniter.php(485): CodeIgniter\CodeIgniter->createController()
 3 SYSTEMPATH/CodeIgniter.php(353): CodeIgniter\CodeIgniter->handleRequest(null, Object(Config\Cache), false)
 4 FCPATH/index.php(79): CodeIgniter\CodeIgniter->run()
WARNING - 2024-11-26 02:17:32 --> [DEPRECATED] Creation of dynamic property App\Controllers\Matches::$validation is deprecated in APPPATH/Controllers/BaseController.php on line 57.
 1 SYSTEMPATH/CodeIgniter.php(892): App\Controllers\BaseController->initController(Object(CodeIgniter\HTTP\IncomingRequest), Object(CodeIgniter\HTTP\Response), Object(CodeIgniter\Log\Logger))
 2 SYSTEMPATH/CodeIgniter.php(485): CodeIgniter\CodeIgniter->createController()
 3 SYSTEMPATH/CodeIgniter.php(353): CodeIgniter\CodeIgniter->handleRequest(null, Object(Config\Cache), false)
 4 FCPATH/index.php(79): CodeIgniter\CodeIgniter->run()
WARNING - 2024-11-26 02:21:18 --> [DEPRECATED] Creation of dynamic property App\Controllers\Matches::$validation is deprecated in APPPATH/Controllers/BaseController.php on line 57.
 1 SYSTEMPATH/CodeIgniter.php(892): App\Controllers\BaseController->initController(Object(CodeIgniter\HTTP\IncomingRequest), Object(CodeIgniter\HTTP\Response), Object(CodeIgniter\Log\Logger))
 2 SYSTEMPATH/CodeIgniter.php(485): CodeIgniter\CodeIgniter->createController()
 3 SYSTEMPATH/CodeIgniter.php(353): CodeIgniter\CodeIgniter->handleRequest(null, Object(Config\Cache), false)
 4 FCPATH/index.php(79): CodeIgniter\CodeIgniter->run()
WARNING - 2024-11-26 02:21:18 --> [DEPRECATED] Creation of dynamic property App\Controllers\Matches::$validation is deprecated in APPPATH/Controllers/BaseController.php on line 57.
 1 SYSTEMPATH/CodeIgniter.php(892): App\Controllers\BaseController->initController(Object(CodeIgniter\HTTP\IncomingRequest), Object(CodeIgniter\HTTP\Response), Object(CodeIgniter\Log\Logger))
 2 SYSTEMPATH/CodeIgniter.php(485): CodeIgniter\CodeIgniter->createController()
 3 SYSTEMPATH/CodeIgniter.php(353): CodeIgniter\CodeIgniter->handleRequest(null, Object(Config\Cache), false)
 4 FCPATH/index.php(79): CodeIgniter\CodeIgniter->run()
WARNING - 2024-11-26 02:21:19 --> [DEPRECATED] Creation of dynamic property App\Controllers\Cron\News::$validation is deprecated in APPPATH/Controllers/BaseController.php on line 57.
 1 SYSTEMPATH/CodeIgniter.php(892): App\Controllers\BaseController->initController(Object(CodeIgniter\HTTP\IncomingRequest), Object(CodeIgniter\HTTP\Response), Object(CodeIgniter\Log\Logger))
 2 SYSTEMPATH/CodeIgniter.php(485): CodeIgniter\CodeIgniter->createController()
 3 SYSTEMPATH/CodeIgniter.php(353): CodeIgniter\CodeIgniter->handleRequest(null, Object(Config\Cache), false)
 4 FCPATH/index.php(79): CodeIgniter\CodeIgniter->run()
WARNING - 2024-11-26 02:21:19 --> [DEPRECATED] Creation of dynamic property App\Controllers\Matches::$validation is deprecated in APPPATH/Controllers/BaseController.php on line 57.
 1 SYSTEMPATH/CodeIgniter.php(892): App\Controllers\BaseController->initController(Object(CodeIgniter\HTTP\IncomingRequest), Object(CodeIgniter\HTTP\Response), Object(CodeIgniter\Log\Logger))
 2 SYSTEMPATH/CodeIgniter.php(485): CodeIgniter\CodeIgniter->createController()
 3 SYSTEMPATH/CodeIgniter.php(353): CodeIgniter\CodeIgniter->handleRequest(null, Object(Config\Cache), false)
 4 FCPATH/index.php(79): CodeIgniter\CodeIgniter->run()
WARNING - 2024-11-26 02:21:23 --> [DEPRECATED] Creation of dynamic property App\Controllers\Matches::$validation is deprecated in APPPATH/Controllers/BaseController.php on line 57.
 1 SYSTEMPATH/CodeIgniter.php(892): App\Controllers\BaseController->initController(Object(CodeIgniter\HTTP\IncomingRequest), Object(CodeIgniter\HTTP\Response), Object(CodeIgniter\Log\Logger))
 2 SYSTEMPATH/CodeIgniter.php(485): CodeIgniter\CodeIgniter->createController()
 3 SYSTEMPATH/CodeIgniter.php(353): CodeIgniter\CodeIgniter->handleRequest(null, Object(Config\Cache), false)
 4 FCPATH/index.php(79): CodeIgniter\CodeIgniter->run()
WARNING - 2024-11-26 02:21:23 --> [DEPRECATED] Creation of dynamic property App\Controllers\Matches::$validation is deprecated in APPPATH/Controllers/BaseController.php on line 57.
 1 SYSTEMPATH/CodeIgniter.php(892): App\Controllers\BaseController->initController(Object(CodeIgniter\HTTP\IncomingRequest), Object(CodeIgniter\HTTP\Response), Object(CodeIgniter\Log\Logger))
 2 SYSTEMPATH/CodeIgniter.php(485): CodeIgniter\CodeIgniter->createController()
 3 SYSTEMPATH/CodeIgniter.php(353): CodeIgniter\CodeIgniter->handleRequest(null, Object(Config\Cache), false)
 4 FCPATH/index.php(79): CodeIgniter\CodeIgniter->run()
WARNING - 2024-11-26 02:21:25 --> [DEPRECATED] Creation of dynamic property App\Controllers\Matches::$validation is deprecated in APPPATH/Controllers/BaseController.php on line 57.
 1 SYSTEMPATH/CodeIgniter.php(892): App\Controllers\BaseController->initController(Object(CodeIgniter\HTTP\IncomingRequest), Object(CodeIgniter\HTTP\Response), Object(CodeIgniter\Log\Logger))
 2 SYSTEMPATH/CodeIgniter.php(485): CodeIgniter\CodeIgniter->createController()
 3 SYSTEMPATH/CodeIgniter.php(353): CodeIgniter\CodeIgniter->handleRequest(null, Object(Config\Cache), false)
 4 FCPATH/index.php(79): CodeIgniter\CodeIgniter->run()
WARNING - 2024-11-26 02:35:00 --> [DEPRECATED] Creation of dynamic property App\Controllers\Matches::$validation is deprecated in APPPATH/Controllers/BaseController.php on line 57.
 1 SYSTEMPATH/CodeIgniter.php(892): App\Controllers\BaseController->initController(Object(CodeIgniter\HTTP\IncomingRequest), Object(CodeIgniter\HTTP\Response), Object(CodeIgniter\Log\Logger))
 2 SYSTEMPATH/CodeIgniter.php(485): CodeIgniter\CodeIgniter->createController()
 3 SYSTEMPATH/CodeIgniter.php(353): CodeIgniter\CodeIgniter->handleRequest(null, Object(Config\Cache), false)
 4 FCPATH/index.php(79): CodeIgniter\CodeIgniter->run()
WARNING - 2024-11-26 02:35:00 --> [DEPRECATED] Creation of dynamic property App\Controllers\Matches::$validation is deprecated in APPPATH/Controllers/BaseController.php on line 57.
 1 SYSTEMPATH/CodeIgniter.php(892): App\Controllers\BaseController->initController(Object(CodeIgniter\HTTP\IncomingRequest), Object(CodeIgniter\HTTP\Response), Object(CodeIgniter\Log\Logger))
 2 SYSTEMPATH/CodeIgniter.php(485): CodeIgniter\CodeIgniter->createController()
 3 SYSTEMPATH/CodeIgniter.php(353): CodeIgniter\CodeIgniter->handleRequest(null, Object(Config\Cache), false)
 4 FCPATH/index.php(79): CodeIgniter\CodeIgniter->run()
WARNING - 2024-11-26 02:35:00 --> [DEPRECATED] Creation of dynamic property App\Controllers\Matches::$validation is deprecated in APPPATH/Controllers/BaseController.php on line 57.
 1 SYSTEMPATH/CodeIgniter.php(892): App\Controllers\BaseController->initController(Object(CodeIgniter\HTTP\IncomingRequest), Object(CodeIgniter\HTTP\Response), Object(CodeIgniter\Log\Logger))
 2 SYSTEMPATH/CodeIgniter.php(485): CodeIgniter\CodeIgniter->createController()
 3 SYSTEMPATH/CodeIgniter.php(353): CodeIgniter\CodeIgniter->handleRequest(null, Object(Config\Cache), false)
 4 FCPATH/index.php(79): CodeIgniter\CodeIgniter->run()
WARNING - 2024-11-26 02:35:00 --> [DEPRECATED] Creation of dynamic property App\Controllers\Cron\News::$validation is deprecated in APPPATH/Controllers/BaseController.php on line 57.
 1 SYSTEMPATH/CodeIgniter.php(892): App\Controllers\BaseController->initController(Object(CodeIgniter\HTTP\IncomingRequest), Object(CodeIgniter\HTTP\Response), Object(CodeIgniter\Log\Logger))
 2 SYSTEMPATH/CodeIgniter.php(485): CodeIgniter\CodeIgniter->createController()
 3 SYSTEMPATH/CodeIgniter.php(353): CodeIgniter\CodeIgniter->handleRequest(null, Object(Config\Cache), false)
 4 FCPATH/index.php(79): CodeIgniter\CodeIgniter->run()
WARNING - 2024-11-26 02:35:08 --> [DEPRECATED] Creation of dynamic property App\Controllers\Matches::$validation is deprecated in APPPATH/Controllers/BaseController.php on line 57.
 1 SYSTEMPATH/CodeIgniter.php(892): App\Controllers\BaseController->initController(Object(CodeIgniter\HTTP\IncomingRequest), Object(CodeIgniter\HTTP\Response), Object(CodeIgniter\Log\Logger))
 2 SYSTEMPATH/CodeIgniter.php(485): CodeIgniter\CodeIgniter->createController()
 3 SYSTEMPATH/CodeIgniter.php(353): CodeIgniter\CodeIgniter->handleRequest(null, Object(Config\Cache), false)
 4 FCPATH/index.php(79): CodeIgniter\CodeIgniter->run()
WARNING - 2024-11-26 02:35:08 --> [DEPRECATED] Creation of dynamic property App\Controllers\Matches::$validation is deprecated in APPPATH/Controllers/BaseController.php on line 57.
 1 SYSTEMPATH/CodeIgniter.php(892): App\Controllers\BaseController->initController(Object(CodeIgniter\HTTP\IncomingRequest), Object(CodeIgniter\HTTP\Response), Object(CodeIgniter\Log\Logger))
 2 SYSTEMPATH/CodeIgniter.php(485): CodeIgniter\CodeIgniter->createController()
 3 SYSTEMPATH/CodeIgniter.php(353): CodeIgniter\CodeIgniter->handleRequest(null, Object(Config\Cache), false)
 4 FCPATH/index.php(79): CodeIgniter\CodeIgniter->run()
WARNING - 2024-11-26 02:35:10 --> [DEPRECATED] Creation of dynamic property App\Controllers\Matches::$validation is deprecated in APPPATH/Controllers/BaseController.php on line 57.
 1 SYSTEMPATH/CodeIgniter.php(892): App\Controllers\BaseController->initController(Object(CodeIgniter\HTTP\IncomingRequest), Object(CodeIgniter\HTTP\Response), Object(CodeIgniter\Log\Logger))
 2 SYSTEMPATH/CodeIgniter.php(485): CodeIgniter\CodeIgniter->createController()
 3 SYSTEMPATH/CodeIgniter.php(353): CodeIgniter\CodeIgniter->handleRequest(null, Object(Config\Cache), false)
 4 FCPATH/index.php(79): CodeIgniter\CodeIgniter->run()
WARNING - 2024-11-26 02:36:18 --> [DEPRECATED] Creation of dynamic property App\Controllers\Matches::$validation is deprecated in APPPATH/Controllers/BaseController.php on line 57.
 1 SYSTEMPATH/CodeIgniter.php(892): App\Controllers\BaseController->initController(Object(CodeIgniter\HTTP\IncomingRequest), Object(CodeIgniter\HTTP\Response), Object(CodeIgniter\Log\Logger))
 2 SYSTEMPATH/CodeIgniter.php(485): CodeIgniter\CodeIgniter->createController()
 3 SYSTEMPATH/CodeIgniter.php(353): CodeIgniter\CodeIgniter->handleRequest(null, Object(Config\Cache), false)
 4 FCPATH/index.php(79): CodeIgniter\CodeIgniter->run()
WARNING - 2024-11-26 02:36:18 --> [DEPRECATED] Creation of dynamic property App\Controllers\Matches::$validation is deprecated in APPPATH/Controllers/BaseController.php on line 57.
 1 SYSTEMPATH/CodeIgniter.php(892): App\Controllers\BaseController->initController(Object(CodeIgniter\HTTP\IncomingRequest), Object(CodeIgniter\HTTP\Response), Object(CodeIgniter\Log\Logger))
 2 SYSTEMPATH/CodeIgniter.php(485): CodeIgniter\CodeIgniter->createController()
 3 SYSTEMPATH/CodeIgniter.php(353): CodeIgniter\CodeIgniter->handleRequest(null, Object(Config\Cache), false)
 4 FCPATH/index.php(79): CodeIgniter\CodeIgniter->run()
WARNING - 2024-11-26 02:36:18 --> [DEPRECATED] Creation of dynamic property App\Controllers\Cron\News::$validation is deprecated in APPPATH/Controllers/BaseController.php on line 57.
 1 SYSTEMPATH/CodeIgniter.php(892): App\Controllers\BaseController->initController(Object(CodeIgniter\HTTP\IncomingRequest), Object(CodeIgniter\HTTP\Response), Object(CodeIgniter\Log\Logger))
 2 SYSTEMPATH/CodeIgniter.php(485): CodeIgniter\CodeIgniter->createController()
 3 SYSTEMPATH/CodeIgniter.php(353): CodeIgniter\CodeIgniter->handleRequest(null, Object(Config\Cache), false)
 4 FCPATH/index.php(79): CodeIgniter\CodeIgniter->run()
WARNING - 2024-11-26 02:36:18 --> [DEPRECATED] Creation of dynamic property App\Controllers\Matches::$validation is deprecated in APPPATH/Controllers/BaseController.php on line 57.
 1 SYSTEMPATH/CodeIgniter.php(892): App\Controllers\BaseController->initController(Object(CodeIgniter\HTTP\IncomingRequest), Object(CodeIgniter\HTTP\Response), Object(CodeIgniter\Log\Logger))
 2 SYSTEMPATH/CodeIgniter.php(485): CodeIgniter\CodeIgniter->createController()
 3 SYSTEMPATH/CodeIgniter.php(353): CodeIgniter\CodeIgniter->handleRequest(null, Object(Config\Cache), false)
 4 FCPATH/index.php(79): CodeIgniter\CodeIgniter->run()
WARNING - 2024-11-26 02:36:21 --> [DEPRECATED] Creation of dynamic property App\Controllers\Matches::$validation is deprecated in APPPATH/Controllers/BaseController.php on line 57.
 1 SYSTEMPATH/CodeIgniter.php(892): App\Controllers\BaseController->initController(Object(CodeIgniter\HTTP\IncomingRequest), Object(CodeIgniter\HTTP\Response), Object(CodeIgniter\Log\Logger))
 2 SYSTEMPATH/CodeIgniter.php(485): CodeIgniter\CodeIgniter->createController()
 3 SYSTEMPATH/CodeIgniter.php(353): CodeIgniter\CodeIgniter->handleRequest(null, Object(Config\Cache), false)
 4 FCPATH/index.php(79): CodeIgniter\CodeIgniter->run()
WARNING - 2024-11-26 02:36:21 --> [DEPRECATED] Creation of dynamic property App\Controllers\Matches::$validation is deprecated in APPPATH/Controllers/BaseController.php on line 57.
 1 SYSTEMPATH/CodeIgniter.php(892): App\Controllers\BaseController->initController(Object(CodeIgniter\HTTP\IncomingRequest), Object(CodeIgniter\HTTP\Response), Object(CodeIgniter\Log\Logger))
 2 SYSTEMPATH/CodeIgniter.php(485): CodeIgniter\CodeIgniter->createController()
 3 SYSTEMPATH/CodeIgniter.php(353): CodeIgniter\CodeIgniter->handleRequest(null, Object(Config\Cache), false)
 4 FCPATH/index.php(79): CodeIgniter\CodeIgniter->run()
WARNING - 2024-11-26 02:36:22 --> [DEPRECATED] Creation of dynamic property App\Controllers\Matches::$validation is deprecated in APPPATH/Controllers/BaseController.php on line 57.
 1 SYSTEMPATH/CodeIgniter.php(892): App\Controllers\BaseController->initController(Object(CodeIgniter\HTTP\IncomingRequest), Object(CodeIgniter\HTTP\Response), Object(CodeIgniter\Log\Logger))
 2 SYSTEMPATH/CodeIgniter.php(485): CodeIgniter\CodeIgniter->createController()
 3 SYSTEMPATH/CodeIgniter.php(353): CodeIgniter\CodeIgniter->handleRequest(null, Object(Config\Cache), false)
 4 FCPATH/index.php(79): CodeIgniter\CodeIgniter->run()
WARNING - 2024-11-26 02:49:20 --> [DEPRECATED] Creation of dynamic property App\Controllers\Matches::$validation is deprecated in APPPATH/Controllers/BaseController.php on line 57.
 1 SYSTEMPATH/CodeIgniter.php(892): App\Controllers\BaseController->initController(Object(CodeIgniter\HTTP\IncomingRequest), Object(CodeIgniter\HTTP\Response), Object(CodeIgniter\Log\Logger))
 2 SYSTEMPATH/CodeIgniter.php(485): CodeIgniter\CodeIgniter->createController()
 3 SYSTEMPATH/CodeIgniter.php(353): CodeIgniter\CodeIgniter->handleRequest(null, Object(Config\Cache), false)
 4 FCPATH/index.php(79): CodeIgniter\CodeIgniter->run()
WARNING - 2024-11-26 02:49:20 --> [DEPRECATED] Creation of dynamic property App\Controllers\Matches::$validation is deprecated in APPPATH/Controllers/BaseController.php on line 57.
 1 SYSTEMPATH/CodeIgniter.php(892): App\Controllers\BaseController->initController(Object(CodeIgniter\HTTP\IncomingRequest), Object(CodeIgniter\HTTP\Response), Object(CodeIgniter\Log\Logger))
 2 SYSTEMPATH/CodeIgniter.php(485): CodeIgniter\CodeIgniter->createController()
 3 SYSTEMPATH/CodeIgniter.php(353): CodeIgniter\CodeIgniter->handleRequest(null, Object(Config\Cache), false)
 4 FCPATH/index.php(79): CodeIgniter\CodeIgniter->run()
WARNING - 2024-11-26 02:49:20 --> [DEPRECATED] Creation of dynamic property App\Controllers\Matches::$validation is deprecated in APPPATH/Controllers/BaseController.php on line 57.
 1 SYSTEMPATH/CodeIgniter.php(892): App\Controllers\BaseController->initController(Object(CodeIgniter\HTTP\IncomingRequest), Object(CodeIgniter\HTTP\Response), Object(CodeIgniter\Log\Logger))
 2 SYSTEMPATH/CodeIgniter.php(485): CodeIgniter\CodeIgniter->createController()
 3 SYSTEMPATH/CodeIgniter.php(353): CodeIgniter\CodeIgniter->handleRequest(null, Object(Config\Cache), false)
 4 FCPATH/index.php(79): CodeIgniter\CodeIgniter->run()
WARNING - 2024-11-26 02:49:20 --> [DEPRECATED] Creation of dynamic property App\Controllers\Cron\News::$validation is deprecated in APPPATH/Controllers/BaseController.php on line 57.
 1 SYSTEMPATH/CodeIgniter.php(892): App\Controllers\BaseController->initController(Object(CodeIgniter\HTTP\IncomingRequest), Object(CodeIgniter\HTTP\Response), Object(CodeIgniter\Log\Logger))
 2 SYSTEMPATH/CodeIgniter.php(485): CodeIgniter\CodeIgniter->createController()
 3 SYSTEMPATH/CodeIgniter.php(353): CodeIgniter\CodeIgniter->handleRequest(null, Object(Config\Cache), false)
 4 FCPATH/index.php(79): CodeIgniter\CodeIgniter->run()
WARNING - 2024-11-26 02:49:21 --> [DEPRECATED] Creation of dynamic property App\Controllers\Cron\News::$validation is deprecated in APPPATH/Controllers/BaseController.php on line 57.
 1 SYSTEMPATH/CodeIgniter.php(892): App\Controllers\BaseController->initController(Object(CodeIgniter\HTTP\IncomingRequest), Object(CodeIgniter\HTTP\Response), Object(CodeIgniter\Log\Logger))
 2 SYSTEMPATH/CodeIgniter.php(485): CodeIgniter\CodeIgniter->createController()
 3 SYSTEMPATH/CodeIgniter.php(353): CodeIgniter\CodeIgniter->handleRequest(null, Object(Config\Cache), false)
 4 FCPATH/index.php(79): CodeIgniter\CodeIgniter->run()
WARNING - 2024-11-26 02:49:21 --> [DEPRECATED] Creation of dynamic property App\Controllers\Matches::$validation is deprecated in APPPATH/Controllers/BaseController.php on line 57.
 1 SYSTEMPATH/CodeIgniter.php(892): App\Controllers\BaseController->initController(Object(CodeIgniter\HTTP\IncomingRequest), Object(CodeIgniter\HTTP\Response), Object(CodeIgniter\Log\Logger))
 2 SYSTEMPATH/CodeIgniter.php(485): CodeIgniter\CodeIgniter->createController()
 3 SYSTEMPATH/CodeIgniter.php(353): CodeIgniter\CodeIgniter->handleRequest(null, Object(Config\Cache), false)
 4 FCPATH/index.php(79): CodeIgniter\CodeIgniter->run()
WARNING - 2024-11-26 02:49:21 --> [DEPRECATED] Creation of dynamic property App\Controllers\Matches::$validation is deprecated in APPPATH/Controllers/BaseController.php on line 57.
 1 SYSTEMPATH/CodeIgniter.php(892): App\Controllers\BaseController->initController(Object(CodeIgniter\HTTP\IncomingRequest), Object(CodeIgniter\HTTP\Response), Object(CodeIgniter\Log\Logger))
 2 SYSTEMPATH/CodeIgniter.php(485): CodeIgniter\CodeIgniter->createController()
 3 SYSTEMPATH/CodeIgniter.php(353): CodeIgniter\CodeIgniter->handleRequest(null, Object(Config\Cache), false)
 4 FCPATH/index.php(79): CodeIgniter\CodeIgniter->run()
WARNING - 2024-11-26 02:49:21 --> [DEPRECATED] Creation of dynamic property App\Controllers\Matches::$validation is deprecated in APPPATH/Controllers/BaseController.php on line 57.
 1 SYSTEMPATH/CodeIgniter.php(892): App\Controllers\BaseController->initController(Object(CodeIgniter\HTTP\IncomingRequest), Object(CodeIgniter\HTTP\Response), Object(CodeIgniter\Log\Logger))
 2 SYSTEMPATH/CodeIgniter.php(485): CodeIgniter\CodeIgniter->createController()
 3 SYSTEMPATH/CodeIgniter.php(353): CodeIgniter\CodeIgniter->handleRequest(null, Object(Config\Cache), false)
 4 FCPATH/index.php(79): CodeIgniter\CodeIgniter->run()
WARNING - 2024-11-26 02:49:21 --> [DEPRECATED] Creation of dynamic property App\Controllers\Matches::$validation is deprecated in APPPATH/Controllers/BaseController.php on line 57.
 1 SYSTEMPATH/CodeIgniter.php(892): App\Controllers\BaseController->initController(Object(CodeIgniter\HTTP\IncomingRequest), Object(CodeIgniter\HTTP\Response), Object(CodeIgniter\Log\Logger))
 2 SYSTEMPATH/CodeIgniter.php(485): CodeIgniter\CodeIgniter->createController()
 3 SYSTEMPATH/CodeIgniter.php(353): CodeIgniter\CodeIgniter->handleRequest(null, Object(Config\Cache), false)
 4 FCPATH/index.php(79): CodeIgniter\CodeIgniter->run()
WARNING - 2024-11-26 02:49:21 --> [DEPRECATED] Creation of dynamic property App\Controllers\Matches::$validation is deprecated in APPPATH/Controllers/BaseController.php on line 57.
 1 SYSTEMPATH/CodeIgniter.php(892): App\Controllers\BaseController->initController(Object(CodeIgniter\HTTP\IncomingRequest), Object(CodeIgniter\HTTP\Response), Object(CodeIgniter\Log\Logger))
 2 SYSTEMPATH/CodeIgniter.php(485): CodeIgniter\CodeIgniter->createController()
 3 SYSTEMPATH/CodeIgniter.php(353): CodeIgniter\CodeIgniter->handleRequest(null, Object(Config\Cache), false)
 4 FCPATH/index.php(79): CodeIgniter\CodeIgniter->run()
WARNING - 2024-11-26 02:49:21 --> [DEPRECATED] Creation of dynamic property App\Controllers\Matches::$validation is deprecated in APPPATH/Controllers/BaseController.php on line 57.
 1 SYSTEMPATH/CodeIgniter.php(892): App\Controllers\BaseController->initController(Object(CodeIgniter\HTTP\IncomingRequest), Object(CodeIgniter\HTTP\Response), Object(CodeIgniter\Log\Logger))
 2 SYSTEMPATH/CodeIgniter.php(485): CodeIgniter\CodeIgniter->createController()
 3 SYSTEMPATH/CodeIgniter.php(353): CodeIgniter\CodeIgniter->handleRequest(null, Object(Config\Cache), false)
 4 FCPATH/index.php(79): CodeIgniter\CodeIgniter->run()
WARNING - 2024-11-26 02:49:21 --> [DEPRECATED] Creation of dynamic property App\Controllers\Matches::$validation is deprecated in APPPATH/Controllers/BaseController.php on line 57.
 1 SYSTEMPATH/CodeIgniter.php(892): App\Controllers\BaseController->initController(Object(CodeIgniter\HTTP\IncomingRequest), Object(CodeIgniter\HTTP\Response), Object(CodeIgniter\Log\Logger))
 2 SYSTEMPATH/CodeIgniter.php(485): CodeIgniter\CodeIgniter->createController()
 3 SYSTEMPATH/CodeIgniter.php(353): CodeIgniter\CodeIgniter->handleRequest(null, Object(Config\Cache), false)
 4 FCPATH/index.php(79): CodeIgniter\CodeIgniter->run()
WARNING - 2024-11-26 02:49:22 --> [DEPRECATED] Creation of dynamic property App\Controllers\Matches::$validation is deprecated in APPPATH/Controllers/BaseController.php on line 57.
 1 SYSTEMPATH/CodeIgniter.php(892): App\Controllers\BaseController->initController(Object(CodeIgniter\HTTP\IncomingRequest), Object(CodeIgniter\HTTP\Response), Object(CodeIgniter\Log\Logger))
 2 SYSTEMPATH/CodeIgniter.php(485): CodeIgniter\CodeIgniter->createController()
 3 SYSTEMPATH/CodeIgniter.php(353): CodeIgniter\CodeIgniter->handleRequest(null, Object(Config\Cache), false)
 4 FCPATH/index.php(79): CodeIgniter\CodeIgniter->run()
WARNING - 2024-11-26 02:49:45 --> [DEPRECATED] Creation of dynamic property App\Controllers\Matches::$validation is deprecated in APPPATH/Controllers/BaseController.php on line 57.
 1 SYSTEMPATH/CodeIgniter.php(892): App\Controllers\BaseController->initController(Object(CodeIgniter\HTTP\IncomingRequest), Object(CodeIgniter\HTTP\Response), Object(CodeIgniter\Log\Logger))
 2 SYSTEMPATH/CodeIgniter.php(485): CodeIgniter\CodeIgniter->createController()
 3 SYSTEMPATH/CodeIgniter.php(353): CodeIgniter\CodeIgniter->handleRequest(null, Object(Config\Cache), false)
 4 FCPATH/index.php(79): CodeIgniter\CodeIgniter->run()
WARNING - 2024-11-26 02:49:45 --> [DEPRECATED] Creation of dynamic property App\Controllers\Matches::$validation is deprecated in APPPATH/Controllers/BaseController.php on line 57.
 1 SYSTEMPATH/CodeIgniter.php(892): App\Controllers\BaseController->initController(Object(CodeIgniter\HTTP\IncomingRequest), Object(CodeIgniter\HTTP\Response), Object(CodeIgniter\Log\Logger))
 2 SYSTEMPATH/CodeIgniter.php(485): CodeIgniter\CodeIgniter->createController()
 3 SYSTEMPATH/CodeIgniter.php(353): CodeIgniter\CodeIgniter->handleRequest(null, Object(Config\Cache), false)
 4 FCPATH/index.php(79): CodeIgniter\CodeIgniter->run()
WARNING - 2024-11-26 02:49:45 --> [DEPRECATED] Creation of dynamic property App\Controllers\Matches::$validation is deprecated in APPPATH/Controllers/BaseController.php on line 57.
 1 SYSTEMPATH/CodeIgniter.php(892): App\Controllers\BaseController->initController(Object(CodeIgniter\HTTP\IncomingRequest), Object(CodeIgniter\HTTP\Response), Object(CodeIgniter\Log\Logger))
 2 SYSTEMPATH/CodeIgniter.php(485): CodeIgniter\CodeIgniter->createController()
 3 SYSTEMPATH/CodeIgniter.php(353): CodeIgniter\CodeIgniter->handleRequest(null, Object(Config\Cache), false)
 4 FCPATH/index.php(79): CodeIgniter\CodeIgniter->run()
WARNING - 2024-11-26 02:49:45 --> [DEPRECATED] Creation of dynamic property App\Controllers\Cron\News::$validation is deprecated in APPPATH/Controllers/BaseController.php on line 57.
 1 SYSTEMPATH/CodeIgniter.php(892): App\Controllers\BaseController->initController(Object(CodeIgniter\HTTP\IncomingRequest), Object(CodeIgniter\HTTP\Response), Object(CodeIgniter\Log\Logger))
 2 SYSTEMPATH/CodeIgniter.php(485): CodeIgniter\CodeIgniter->createController()
 3 SYSTEMPATH/CodeIgniter.php(353): CodeIgniter\CodeIgniter->handleRequest(null, Object(Config\Cache), false)
 4 FCPATH/index.php(79): CodeIgniter\CodeIgniter->run()
WARNING - 2024-11-26 02:49:46 --> [DEPRECATED] Creation of dynamic property App\Controllers\Matches::$validation is deprecated in APPPATH/Controllers/BaseController.php on line 57.
 1 SYSTEMPATH/CodeIgniter.php(892): App\Controllers\BaseController->initController(Object(CodeIgniter\HTTP\IncomingRequest), Object(CodeIgniter\HTTP\Response), Object(CodeIgniter\Log\Logger))
 2 SYSTEMPATH/CodeIgniter.php(485): CodeIgniter\CodeIgniter->createController()
 3 SYSTEMPATH/CodeIgniter.php(353): CodeIgniter\CodeIgniter->handleRequest(null, Object(Config\Cache), false)
 4 FCPATH/index.php(79): CodeIgniter\CodeIgniter->run()
WARNING - 2024-11-26 02:49:46 --> [DEPRECATED] Creation of dynamic property App\Controllers\Matches::$validation is deprecated in APPPATH/Controllers/BaseController.php on line 57.
 1 SYSTEMPATH/CodeIgniter.php(892): App\Controllers\BaseController->initController(Object(CodeIgniter\HTTP\IncomingRequest), Object(CodeIgniter\HTTP\Response), Object(CodeIgniter\Log\Logger))
 2 SYSTEMPATH/CodeIgniter.php(485): CodeIgniter\CodeIgniter->createController()
 3 SYSTEMPATH/CodeIgniter.php(353): CodeIgniter\CodeIgniter->handleRequest(null, Object(Config\Cache), false)
 4 FCPATH/index.php(79): CodeIgniter\CodeIgniter->run()
WARNING - 2024-11-26 02:49:47 --> [DEPRECATED] Creation of dynamic property App\Controllers\Matches::$validation is deprecated in APPPATH/Controllers/BaseController.php on line 57.
 1 SYSTEMPATH/CodeIgniter.php(892): App\Controllers\BaseController->initController(Object(CodeIgniter\HTTP\IncomingRequest), Object(CodeIgniter\HTTP\Response), Object(CodeIgniter\Log\Logger))
 2 SYSTEMPATH/CodeIgniter.php(485): CodeIgniter\CodeIgniter->createController()
 3 SYSTEMPATH/CodeIgniter.php(353): CodeIgniter\CodeIgniter->handleRequest(null, Object(Config\Cache), false)
 4 FCPATH/index.php(79): CodeIgniter\CodeIgniter->run()
WARNING - 2024-11-26 02:52:57 --> [DEPRECATED] Creation of dynamic property App\Controllers\Matches::$validation is deprecated in APPPATH/Controllers/BaseController.php on line 57.
 1 SYSTEMPATH/CodeIgniter.php(892): App\Controllers\BaseController->initController(Object(CodeIgniter\HTTP\IncomingRequest), Object(CodeIgniter\HTTP\Response), Object(CodeIgniter\Log\Logger))
 2 SYSTEMPATH/CodeIgniter.php(485): CodeIgniter\CodeIgniter->createController()
 3 SYSTEMPATH/CodeIgniter.php(353): CodeIgniter\CodeIgniter->handleRequest(null, Object(Config\Cache), false)
 4 FCPATH/index.php(79): CodeIgniter\CodeIgniter->run()
WARNING - 2024-11-26 02:52:57 --> [DEPRECATED] Creation of dynamic property App\Controllers\Matches::$validation is deprecated in APPPATH/Controllers/BaseController.php on line 57.
 1 SYSTEMPATH/CodeIgniter.php(892): App\Controllers\BaseController->initController(Object(CodeIgniter\HTTP\IncomingRequest), Object(CodeIgniter\HTTP\Response), Object(CodeIgniter\Log\Logger))
 2 SYSTEMPATH/CodeIgniter.php(485): CodeIgniter\CodeIgniter->createController()
 3 SYSTEMPATH/CodeIgniter.php(353): CodeIgniter\CodeIgniter->handleRequest(null, Object(Config\Cache), false)
 4 FCPATH/index.php(79): CodeIgniter\CodeIgniter->run()
WARNING - 2024-11-26 02:52:57 --> [DEPRECATED] Creation of dynamic property App\Controllers\Cron\News::$validation is deprecated in APPPATH/Controllers/BaseController.php on line 57.
 1 SYSTEMPATH/CodeIgniter.php(892): App\Controllers\BaseController->initController(Object(CodeIgniter\HTTP\IncomingRequest), Object(CodeIgniter\HTTP\Response), Object(CodeIgniter\Log\Logger))
 2 SYSTEMPATH/CodeIgniter.php(485): CodeIgniter\CodeIgniter->createController()
 3 SYSTEMPATH/CodeIgniter.php(353): CodeIgniter\CodeIgniter->handleRequest(null, Object(Config\Cache), false)
 4 FCPATH/index.php(79): CodeIgniter\CodeIgniter->run()
WARNING - 2024-11-26 02:52:57 --> [DEPRECATED] Creation of dynamic property App\Controllers\Matches::$validation is deprecated in APPPATH/Controllers/BaseController.php on line 57.
 1 SYSTEMPATH/CodeIgniter.php(892): App\Controllers\BaseController->initController(Object(CodeIgniter\HTTP\IncomingRequest), Object(CodeIgniter\HTTP\Response), Object(CodeIgniter\Log\Logger))
 2 SYSTEMPATH/CodeIgniter.php(485): CodeIgniter\CodeIgniter->createController()
 3 SYSTEMPATH/CodeIgniter.php(353): CodeIgniter\CodeIgniter->handleRequest(null, Object(Config\Cache), false)
 4 FCPATH/index.php(79): CodeIgniter\CodeIgniter->run()
WARNING - 2024-11-26 02:53:03 --> [DEPRECATED] Creation of dynamic property App\Controllers\Matches::$validation is deprecated in APPPATH/Controllers/BaseController.php on line 57.
 1 SYSTEMPATH/CodeIgniter.php(892): App\Controllers\BaseController->initController(Object(CodeIgniter\HTTP\IncomingRequest), Object(CodeIgniter\HTTP\Response), Object(CodeIgniter\Log\Logger))
 2 SYSTEMPATH/CodeIgniter.php(485): CodeIgniter\CodeIgniter->createController()
 3 SYSTEMPATH/CodeIgniter.php(353): CodeIgniter\CodeIgniter->handleRequest(null, Object(Config\Cache), false)
 4 FCPATH/index.php(79): CodeIgniter\CodeIgniter->run()
WARNING - 2024-11-26 02:53:03 --> [DEPRECATED] Creation of dynamic property App\Controllers\Matches::$validation is deprecated in APPPATH/Controllers/BaseController.php on line 57.
 1 SYSTEMPATH/CodeIgniter.php(892): App\Controllers\BaseController->initController(Object(CodeIgniter\HTTP\IncomingRequest), Object(CodeIgniter\HTTP\Response), Object(CodeIgniter\Log\Logger))
 2 SYSTEMPATH/CodeIgniter.php(485): CodeIgniter\CodeIgniter->createController()
 3 SYSTEMPATH/CodeIgniter.php(353): CodeIgniter\CodeIgniter->handleRequest(null, Object(Config\Cache), false)
 4 FCPATH/index.php(79): CodeIgniter\CodeIgniter->run()
WARNING - 2024-11-26 02:53:05 --> [DEPRECATED] Creation of dynamic property App\Controllers\Matches::$validation is deprecated in APPPATH/Controllers/BaseController.php on line 57.
 1 SYSTEMPATH/CodeIgniter.php(892): App\Controllers\BaseController->initController(Object(CodeIgniter\HTTP\IncomingRequest), Object(CodeIgniter\HTTP\Response), Object(CodeIgniter\Log\Logger))
 2 SYSTEMPATH/CodeIgniter.php(485): CodeIgniter\CodeIgniter->createController()
 3 SYSTEMPATH/CodeIgniter.php(353): CodeIgniter\CodeIgniter->handleRequest(null, Object(Config\Cache), false)
 4 FCPATH/index.php(79): CodeIgniter\CodeIgniter->run()
WARNING - 2024-11-26 02:56:50 --> [DEPRECATED] Creation of dynamic property App\Controllers\Matches::$validation is deprecated in APPPATH/Controllers/BaseController.php on line 57.
 1 SYSTEMPATH/CodeIgniter.php(892): App\Controllers\BaseController->initController(Object(CodeIgniter\HTTP\IncomingRequest), Object(CodeIgniter\HTTP\Response), Object(CodeIgniter\Log\Logger))
 2 SYSTEMPATH/CodeIgniter.php(485): CodeIgniter\CodeIgniter->createController()
 3 SYSTEMPATH/CodeIgniter.php(353): CodeIgniter\CodeIgniter->handleRequest(null, Object(Config\Cache), false)
 4 FCPATH/index.php(79): CodeIgniter\CodeIgniter->run()
WARNING - 2024-11-26 02:56:50 --> [DEPRECATED] Creation of dynamic property App\Controllers\Cron\News::$validation is deprecated in APPPATH/Controllers/BaseController.php on line 57.
 1 SYSTEMPATH/CodeIgniter.php(892): App\Controllers\BaseController->initController(Object(CodeIgniter\HTTP\IncomingRequest), Object(CodeIgniter\HTTP\Response), Object(CodeIgniter\Log\Logger))
 2 SYSTEMPATH/CodeIgniter.php(485): CodeIgniter\CodeIgniter->createController()
 3 SYSTEMPATH/CodeIgniter.php(353): CodeIgniter\CodeIgniter->handleRequest(null, Object(Config\Cache), false)
 4 FCPATH/index.php(79): CodeIgniter\CodeIgniter->run()
WARNING - 2024-11-26 02:56:50 --> [DEPRECATED] Creation of dynamic property App\Controllers\Matches::$validation is deprecated in APPPATH/Controllers/BaseController.php on line 57.
 1 SYSTEMPATH/CodeIgniter.php(892): App\Controllers\BaseController->initController(Object(CodeIgniter\HTTP\IncomingRequest), Object(CodeIgniter\HTTP\Response), Object(CodeIgniter\Log\Logger))
 2 SYSTEMPATH/CodeIgniter.php(485): CodeIgniter\CodeIgniter->createController()
 3 SYSTEMPATH/CodeIgniter.php(353): CodeIgniter\CodeIgniter->handleRequest(null, Object(Config\Cache), false)
 4 FCPATH/index.php(79): CodeIgniter\CodeIgniter->run()
WARNING - 2024-11-26 02:56:50 --> [DEPRECATED] Creation of dynamic property App\Controllers\Matches::$validation is deprecated in APPPATH/Controllers/BaseController.php on line 57.
 1 SYSTEMPATH/CodeIgniter.php(892): App\Controllers\BaseController->initController(Object(CodeIgniter\HTTP\IncomingRequest), Object(CodeIgniter\HTTP\Response), Object(CodeIgniter\Log\Logger))
 2 SYSTEMPATH/CodeIgniter.php(485): CodeIgniter\CodeIgniter->createController()
 3 SYSTEMPATH/CodeIgniter.php(353): CodeIgniter\CodeIgniter->handleRequest(null, Object(Config\Cache), false)
 4 FCPATH/index.php(79): CodeIgniter\CodeIgniter->run()
WARNING - 2024-11-26 02:56:51 --> [DEPRECATED] Creation of dynamic property App\Controllers\Matches::$validation is deprecated in APPPATH/Controllers/BaseController.php on line 57.
 1 SYSTEMPATH/CodeIgniter.php(892): App\Controllers\BaseController->initController(Object(CodeIgniter\HTTP\IncomingRequest), Object(CodeIgniter\HTTP\Response), Object(CodeIgniter\Log\Logger))
 2 SYSTEMPATH/CodeIgniter.php(485): CodeIgniter\CodeIgniter->createController()
 3 SYSTEMPATH/CodeIgniter.php(353): CodeIgniter\CodeIgniter->handleRequest(null, Object(Config\Cache), false)
 4 FCPATH/index.php(79): CodeIgniter\CodeIgniter->run()
WARNING - 2024-11-26 02:56:51 --> [DEPRECATED] Creation of dynamic property App\Controllers\Matches::$validation is deprecated in APPPATH/Controllers/BaseController.php on line 57.
 1 SYSTEMPATH/CodeIgniter.php(892): App\Controllers\BaseController->initController(Object(CodeIgniter\HTTP\IncomingRequest), Object(CodeIgniter\HTTP\Response), Object(CodeIgniter\Log\Logger))
 2 SYSTEMPATH/CodeIgniter.php(485): CodeIgniter\CodeIgniter->createController()
 3 SYSTEMPATH/CodeIgniter.php(353): CodeIgniter\CodeIgniter->handleRequest(null, Object(Config\Cache), false)
 4 FCPATH/index.php(79): CodeIgniter\CodeIgniter->run()
WARNING - 2024-11-26 02:56:52 --> [DEPRECATED] Creation of dynamic property App\Controllers\Matches::$validation is deprecated in APPPATH/Controllers/BaseController.php on line 57.
 1 SYSTEMPATH/CodeIgniter.php(892): App\Controllers\BaseController->initController(Object(CodeIgniter\HTTP\IncomingRequest), Object(CodeIgniter\HTTP\Response), Object(CodeIgniter\Log\Logger))
 2 SYSTEMPATH/CodeIgniter.php(485): CodeIgniter\CodeIgniter->createController()
 3 SYSTEMPATH/CodeIgniter.php(353): CodeIgniter\CodeIgniter->handleRequest(null, Object(Config\Cache), false)
 4 FCPATH/index.php(79): CodeIgniter\CodeIgniter->run()
WARNING - 2024-11-26 02:56:54 --> [DEPRECATED] Creation of dynamic property App\Controllers\Matches::$validation is deprecated in APPPATH/Controllers/BaseController.php on line 57.
 1 SYSTEMPATH/CodeIgniter.php(892): App\Controllers\BaseController->initController(Object(CodeIgniter\HTTP\IncomingRequest), Object(CodeIgniter\HTTP\Response), Object(CodeIgniter\Log\Logger))
 2 SYSTEMPATH/CodeIgniter.php(485): CodeIgniter\CodeIgniter->createController()
 3 SYSTEMPATH/CodeIgniter.php(353): CodeIgniter\CodeIgniter->handleRequest(null, Object(Config\Cache), false)
 4 FCPATH/index.php(79): CodeIgniter\CodeIgniter->run()
WARNING - 2024-11-26 02:56:54 --> [DEPRECATED] Creation of dynamic property App\Controllers\Cron\News::$validation is deprecated in APPPATH/Controllers/BaseController.php on line 57.
 1 SYSTEMPATH/CodeIgniter.php(892): App\Controllers\BaseController->initController(Object(CodeIgniter\HTTP\IncomingRequest), Object(CodeIgniter\HTTP\Response), Object(CodeIgniter\Log\Logger))
 2 SYSTEMPATH/CodeIgniter.php(485): CodeIgniter\CodeIgniter->createController()
 3 SYSTEMPATH/CodeIgniter.php(353): CodeIgniter\CodeIgniter->handleRequest(null, Object(Config\Cache), false)
 4 FCPATH/index.php(79): CodeIgniter\CodeIgniter->run()
WARNING - 2024-11-26 02:56:54 --> [DEPRECATED] Creation of dynamic property App\Controllers\Matches::$validation is deprecated in APPPATH/Controllers/BaseController.php on line 57.
 1 SYSTEMPATH/CodeIgniter.php(892): App\Controllers\BaseController->initController(Object(CodeIgniter\HTTP\IncomingRequest), Object(CodeIgniter\HTTP\Response), Object(CodeIgniter\Log\Logger))
 2 SYSTEMPATH/CodeIgniter.php(485): CodeIgniter\CodeIgniter->createController()
 3 SYSTEMPATH/CodeIgniter.php(353): CodeIgniter\CodeIgniter->handleRequest(null, Object(Config\Cache), false)
 4 FCPATH/index.php(79): CodeIgniter\CodeIgniter->run()
WARNING - 2024-11-26 02:56:54 --> [DEPRECATED] Creation of dynamic property App\Controllers\Matches::$validation is deprecated in APPPATH/Controllers/BaseController.php on line 57.
 1 SYSTEMPATH/CodeIgniter.php(892): App\Controllers\BaseController->initController(Object(CodeIgniter\HTTP\IncomingRequest), Object(CodeIgniter\HTTP\Response), Object(CodeIgniter\Log\Logger))
 2 SYSTEMPATH/CodeIgniter.php(485): CodeIgniter\CodeIgniter->createController()
 3 SYSTEMPATH/CodeIgniter.php(353): CodeIgniter\CodeIgniter->handleRequest(null, Object(Config\Cache), false)
 4 FCPATH/index.php(79): CodeIgniter\CodeIgniter->run()
WARNING - 2024-11-26 02:56:56 --> [DEPRECATED] Creation of dynamic property App\Controllers\Matches::$validation is deprecated in APPPATH/Controllers/BaseController.php on line 57.
 1 SYSTEMPATH/CodeIgniter.php(892): App\Controllers\BaseController->initController(Object(CodeIgniter\HTTP\IncomingRequest), Object(CodeIgniter\HTTP\Response), Object(CodeIgniter\Log\Logger))
 2 SYSTEMPATH/CodeIgniter.php(485): CodeIgniter\CodeIgniter->createController()
 3 SYSTEMPATH/CodeIgniter.php(353): CodeIgniter\CodeIgniter->handleRequest(null, Object(Config\Cache), false)
 4 FCPATH/index.php(79): CodeIgniter\CodeIgniter->run()
WARNING - 2024-11-26 02:56:56 --> [DEPRECATED] Creation of dynamic property App\Controllers\Matches::$validation is deprecated in APPPATH/Controllers/BaseController.php on line 57.
 1 SYSTEMPATH/CodeIgniter.php(892): App\Controllers\BaseController->initController(Object(CodeIgniter\HTTP\IncomingRequest), Object(CodeIgniter\HTTP\Response), Object(CodeIgniter\Log\Logger))
 2 SYSTEMPATH/CodeIgniter.php(485): CodeIgniter\CodeIgniter->createController()
 3 SYSTEMPATH/CodeIgniter.php(353): CodeIgniter\CodeIgniter->handleRequest(null, Object(Config\Cache), false)
 4 FCPATH/index.php(79): CodeIgniter\CodeIgniter->run()
WARNING - 2024-11-26 02:56:57 --> [DEPRECATED] Creation of dynamic property App\Controllers\Matches::$validation is deprecated in APPPATH/Controllers/BaseController.php on line 57.
 1 SYSTEMPATH/CodeIgniter.php(892): App\Controllers\BaseController->initController(Object(CodeIgniter\HTTP\IncomingRequest), Object(CodeIgniter\HTTP\Response), Object(CodeIgniter\Log\Logger))
 2 SYSTEMPATH/CodeIgniter.php(485): CodeIgniter\CodeIgniter->createController()
 3 SYSTEMPATH/CodeIgniter.php(353): CodeIgniter\CodeIgniter->handleRequest(null, Object(Config\Cache), false)
 4 FCPATH/index.php(79): CodeIgniter\CodeIgniter->run()
WARNING - 2024-11-26 02:58:11 --> [DEPRECATED] Creation of dynamic property App\Controllers\Matches::$validation is deprecated in APPPATH/Controllers/BaseController.php on line 57.
 1 SYSTEMPATH/CodeIgniter.php(892): App\Controllers\BaseController->initController(Object(CodeIgniter\HTTP\IncomingRequest), Object(CodeIgniter\HTTP\Response), Object(CodeIgniter\Log\Logger))
 2 SYSTEMPATH/CodeIgniter.php(485): CodeIgniter\CodeIgniter->createController()
 3 SYSTEMPATH/CodeIgniter.php(353): CodeIgniter\CodeIgniter->handleRequest(null, Object(Config\Cache), false)
 4 FCPATH/index.php(79): CodeIgniter\CodeIgniter->run()
WARNING - 2024-11-26 02:58:11 --> [DEPRECATED] Creation of dynamic property App\Controllers\Matches::$validation is deprecated in APPPATH/Controllers/BaseController.php on line 57.
 1 SYSTEMPATH/CodeIgniter.php(892): App\Controllers\BaseController->initController(Object(CodeIgniter\HTTP\IncomingRequest), Object(CodeIgniter\HTTP\Response), Object(CodeIgniter\Log\Logger))
 2 SYSTEMPATH/CodeIgniter.php(485): CodeIgniter\CodeIgniter->createController()
 3 SYSTEMPATH/CodeIgniter.php(353): CodeIgniter\CodeIgniter->handleRequest(null, Object(Config\Cache), false)
 4 FCPATH/index.php(79): CodeIgniter\CodeIgniter->run()
WARNING - 2024-11-26 02:58:12 --> [DEPRECATED] Creation of dynamic property App\Controllers\Matches::$validation is deprecated in APPPATH/Controllers/BaseController.php on line 57.
 1 SYSTEMPATH/CodeIgniter.php(892): App\Controllers\BaseController->initController(Object(CodeIgniter\HTTP\IncomingRequest), Object(CodeIgniter\HTTP\Response), Object(CodeIgniter\Log\Logger))
 2 SYSTEMPATH/CodeIgniter.php(485): CodeIgniter\CodeIgniter->createController()
 3 SYSTEMPATH/CodeIgniter.php(353): CodeIgniter\CodeIgniter->handleRequest(null, Object(Config\Cache), false)
 4 FCPATH/index.php(79): CodeIgniter\CodeIgniter->run()
WARNING - 2024-11-26 02:58:12 --> [DEPRECATED] Creation of dynamic property App\Controllers\Cron\News::$validation is deprecated in APPPATH/Controllers/BaseController.php on line 57.
 1 SYSTEMPATH/CodeIgniter.php(892): App\Controllers\BaseController->initController(Object(CodeIgniter\HTTP\IncomingRequest), Object(CodeIgniter\HTTP\Response), Object(CodeIgniter\Log\Logger))
 2 SYSTEMPATH/CodeIgniter.php(485): CodeIgniter\CodeIgniter->createController()
 3 SYSTEMPATH/CodeIgniter.php(353): CodeIgniter\CodeIgniter->handleRequest(null, Object(Config\Cache), false)
 4 FCPATH/index.php(79): CodeIgniter\CodeIgniter->run()
WARNING - 2024-11-26 02:58:14 --> [DEPRECATED] Creation of dynamic property App\Controllers\Matches::$validation is deprecated in APPPATH/Controllers/BaseController.php on line 57.
 1 SYSTEMPATH/CodeIgniter.php(892): App\Controllers\BaseController->initController(Object(CodeIgniter\HTTP\IncomingRequest), Object(CodeIgniter\HTTP\Response), Object(CodeIgniter\Log\Logger))
 2 SYSTEMPATH/CodeIgniter.php(485): CodeIgniter\CodeIgniter->createController()
 3 SYSTEMPATH/CodeIgniter.php(353): CodeIgniter\CodeIgniter->handleRequest(null, Object(Config\Cache), false)
 4 FCPATH/index.php(79): CodeIgniter\CodeIgniter->run()
WARNING - 2024-11-26 02:58:26 --> [DEPRECATED] Creation of dynamic property App\Controllers\Matches::$validation is deprecated in APPPATH/Controllers/BaseController.php on line 57.
 1 SYSTEMPATH/CodeIgniter.php(892): App\Controllers\BaseController->initController(Object(CodeIgniter\HTTP\IncomingRequest), Object(CodeIgniter\HTTP\Response), Object(CodeIgniter\Log\Logger))
 2 SYSTEMPATH/CodeIgniter.php(485): CodeIgniter\CodeIgniter->createController()
 3 SYSTEMPATH/CodeIgniter.php(353): CodeIgniter\CodeIgniter->handleRequest(null, Object(Config\Cache), false)
 4 FCPATH/index.php(79): CodeIgniter\CodeIgniter->run()
WARNING - 2024-11-26 02:58:30 --> [DEPRECATED] Creation of dynamic property App\Controllers\Matches::$validation is deprecated in APPPATH/Controllers/BaseController.php on line 57.
 1 SYSTEMPATH/CodeIgniter.php(892): App\Controllers\BaseController->initController(Object(CodeIgniter\HTTP\IncomingRequest), Object(CodeIgniter\HTTP\Response), Object(CodeIgniter\Log\Logger))
 2 SYSTEMPATH/CodeIgniter.php(485): CodeIgniter\CodeIgniter->createController()
 3 SYSTEMPATH/CodeIgniter.php(353): CodeIgniter\CodeIgniter->handleRequest(null, Object(Config\Cache), false)
 4 FCPATH/index.php(79): CodeIgniter\CodeIgniter->run()
WARNING - 2024-11-26 03:09:55 --> [DEPRECATED] Creation of dynamic property App\Controllers\Matches::$validation is deprecated in APPPATH/Controllers/BaseController.php on line 57.
 1 SYSTEMPATH/CodeIgniter.php(892): App\Controllers\BaseController->initController(Object(CodeIgniter\HTTP\IncomingRequest), Object(CodeIgniter\HTTP\Response), Object(CodeIgniter\Log\Logger))
 2 SYSTEMPATH/CodeIgniter.php(485): CodeIgniter\CodeIgniter->createController()
 3 SYSTEMPATH/CodeIgniter.php(353): CodeIgniter\CodeIgniter->handleRequest(null, Object(Config\Cache), false)
 4 FCPATH/index.php(79): CodeIgniter\CodeIgniter->run()
WARNING - 2024-11-26 03:09:55 --> [DEPRECATED] Creation of dynamic property App\Controllers\Cron\News::$validation is deprecated in APPPATH/Controllers/BaseController.php on line 57.
 1 SYSTEMPATH/CodeIgniter.php(892): App\Controllers\BaseController->initController(Object(CodeIgniter\HTTP\IncomingRequest), Object(CodeIgniter\HTTP\Response), Object(CodeIgniter\Log\Logger))
 2 SYSTEMPATH/CodeIgniter.php(485): CodeIgniter\CodeIgniter->createController()
 3 SYSTEMPATH/CodeIgniter.php(353): CodeIgniter\CodeIgniter->handleRequest(null, Object(Config\Cache), false)
 4 FCPATH/index.php(79): CodeIgniter\CodeIgniter->run()
WARNING - 2024-11-26 03:09:55 --> [DEPRECATED] Creation of dynamic property App\Controllers\Matches::$validation is deprecated in APPPATH/Controllers/BaseController.php on line 57.
 1 SYSTEMPATH/CodeIgniter.php(892): App\Controllers\BaseController->initController(Object(CodeIgniter\HTTP\IncomingRequest), Object(CodeIgniter\HTTP\Response), Object(CodeIgniter\Log\Logger))
 2 SYSTEMPATH/CodeIgniter.php(485): CodeIgniter\CodeIgniter->createController()
 3 SYSTEMPATH/CodeIgniter.php(353): CodeIgniter\CodeIgniter->handleRequest(null, Object(Config\Cache), false)
 4 FCPATH/index.php(79): CodeIgniter\CodeIgniter->run()
WARNING - 2024-11-26 03:09:55 --> [DEPRECATED] Creation of dynamic property App\Controllers\Matches::$validation is deprecated in APPPATH/Controllers/BaseController.php on line 57.
 1 SYSTEMPATH/CodeIgniter.php(892): App\Controllers\BaseController->initController(Object(CodeIgniter\HTTP\IncomingRequest), Object(CodeIgniter\HTTP\Response), Object(CodeIgniter\Log\Logger))
 2 SYSTEMPATH/CodeIgniter.php(485): CodeIgniter\CodeIgniter->createController()
 3 SYSTEMPATH/CodeIgniter.php(353): CodeIgniter\CodeIgniter->handleRequest(null, Object(Config\Cache), false)
 4 FCPATH/index.php(79): CodeIgniter\CodeIgniter->run()
WARNING - 2024-11-26 03:16:54 --> [DEPRECATED] Creation of dynamic property App\Controllers\Cron\News::$validation is deprecated in APPPATH/Controllers/BaseController.php on line 57.
 1 SYSTEMPATH/CodeIgniter.php(892): App\Controllers\BaseController->initController(Object(CodeIgniter\HTTP\IncomingRequest), Object(CodeIgniter\HTTP\Response), Object(CodeIgniter\Log\Logger))
 2 SYSTEMPATH/CodeIgniter.php(485): CodeIgniter\CodeIgniter->createController()
 3 SYSTEMPATH/CodeIgniter.php(353): CodeIgniter\CodeIgniter->handleRequest(null, Object(Config\Cache), false)
 4 FCPATH/index.php(79): CodeIgniter\CodeIgniter->run()
WARNING - 2024-11-26 03:16:54 --> [DEPRECATED] Creation of dynamic property App\Controllers\Matches::$validation is deprecated in APPPATH/Controllers/BaseController.php on line 57.
 1 SYSTEMPATH/CodeIgniter.php(892): App\Controllers\BaseController->initController(Object(CodeIgniter\HTTP\IncomingRequest), Object(CodeIgniter\HTTP\Response), Object(CodeIgniter\Log\Logger))
 2 SYSTEMPATH/CodeIgniter.php(485): CodeIgniter\CodeIgniter->createController()
 3 SYSTEMPATH/CodeIgniter.php(353): CodeIgniter\CodeIgniter->handleRequest(null, Object(Config\Cache), false)
 4 FCPATH/index.php(79): CodeIgniter\CodeIgniter->run()
WARNING - 2024-11-26 03:16:54 --> [DEPRECATED] Creation of dynamic property App\Controllers\Matches::$validation is deprecated in APPPATH/Controllers/BaseController.php on line 57.
 1 SYSTEMPATH/CodeIgniter.php(892): App\Controllers\BaseController->initController(Object(CodeIgniter\HTTP\IncomingRequest), Object(CodeIgniter\HTTP\Response), Object(CodeIgniter\Log\Logger))
 2 SYSTEMPATH/CodeIgniter.php(485): CodeIgniter\CodeIgniter->createController()
 3 SYSTEMPATH/CodeIgniter.php(353): CodeIgniter\CodeIgniter->handleRequest(null, Object(Config\Cache), false)
 4 FCPATH/index.php(79): CodeIgniter\CodeIgniter->run()
WARNING - 2024-11-26 03:16:54 --> [DEPRECATED] Creation of dynamic property App\Controllers\Matches::$validation is deprecated in APPPATH/Controllers/BaseController.php on line 57.
 1 SYSTEMPATH/CodeIgniter.php(892): App\Controllers\BaseController->initController(Object(CodeIgniter\HTTP\IncomingRequest), Object(CodeIgniter\HTTP\Response), Object(CodeIgniter\Log\Logger))
 2 SYSTEMPATH/CodeIgniter.php(485): CodeIgniter\CodeIgniter->createController()
 3 SYSTEMPATH/CodeIgniter.php(353): CodeIgniter\CodeIgniter->handleRequest(null, Object(Config\Cache), false)
 4 FCPATH/index.php(79): CodeIgniter\CodeIgniter->run()
WARNING - 2024-11-26 03:16:55 --> [DEPRECATED] Creation of dynamic property App\Controllers\Matches::$validation is deprecated in APPPATH/Controllers/BaseController.php on line 57.
 1 SYSTEMPATH/CodeIgniter.php(892): App\Controllers\BaseController->initController(Object(CodeIgniter\HTTP\IncomingRequest), Object(CodeIgniter\HTTP\Response), Object(CodeIgniter\Log\Logger))
 2 SYSTEMPATH/CodeIgniter.php(485): CodeIgniter\CodeIgniter->createController()
 3 SYSTEMPATH/CodeIgniter.php(353): CodeIgniter\CodeIgniter->handleRequest(null, Object(Config\Cache), false)
 4 FCPATH/index.php(79): CodeIgniter\CodeIgniter->run()
WARNING - 2024-11-26 03:16:55 --> [DEPRECATED] Creation of dynamic property App\Controllers\Matches::$validation is deprecated in APPPATH/Controllers/BaseController.php on line 57.
 1 SYSTEMPATH/CodeIgniter.php(892): App\Controllers\BaseController->initController(Object(CodeIgniter\HTTP\IncomingRequest), Object(CodeIgniter\HTTP\Response), Object(CodeIgniter\Log\Logger))
 2 SYSTEMPATH/CodeIgniter.php(485): CodeIgniter\CodeIgniter->createController()
 3 SYSTEMPATH/CodeIgniter.php(353): CodeIgniter\CodeIgniter->handleRequest(null, Object(Config\Cache), false)
 4 FCPATH/index.php(79): CodeIgniter\CodeIgniter->run()
WARNING - 2024-11-26 03:16:56 --> [DEPRECATED] Creation of dynamic property App\Controllers\Matches::$validation is deprecated in APPPATH/Controllers/BaseController.php on line 57.
 1 SYSTEMPATH/CodeIgniter.php(892): App\Controllers\BaseController->initController(Object(CodeIgniter\HTTP\IncomingRequest), Object(CodeIgniter\HTTP\Response), Object(CodeIgniter\Log\Logger))
 2 SYSTEMPATH/CodeIgniter.php(485): CodeIgniter\CodeIgniter->createController()
 3 SYSTEMPATH/CodeIgniter.php(353): CodeIgniter\CodeIgniter->handleRequest(null, Object(Config\Cache), false)
 4 FCPATH/index.php(79): CodeIgniter\CodeIgniter->run()
WARNING - 2024-11-26 03:16:57 --> [DEPRECATED] Creation of dynamic property App\Controllers\Cron\News::$validation is deprecated in APPPATH/Controllers/BaseController.php on line 57.
 1 SYSTEMPATH/CodeIgniter.php(892): App\Controllers\BaseController->initController(Object(CodeIgniter\HTTP\IncomingRequest), Object(CodeIgniter\HTTP\Response), Object(CodeIgniter\Log\Logger))
 2 SYSTEMPATH/CodeIgniter.php(485): CodeIgniter\CodeIgniter->createController()
 3 SYSTEMPATH/CodeIgniter.php(353): CodeIgniter\CodeIgniter->handleRequest(null, Object(Config\Cache), false)
 4 FCPATH/index.php(79): CodeIgniter\CodeIgniter->run()
WARNING - 2024-11-26 03:16:59 --> [DEPRECATED] Creation of dynamic property App\Controllers\Matches::$validation is deprecated in APPPATH/Controllers/BaseController.php on line 57.
 1 SYSTEMPATH/CodeIgniter.php(892): App\Controllers\BaseController->initController(Object(CodeIgniter\HTTP\IncomingRequest), Object(CodeIgniter\HTTP\Response), Object(CodeIgniter\Log\Logger))
 2 SYSTEMPATH/CodeIgniter.php(485): CodeIgniter\CodeIgniter->createController()
 3 SYSTEMPATH/CodeIgniter.php(353): CodeIgniter\CodeIgniter->handleRequest(null, Object(Config\Cache), false)
 4 FCPATH/index.php(79): CodeIgniter\CodeIgniter->run()
WARNING - 2024-11-26 03:16:59 --> [DEPRECATED] Creation of dynamic property App\Controllers\Cron\News::$validation is deprecated in APPPATH/Controllers/BaseController.php on line 57.
 1 SYSTEMPATH/CodeIgniter.php(892): App\Controllers\BaseController->initController(Object(CodeIgniter\HTTP\IncomingRequest), Object(CodeIgniter\HTTP\Response), Object(CodeIgniter\Log\Logger))
 2 SYSTEMPATH/CodeIgniter.php(485): CodeIgniter\CodeIgniter->createController()
 3 SYSTEMPATH/CodeIgniter.php(353): CodeIgniter\CodeIgniter->handleRequest(null, Object(Config\Cache), false)
 4 FCPATH/index.php(79): CodeIgniter\CodeIgniter->run()
WARNING - 2024-11-26 03:16:59 --> [DEPRECATED] Creation of dynamic property App\Controllers\Matches::$validation is deprecated in APPPATH/Controllers/BaseController.php on line 57.
 1 SYSTEMPATH/CodeIgniter.php(892): App\Controllers\BaseController->initController(Object(CodeIgniter\HTTP\IncomingRequest), Object(CodeIgniter\HTTP\Response), Object(CodeIgniter\Log\Logger))
 2 SYSTEMPATH/CodeIgniter.php(485): CodeIgniter\CodeIgniter->createController()
 3 SYSTEMPATH/CodeIgniter.php(353): CodeIgniter\CodeIgniter->handleRequest(null, Object(Config\Cache), false)
 4 FCPATH/index.php(79): CodeIgniter\CodeIgniter->run()
WARNING - 2024-11-26 03:16:59 --> [DEPRECATED] Creation of dynamic property App\Controllers\Matches::$validation is deprecated in APPPATH/Controllers/BaseController.php on line 57.
 1 SYSTEMPATH/CodeIgniter.php(892): App\Controllers\BaseController->initController(Object(CodeIgniter\HTTP\IncomingRequest), Object(CodeIgniter\HTTP\Response), Object(CodeIgniter\Log\Logger))
 2 SYSTEMPATH/CodeIgniter.php(485): CodeIgniter\CodeIgniter->createController()
 3 SYSTEMPATH/CodeIgniter.php(353): CodeIgniter\CodeIgniter->handleRequest(null, Object(Config\Cache), false)
 4 FCPATH/index.php(79): CodeIgniter\CodeIgniter->run()
WARNING - 2024-11-26 03:16:59 --> [DEPRECATED] Creation of dynamic property App\Controllers\Matches::$validation is deprecated in APPPATH/Controllers/BaseController.php on line 57.
 1 SYSTEMPATH/CodeIgniter.php(892): App\Controllers\BaseController->initController(Object(CodeIgniter\HTTP\IncomingRequest), Object(CodeIgniter\HTTP\Response), Object(CodeIgniter\Log\Logger))
 2 SYSTEMPATH/CodeIgniter.php(485): CodeIgniter\CodeIgniter->createController()
 3 SYSTEMPATH/CodeIgniter.php(353): CodeIgniter\CodeIgniter->handleRequest(null, Object(Config\Cache), false)
 4 FCPATH/index.php(79): CodeIgniter\CodeIgniter->run()
WARNING - 2024-11-26 03:16:59 --> [DEPRECATED] Creation of dynamic property App\Controllers\Matches::$validation is deprecated in APPPATH/Controllers/BaseController.php on line 57.
 1 SYSTEMPATH/CodeIgniter.php(892): App\Controllers\BaseController->initController(Object(CodeIgniter\HTTP\IncomingRequest), Object(CodeIgniter\HTTP\Response), Object(CodeIgniter\Log\Logger))
 2 SYSTEMPATH/CodeIgniter.php(485): CodeIgniter\CodeIgniter->createController()
 3 SYSTEMPATH/CodeIgniter.php(353): CodeIgniter\CodeIgniter->handleRequest(null, Object(Config\Cache), false)
 4 FCPATH/index.php(79): CodeIgniter\CodeIgniter->run()
WARNING - 2024-11-26 03:17:01 --> [DEPRECATED] Creation of dynamic property App\Controllers\Matches::$validation is deprecated in APPPATH/Controllers/BaseController.php on line 57.
 1 SYSTEMPATH/CodeIgniter.php(892): App\Controllers\BaseController->initController(Object(CodeIgniter\HTTP\IncomingRequest), Object(CodeIgniter\HTTP\Response), Object(CodeIgniter\Log\Logger))
 2 SYSTEMPATH/CodeIgniter.php(485): CodeIgniter\CodeIgniter->createController()
 3 SYSTEMPATH/CodeIgniter.php(353): CodeIgniter\CodeIgniter->handleRequest(null, Object(Config\Cache), false)
 4 FCPATH/index.php(79): CodeIgniter\CodeIgniter->run()
WARNING - 2024-11-26 03:17:01 --> [DEPRECATED] Creation of dynamic property App\Controllers\Matches::$validation is deprecated in APPPATH/Controllers/BaseController.php on line 57.
 1 SYSTEMPATH/CodeIgniter.php(892): App\Controllers\BaseController->initController(Object(CodeIgniter\HTTP\IncomingRequest), Object(CodeIgniter\HTTP\Response), Object(CodeIgniter\Log\Logger))
 2 SYSTEMPATH/CodeIgniter.php(485): CodeIgniter\CodeIgniter->createController()
 3 SYSTEMPATH/CodeIgniter.php(353): CodeIgniter\CodeIgniter->handleRequest(null, Object(Config\Cache), false)
 4 FCPATH/index.php(79): CodeIgniter\CodeIgniter->run()
WARNING - 2024-11-26 03:17:01 --> [DEPRECATED] Creation of dynamic property App\Controllers\Matches::$validation is deprecated in APPPATH/Controllers/BaseController.php on line 57.
 1 SYSTEMPATH/CodeIgniter.php(892): App\Controllers\BaseController->initController(Object(CodeIgniter\HTTP\IncomingRequest), Object(CodeIgniter\HTTP\Response), Object(CodeIgniter\Log\Logger))
 2 SYSTEMPATH/CodeIgniter.php(485): CodeIgniter\CodeIgniter->createController()
 3 SYSTEMPATH/CodeIgniter.php(353): CodeIgniter\CodeIgniter->handleRequest(null, Object(Config\Cache), false)
 4 FCPATH/index.php(79): CodeIgniter\CodeIgniter->run()
WARNING - 2024-11-26 03:17:01 --> [DEPRECATED] Creation of dynamic property App\Controllers\Cron\News::$validation is deprecated in APPPATH/Controllers/BaseController.php on line 57.
 1 SYSTEMPATH/CodeIgniter.php(892): App\Controllers\BaseController->initController(Object(CodeIgniter\HTTP\IncomingRequest), Object(CodeIgniter\HTTP\Response), Object(CodeIgniter\Log\Logger))
 2 SYSTEMPATH/CodeIgniter.php(485): CodeIgniter\CodeIgniter->createController()
 3 SYSTEMPATH/CodeIgniter.php(353): CodeIgniter\CodeIgniter->handleRequest(null, Object(Config\Cache), false)
 4 FCPATH/index.php(79): CodeIgniter\CodeIgniter->run()
WARNING - 2024-11-26 03:17:02 --> [DEPRECATED] Creation of dynamic property App\Controllers\Matches::$validation is deprecated in APPPATH/Controllers/BaseController.php on line 57.
 1 SYSTEMPATH/CodeIgniter.php(892): App\Controllers\BaseController->initController(Object(CodeIgniter\HTTP\IncomingRequest), Object(CodeIgniter\HTTP\Response), Object(CodeIgniter\Log\Logger))
 2 SYSTEMPATH/CodeIgniter.php(485): CodeIgniter\CodeIgniter->createController()
 3 SYSTEMPATH/CodeIgniter.php(353): CodeIgniter\CodeIgniter->handleRequest(null, Object(Config\Cache), false)
 4 FCPATH/index.php(79): CodeIgniter\CodeIgniter->run()
WARNING - 2024-11-26 03:17:02 --> [DEPRECATED] Creation of dynamic property App\Controllers\Matches::$validation is deprecated in APPPATH/Controllers/BaseController.php on line 57.
 1 SYSTEMPATH/CodeIgniter.php(892): App\Controllers\BaseController->initController(Object(CodeIgniter\HTTP\IncomingRequest), Object(CodeIgniter\HTTP\Response), Object(CodeIgniter\Log\Logger))
 2 SYSTEMPATH/CodeIgniter.php(485): CodeIgniter\CodeIgniter->createController()
 3 SYSTEMPATH/CodeIgniter.php(353): CodeIgniter\CodeIgniter->handleRequest(null, Object(Config\Cache), false)
 4 FCPATH/index.php(79): CodeIgniter\CodeIgniter->run()
WARNING - 2024-11-26 03:17:04 --> [DEPRECATED] Creation of dynamic property App\Controllers\Cron\News::$validation is deprecated in APPPATH/Controllers/BaseController.php on line 57.
 1 SYSTEMPATH/CodeIgniter.php(892): App\Controllers\BaseController->initController(Object(CodeIgniter\HTTP\IncomingRequest), Object(CodeIgniter\HTTP\Response), Object(CodeIgniter\Log\Logger))
 2 SYSTEMPATH/CodeIgniter.php(485): CodeIgniter\CodeIgniter->createController()
 3 SYSTEMPATH/CodeIgniter.php(353): CodeIgniter\CodeIgniter->handleRequest(null, Object(Config\Cache), false)
 4 FCPATH/index.php(79): CodeIgniter\CodeIgniter->run()
WARNING - 2024-11-26 03:17:04 --> [DEPRECATED] Creation of dynamic property App\Controllers\Matches::$validation is deprecated in APPPATH/Controllers/BaseController.php on line 57.
 1 SYSTEMPATH/CodeIgniter.php(892): App\Controllers\BaseController->initController(Object(CodeIgniter\HTTP\IncomingRequest), Object(CodeIgniter\HTTP\Response), Object(CodeIgniter\Log\Logger))
 2 SYSTEMPATH/CodeIgniter.php(485): CodeIgniter\CodeIgniter->createController()
 3 SYSTEMPATH/CodeIgniter.php(353): CodeIgniter\CodeIgniter->handleRequest(null, Object(Config\Cache), false)
 4 FCPATH/index.php(79): CodeIgniter\CodeIgniter->run()
WARNING - 2024-11-26 03:17:04 --> [DEPRECATED] Creation of dynamic property App\Controllers\Matches::$validation is deprecated in APPPATH/Controllers/BaseController.php on line 57.
 1 SYSTEMPATH/CodeIgniter.php(892): App\Controllers\BaseController->initController(Object(CodeIgniter\HTTP\IncomingRequest), Object(CodeIgniter\HTTP\Response), Object(CodeIgniter\Log\Logger))
 2 SYSTEMPATH/CodeIgniter.php(485): CodeIgniter\CodeIgniter->createController()
 3 SYSTEMPATH/CodeIgniter.php(353): CodeIgniter\CodeIgniter->handleRequest(null, Object(Config\Cache), false)
 4 FCPATH/index.php(79): CodeIgniter\CodeIgniter->run()
WARNING - 2024-11-26 03:17:04 --> [DEPRECATED] Creation of dynamic property App\Controllers\Matches::$validation is deprecated in APPPATH/Controllers/BaseController.php on line 57.
 1 SYSTEMPATH/CodeIgniter.php(892): App\Controllers\BaseController->initController(Object(CodeIgniter\HTTP\IncomingRequest), Object(CodeIgniter\HTTP\Response), Object(CodeIgniter\Log\Logger))
 2 SYSTEMPATH/CodeIgniter.php(485): CodeIgniter\CodeIgniter->createController()
 3 SYSTEMPATH/CodeIgniter.php(353): CodeIgniter\CodeIgniter->handleRequest(null, Object(Config\Cache), false)
 4 FCPATH/index.php(79): CodeIgniter\CodeIgniter->run()
WARNING - 2024-11-26 03:17:04 --> [DEPRECATED] Creation of dynamic property App\Controllers\Matches::$validation is deprecated in APPPATH/Controllers/BaseController.php on line 57.
 1 SYSTEMPATH/CodeIgniter.php(892): App\Controllers\BaseController->initController(Object(CodeIgniter\HTTP\IncomingRequest), Object(CodeIgniter\HTTP\Response), Object(CodeIgniter\Log\Logger))
 2 SYSTEMPATH/CodeIgniter.php(485): CodeIgniter\CodeIgniter->createController()
 3 SYSTEMPATH/CodeIgniter.php(353): CodeIgniter\CodeIgniter->handleRequest(null, Object(Config\Cache), false)
 4 FCPATH/index.php(79): CodeIgniter\CodeIgniter->run()
WARNING - 2024-11-26 03:17:04 --> [DEPRECATED] Creation of dynamic property App\Controllers\Matches::$validation is deprecated in APPPATH/Controllers/BaseController.php on line 57.
 1 SYSTEMPATH/CodeIgniter.php(892): App\Controllers\BaseController->initController(Object(CodeIgniter\HTTP\IncomingRequest), Object(CodeIgniter\HTTP\Response), Object(CodeIgniter\Log\Logger))
 2 SYSTEMPATH/CodeIgniter.php(485): CodeIgniter\CodeIgniter->createController()
 3 SYSTEMPATH/CodeIgniter.php(353): CodeIgniter\CodeIgniter->handleRequest(null, Object(Config\Cache), false)
 4 FCPATH/index.php(79): CodeIgniter\CodeIgniter->run()
WARNING - 2024-11-26 03:17:05 --> [DEPRECATED] Creation of dynamic property App\Controllers\Matches::$validation is deprecated in APPPATH/Controllers/BaseController.php on line 57.
 1 SYSTEMPATH/CodeIgniter.php(892): App\Controllers\BaseController->initController(Object(CodeIgniter\HTTP\IncomingRequest), Object(CodeIgniter\HTTP\Response), Object(CodeIgniter\Log\Logger))
 2 SYSTEMPATH/CodeIgniter.php(485): CodeIgniter\CodeIgniter->createController()
 3 SYSTEMPATH/CodeIgniter.php(353): CodeIgniter\CodeIgniter->handleRequest(null, Object(Config\Cache), false)
 4 FCPATH/index.php(79): CodeIgniter\CodeIgniter->run()
WARNING - 2024-11-26 03:17:07 --> [DEPRECATED] Creation of dynamic property App\Controllers\Matches::$validation is deprecated in APPPATH/Controllers/BaseController.php on line 57.
 1 SYSTEMPATH/CodeIgniter.php(892): App\Controllers\BaseController->initController(Object(CodeIgniter\HTTP\IncomingRequest), Object(CodeIgniter\HTTP\Response), Object(CodeIgniter\Log\Logger))
 2 SYSTEMPATH/CodeIgniter.php(485): CodeIgniter\CodeIgniter->createController()
 3 SYSTEMPATH/CodeIgniter.php(353): CodeIgniter\CodeIgniter->handleRequest(null, Object(Config\Cache), false)
 4 FCPATH/index.php(79): CodeIgniter\CodeIgniter->run()
WARNING - 2024-11-26 03:17:07 --> [DEPRECATED] Creation of dynamic property App\Controllers\Cron\News::$validation is deprecated in APPPATH/Controllers/BaseController.php on line 57.
 1 SYSTEMPATH/CodeIgniter.php(892): App\Controllers\BaseController->initController(Object(CodeIgniter\HTTP\IncomingRequest), Object(CodeIgniter\HTTP\Response), Object(CodeIgniter\Log\Logger))
 2 SYSTEMPATH/CodeIgniter.php(485): CodeIgniter\CodeIgniter->createController()
 3 SYSTEMPATH/CodeIgniter.php(353): CodeIgniter\CodeIgniter->handleRequest(null, Object(Config\Cache), false)
 4 FCPATH/index.php(79): CodeIgniter\CodeIgniter->run()
WARNING - 2024-11-26 03:17:07 --> [DEPRECATED] Creation of dynamic property App\Controllers\Matches::$validation is deprecated in APPPATH/Controllers/BaseController.php on line 57.
 1 SYSTEMPATH/CodeIgniter.php(892): App\Controllers\BaseController->initController(Object(CodeIgniter\HTTP\IncomingRequest), Object(CodeIgniter\HTTP\Response), Object(CodeIgniter\Log\Logger))
 2 SYSTEMPATH/CodeIgniter.php(485): CodeIgniter\CodeIgniter->createController()
 3 SYSTEMPATH/CodeIgniter.php(353): CodeIgniter\CodeIgniter->handleRequest(null, Object(Config\Cache), false)
 4 FCPATH/index.php(79): CodeIgniter\CodeIgniter->run()
WARNING - 2024-11-26 03:17:07 --> [DEPRECATED] Creation of dynamic property App\Controllers\Matches::$validation is deprecated in APPPATH/Controllers/BaseController.php on line 57.
 1 SYSTEMPATH/CodeIgniter.php(892): App\Controllers\BaseController->initController(Object(CodeIgniter\HTTP\IncomingRequest), Object(CodeIgniter\HTTP\Response), Object(CodeIgniter\Log\Logger))
 2 SYSTEMPATH/CodeIgniter.php(485): CodeIgniter\CodeIgniter->createController()
 3 SYSTEMPATH/CodeIgniter.php(353): CodeIgniter\CodeIgniter->handleRequest(null, Object(Config\Cache), false)
 4 FCPATH/index.php(79): CodeIgniter\CodeIgniter->run()
WARNING - 2024-11-26 03:17:07 --> [DEPRECATED] Creation of dynamic property App\Controllers\Matches::$validation is deprecated in APPPATH/Controllers/BaseController.php on line 57.
 1 SYSTEMPATH/CodeIgniter.php(892): App\Controllers\BaseController->initController(Object(CodeIgniter\HTTP\IncomingRequest), Object(CodeIgniter\HTTP\Response), Object(CodeIgniter\Log\Logger))
 2 SYSTEMPATH/CodeIgniter.php(485): CodeIgniter\CodeIgniter->createController()
 3 SYSTEMPATH/CodeIgniter.php(353): CodeIgniter\CodeIgniter->handleRequest(null, Object(Config\Cache), false)
 4 FCPATH/index.php(79): CodeIgniter\CodeIgniter->run()
WARNING - 2024-11-26 03:17:07 --> [DEPRECATED] Creation of dynamic property App\Controllers\Matches::$validation is deprecated in APPPATH/Controllers/BaseController.php on line 57.
 1 SYSTEMPATH/CodeIgniter.php(892): App\Controllers\BaseController->initController(Object(CodeIgniter\HTTP\IncomingRequest), Object(CodeIgniter\HTTP\Response), Object(CodeIgniter\Log\Logger))
 2 SYSTEMPATH/CodeIgniter.php(485): CodeIgniter\CodeIgniter->createController()
 3 SYSTEMPATH/CodeIgniter.php(353): CodeIgniter\CodeIgniter->handleRequest(null, Object(Config\Cache), false)
 4 FCPATH/index.php(79): CodeIgniter\CodeIgniter->run()
WARNING - 2024-11-26 03:17:11 --> [DEPRECATED] Creation of dynamic property App\Controllers\Matches::$validation is deprecated in APPPATH/Controllers/BaseController.php on line 57.
 1 SYSTEMPATH/CodeIgniter.php(892): App\Controllers\BaseController->initController(Object(CodeIgniter\HTTP\IncomingRequest), Object(CodeIgniter\HTTP\Response), Object(CodeIgniter\Log\Logger))
 2 SYSTEMPATH/CodeIgniter.php(485): CodeIgniter\CodeIgniter->createController()
 3 SYSTEMPATH/CodeIgniter.php(353): CodeIgniter\CodeIgniter->handleRequest(null, Object(Config\Cache), false)
 4 FCPATH/index.php(79): CodeIgniter\CodeIgniter->run()
WARNING - 2024-11-26 03:17:11 --> [DEPRECATED] Creation of dynamic property App\Controllers\Matches::$validation is deprecated in APPPATH/Controllers/BaseController.php on line 57.
 1 SYSTEMPATH/CodeIgniter.php(892): App\Controllers\BaseController->initController(Object(CodeIgniter\HTTP\IncomingRequest), Object(CodeIgniter\HTTP\Response), Object(CodeIgniter\Log\Logger))
 2 SYSTEMPATH/CodeIgniter.php(485): CodeIgniter\CodeIgniter->createController()
 3 SYSTEMPATH/CodeIgniter.php(353): CodeIgniter\CodeIgniter->handleRequest(null, Object(Config\Cache), false)
 4 FCPATH/index.php(79): CodeIgniter\CodeIgniter->run()
WARNING - 2024-11-26 03:17:11 --> [DEPRECATED] Creation of dynamic property App\Controllers\Cron\News::$validation is deprecated in APPPATH/Controllers/BaseController.php on line 57.
 1 SYSTEMPATH/CodeIgniter.php(892): App\Controllers\BaseController->initController(Object(CodeIgniter\HTTP\IncomingRequest), Object(CodeIgniter\HTTP\Response), Object(CodeIgniter\Log\Logger))
 2 SYSTEMPATH/CodeIgniter.php(485): CodeIgniter\CodeIgniter->createController()
 3 SYSTEMPATH/CodeIgniter.php(353): CodeIgniter\CodeIgniter->handleRequest(null, Object(Config\Cache), false)
 4 FCPATH/index.php(79): CodeIgniter\CodeIgniter->run()
WARNING - 2024-11-26 03:17:11 --> [DEPRECATED] Creation of dynamic property App\Controllers\Matches::$validation is deprecated in APPPATH/Controllers/BaseController.php on line 57.
 1 SYSTEMPATH/CodeIgniter.php(892): App\Controllers\BaseController->initController(Object(CodeIgniter\HTTP\IncomingRequest), Object(CodeIgniter\HTTP\Response), Object(CodeIgniter\Log\Logger))
 2 SYSTEMPATH/CodeIgniter.php(485): CodeIgniter\CodeIgniter->createController()
 3 SYSTEMPATH/CodeIgniter.php(353): CodeIgniter\CodeIgniter->handleRequest(null, Object(Config\Cache), false)
 4 FCPATH/index.php(79): CodeIgniter\CodeIgniter->run()
WARNING - 2024-11-26 03:17:11 --> [DEPRECATED] Creation of dynamic property App\Controllers\Matches::$validation is deprecated in APPPATH/Controllers/BaseController.php on line 57.
 1 SYSTEMPATH/CodeIgniter.php(892): App\Controllers\BaseController->initController(Object(CodeIgniter\HTTP\IncomingRequest), Object(CodeIgniter\HTTP\Response), Object(CodeIgniter\Log\Logger))
 2 SYSTEMPATH/CodeIgniter.php(485): CodeIgniter\CodeIgniter->createController()
 3 SYSTEMPATH/CodeIgniter.php(353): CodeIgniter\CodeIgniter->handleRequest(null, Object(Config\Cache), false)
 4 FCPATH/index.php(79): CodeIgniter\CodeIgniter->run()
WARNING - 2024-11-26 03:17:11 --> [DEPRECATED] Creation of dynamic property App\Controllers\Matches::$validation is deprecated in APPPATH/Controllers/BaseController.php on line 57.
 1 SYSTEMPATH/CodeIgniter.php(892): App\Controllers\BaseController->initController(Object(CodeIgniter\HTTP\IncomingRequest), Object(CodeIgniter\HTTP\Response), Object(CodeIgniter\Log\Logger))
 2 SYSTEMPATH/CodeIgniter.php(485): CodeIgniter\CodeIgniter->createController()
 3 SYSTEMPATH/CodeIgniter.php(353): CodeIgniter\CodeIgniter->handleRequest(null, Object(Config\Cache), false)
 4 FCPATH/index.php(79): CodeIgniter\CodeIgniter->run()
WARNING - 2024-11-26 03:17:14 --> [DEPRECATED] Creation of dynamic property App\Controllers\Matches::$validation is deprecated in APPPATH/Controllers/BaseController.php on line 57.
 1 SYSTEMPATH/CodeIgniter.php(892): App\Controllers\BaseController->initController(Object(CodeIgniter\HTTP\IncomingRequest), Object(CodeIgniter\HTTP\Response), Object(CodeIgniter\Log\Logger))
 2 SYSTEMPATH/CodeIgniter.php(485): CodeIgniter\CodeIgniter->createController()
 3 SYSTEMPATH/CodeIgniter.php(353): CodeIgniter\CodeIgniter->handleRequest(null, Object(Config\Cache), false)
 4 FCPATH/index.php(79): CodeIgniter\CodeIgniter->run()
WARNING - 2024-11-26 03:17:14 --> [DEPRECATED] Creation of dynamic property App\Controllers\Matches::$validation is deprecated in APPPATH/Controllers/BaseController.php on line 57.
 1 SYSTEMPATH/CodeIgniter.php(892): App\Controllers\BaseController->initController(Object(CodeIgniter\HTTP\IncomingRequest), Object(CodeIgniter\HTTP\Response), Object(CodeIgniter\Log\Logger))
 2 SYSTEMPATH/CodeIgniter.php(485): CodeIgniter\CodeIgniter->createController()
 3 SYSTEMPATH/CodeIgniter.php(353): CodeIgniter\CodeIgniter->handleRequest(null, Object(Config\Cache), false)
 4 FCPATH/index.php(79): CodeIgniter\CodeIgniter->run()
WARNING - 2024-11-26 03:17:14 --> [DEPRECATED] Creation of dynamic property App\Controllers\Matches::$validation is deprecated in APPPATH/Controllers/BaseController.php on line 57.
 1 SYSTEMPATH/CodeIgniter.php(892): App\Controllers\BaseController->initController(Object(CodeIgniter\HTTP\IncomingRequest), Object(CodeIgniter\HTTP\Response), Object(CodeIgniter\Log\Logger))
 2 SYSTEMPATH/CodeIgniter.php(485): CodeIgniter\CodeIgniter->createController()
 3 SYSTEMPATH/CodeIgniter.php(353): CodeIgniter\CodeIgniter->handleRequest(null, Object(Config\Cache), false)
 4 FCPATH/index.php(79): CodeIgniter\CodeIgniter->run()
WARNING - 2024-11-26 03:17:14 --> [DEPRECATED] Creation of dynamic property App\Controllers\Cron\News::$validation is deprecated in APPPATH/Controllers/BaseController.php on line 57.
 1 SYSTEMPATH/CodeIgniter.php(892): App\Controllers\BaseController->initController(Object(CodeIgniter\HTTP\IncomingRequest), Object(CodeIgniter\HTTP\Response), Object(CodeIgniter\Log\Logger))
 2 SYSTEMPATH/CodeIgniter.php(485): CodeIgniter\CodeIgniter->createController()
 3 SYSTEMPATH/CodeIgniter.php(353): CodeIgniter\CodeIgniter->handleRequest(null, Object(Config\Cache), false)
 4 FCPATH/index.php(79): CodeIgniter\CodeIgniter->run()
WARNING - 2024-11-26 03:17:14 --> [DEPRECATED] Creation of dynamic property App\Controllers\Matches::$validation is deprecated in APPPATH/Controllers/BaseController.php on line 57.
 1 SYSTEMPATH/CodeIgniter.php(892): App\Controllers\BaseController->initController(Object(CodeIgniter\HTTP\IncomingRequest), Object(CodeIgniter\HTTP\Response), Object(CodeIgniter\Log\Logger))
 2 SYSTEMPATH/CodeIgniter.php(485): CodeIgniter\CodeIgniter->createController()
 3 SYSTEMPATH/CodeIgniter.php(353): CodeIgniter\CodeIgniter->handleRequest(null, Object(Config\Cache), false)
 4 FCPATH/index.php(79): CodeIgniter\CodeIgniter->run()
WARNING - 2024-11-26 03:17:14 --> [DEPRECATED] Creation of dynamic property App\Controllers\Matches::$validation is deprecated in APPPATH/Controllers/BaseController.php on line 57.
 1 SYSTEMPATH/CodeIgniter.php(892): App\Controllers\BaseController->initController(Object(CodeIgniter\HTTP\IncomingRequest), Object(CodeIgniter\HTTP\Response), Object(CodeIgniter\Log\Logger))
 2 SYSTEMPATH/CodeIgniter.php(485): CodeIgniter\CodeIgniter->createController()
 3 SYSTEMPATH/CodeIgniter.php(353): CodeIgniter\CodeIgniter->handleRequest(null, Object(Config\Cache), false)
 4 FCPATH/index.php(79): CodeIgniter\CodeIgniter->run()
WARNING - 2024-11-26 03:17:18 --> [DEPRECATED] Creation of dynamic property App\Controllers\Matches::$validation is deprecated in APPPATH/Controllers/BaseController.php on line 57.
 1 SYSTEMPATH/CodeIgniter.php(892): App\Controllers\BaseController->initController(Object(CodeIgniter\HTTP\IncomingRequest), Object(CodeIgniter\HTTP\Response), Object(CodeIgniter\Log\Logger))
 2 SYSTEMPATH/CodeIgniter.php(485): CodeIgniter\CodeIgniter->createController()
 3 SYSTEMPATH/CodeIgniter.php(353): CodeIgniter\CodeIgniter->handleRequest(null, Object(Config\Cache), false)
 4 FCPATH/index.php(79): CodeIgniter\CodeIgniter->run()
WARNING - 2024-11-26 03:17:18 --> [DEPRECATED] Creation of dynamic property App\Controllers\Matches::$validation is deprecated in APPPATH/Controllers/BaseController.php on line 57.
 1 SYSTEMPATH/CodeIgniter.php(892): App\Controllers\BaseController->initController(Object(CodeIgniter\HTTP\IncomingRequest), Object(CodeIgniter\HTTP\Response), Object(CodeIgniter\Log\Logger))
 2 SYSTEMPATH/CodeIgniter.php(485): CodeIgniter\CodeIgniter->createController()
 3 SYSTEMPATH/CodeIgniter.php(353): CodeIgniter\CodeIgniter->handleRequest(null, Object(Config\Cache), false)
 4 FCPATH/index.php(79): CodeIgniter\CodeIgniter->run()
WARNING - 2024-11-26 03:17:18 --> [DEPRECATED] Creation of dynamic property App\Controllers\Matches::$validation is deprecated in APPPATH/Controllers/BaseController.php on line 57.
 1 SYSTEMPATH/CodeIgniter.php(892): App\Controllers\BaseController->initController(Object(CodeIgniter\HTTP\IncomingRequest), Object(CodeIgniter\HTTP\Response), Object(CodeIgniter\Log\Logger))
 2 SYSTEMPATH/CodeIgniter.php(485): CodeIgniter\CodeIgniter->createController()
 3 SYSTEMPATH/CodeIgniter.php(353): CodeIgniter\CodeIgniter->handleRequest(null, Object(Config\Cache), false)
 4 FCPATH/index.php(79): CodeIgniter\CodeIgniter->run()
WARNING - 2024-11-26 03:17:18 --> [DEPRECATED] Creation of dynamic property App\Controllers\Cron\News::$validation is deprecated in APPPATH/Controllers/BaseController.php on line 57.
 1 SYSTEMPATH/CodeIgniter.php(892): App\Controllers\BaseController->initController(Object(CodeIgniter\HTTP\IncomingRequest), Object(CodeIgniter\HTTP\Response), Object(CodeIgniter\Log\Logger))
 2 SYSTEMPATH/CodeIgniter.php(485): CodeIgniter\CodeIgniter->createController()
 3 SYSTEMPATH/CodeIgniter.php(353): CodeIgniter\CodeIgniter->handleRequest(null, Object(Config\Cache), false)
 4 FCPATH/index.php(79): CodeIgniter\CodeIgniter->run()
WARNING - 2024-11-26 03:17:18 --> [DEPRECATED] Creation of dynamic property App\Controllers\Matches::$validation is deprecated in APPPATH/Controllers/BaseController.php on line 57.
 1 SYSTEMPATH/CodeIgniter.php(892): App\Controllers\BaseController->initController(Object(CodeIgniter\HTTP\IncomingRequest), Object(CodeIgniter\HTTP\Response), Object(CodeIgniter\Log\Logger))
 2 SYSTEMPATH/CodeIgniter.php(485): CodeIgniter\CodeIgniter->createController()
 3 SYSTEMPATH/CodeIgniter.php(353): CodeIgniter\CodeIgniter->handleRequest(null, Object(Config\Cache), false)
 4 FCPATH/index.php(79): CodeIgniter\CodeIgniter->run()
WARNING - 2024-11-26 03:17:18 --> [DEPRECATED] Creation of dynamic property App\Controllers\Matches::$validation is deprecated in APPPATH/Controllers/BaseController.php on line 57.
 1 SYSTEMPATH/CodeIgniter.php(892): App\Controllers\BaseController->initController(Object(CodeIgniter\HTTP\IncomingRequest), Object(CodeIgniter\HTTP\Response), Object(CodeIgniter\Log\Logger))
 2 SYSTEMPATH/CodeIgniter.php(485): CodeIgniter\CodeIgniter->createController()
 3 SYSTEMPATH/CodeIgniter.php(353): CodeIgniter\CodeIgniter->handleRequest(null, Object(Config\Cache), false)
 4 FCPATH/index.php(79): CodeIgniter\CodeIgniter->run()
WARNING - 2024-11-26 03:17:21 --> [DEPRECATED] Creation of dynamic property App\Controllers\Matches::$validation is deprecated in APPPATH/Controllers/BaseController.php on line 57.
 1 SYSTEMPATH/CodeIgniter.php(892): App\Controllers\BaseController->initController(Object(CodeIgniter\HTTP\IncomingRequest), Object(CodeIgniter\HTTP\Response), Object(CodeIgniter\Log\Logger))
 2 SYSTEMPATH/CodeIgniter.php(485): CodeIgniter\CodeIgniter->createController()
 3 SYSTEMPATH/CodeIgniter.php(353): CodeIgniter\CodeIgniter->handleRequest(null, Object(Config\Cache), false)
 4 FCPATH/index.php(79): CodeIgniter\CodeIgniter->run()
WARNING - 2024-11-26 03:17:21 --> [DEPRECATED] Creation of dynamic property App\Controllers\Matches::$validation is deprecated in APPPATH/Controllers/BaseController.php on line 57.
 1 SYSTEMPATH/CodeIgniter.php(892): App\Controllers\BaseController->initController(Object(CodeIgniter\HTTP\IncomingRequest), Object(CodeIgniter\HTTP\Response), Object(CodeIgniter\Log\Logger))
 2 SYSTEMPATH/CodeIgniter.php(485): CodeIgniter\CodeIgniter->createController()
 3 SYSTEMPATH/CodeIgniter.php(353): CodeIgniter\CodeIgniter->handleRequest(null, Object(Config\Cache), false)
 4 FCPATH/index.php(79): CodeIgniter\CodeIgniter->run()
WARNING - 2024-11-26 03:17:21 --> [DEPRECATED] Creation of dynamic property App\Controllers\Matches::$validation is deprecated in APPPATH/Controllers/BaseController.php on line 57.
 1 SYSTEMPATH/CodeIgniter.php(892): App\Controllers\BaseController->initController(Object(CodeIgniter\HTTP\IncomingRequest), Object(CodeIgniter\HTTP\Response), Object(CodeIgniter\Log\Logger))
 2 SYSTEMPATH/CodeIgniter.php(485): CodeIgniter\CodeIgniter->createController()
 3 SYSTEMPATH/CodeIgniter.php(353): CodeIgniter\CodeIgniter->handleRequest(null, Object(Config\Cache), false)
 4 FCPATH/index.php(79): CodeIgniter\CodeIgniter->run()
WARNING - 2024-11-26 03:17:21 --> [DEPRECATED] Creation of dynamic property App\Controllers\Cron\News::$validation is deprecated in APPPATH/Controllers/BaseController.php on line 57.
 1 SYSTEMPATH/CodeIgniter.php(892): App\Controllers\BaseController->initController(Object(CodeIgniter\HTTP\IncomingRequest), Object(CodeIgniter\HTTP\Response), Object(CodeIgniter\Log\Logger))
 2 SYSTEMPATH/CodeIgniter.php(485): CodeIgniter\CodeIgniter->createController()
 3 SYSTEMPATH/CodeIgniter.php(353): CodeIgniter\CodeIgniter->handleRequest(null, Object(Config\Cache), false)
 4 FCPATH/index.php(79): CodeIgniter\CodeIgniter->run()
WARNING - 2024-11-26 03:17:21 --> [DEPRECATED] Creation of dynamic property App\Controllers\Matches::$validation is deprecated in APPPATH/Controllers/BaseController.php on line 57.
 1 SYSTEMPATH/CodeIgniter.php(892): App\Controllers\BaseController->initController(Object(CodeIgniter\HTTP\IncomingRequest), Object(CodeIgniter\HTTP\Response), Object(CodeIgniter\Log\Logger))
 2 SYSTEMPATH/CodeIgniter.php(485): CodeIgniter\CodeIgniter->createController()
 3 SYSTEMPATH/CodeIgniter.php(353): CodeIgniter\CodeIgniter->handleRequest(null, Object(Config\Cache), false)
 4 FCPATH/index.php(79): CodeIgniter\CodeIgniter->run()
WARNING - 2024-11-26 03:17:21 --> [DEPRECATED] Creation of dynamic property App\Controllers\Matches::$validation is deprecated in APPPATH/Controllers/BaseController.php on line 57.
 1 SYSTEMPATH/CodeIgniter.php(892): App\Controllers\BaseController->initController(Object(CodeIgniter\HTTP\IncomingRequest), Object(CodeIgniter\HTTP\Response), Object(CodeIgniter\Log\Logger))
 2 SYSTEMPATH/CodeIgniter.php(485): CodeIgniter\CodeIgniter->createController()
 3 SYSTEMPATH/CodeIgniter.php(353): CodeIgniter\CodeIgniter->handleRequest(null, Object(Config\Cache), false)
 4 FCPATH/index.php(79): CodeIgniter\CodeIgniter->run()
WARNING - 2024-11-26 03:17:24 --> [DEPRECATED] Creation of dynamic property App\Controllers\Matches::$validation is deprecated in APPPATH/Controllers/BaseController.php on line 57.
 1 SYSTEMPATH/CodeIgniter.php(892): App\Controllers\BaseController->initController(Object(CodeIgniter\HTTP\IncomingRequest), Object(CodeIgniter\HTTP\Response), Object(CodeIgniter\Log\Logger))
 2 SYSTEMPATH/CodeIgniter.php(485): CodeIgniter\CodeIgniter->createController()
 3 SYSTEMPATH/CodeIgniter.php(353): CodeIgniter\CodeIgniter->handleRequest(null, Object(Config\Cache), false)
 4 FCPATH/index.php(79): CodeIgniter\CodeIgniter->run()
WARNING - 2024-11-26 03:17:24 --> [DEPRECATED] Creation of dynamic property App\Controllers\Cron\News::$validation is deprecated in APPPATH/Controllers/BaseController.php on line 57.
 1 SYSTEMPATH/CodeIgniter.php(892): App\Controllers\BaseController->initController(Object(CodeIgniter\HTTP\IncomingRequest), Object(CodeIgniter\HTTP\Response), Object(CodeIgniter\Log\Logger))
 2 SYSTEMPATH/CodeIgniter.php(485): CodeIgniter\CodeIgniter->createController()
 3 SYSTEMPATH/CodeIgniter.php(353): CodeIgniter\CodeIgniter->handleRequest(null, Object(Config\Cache), false)
 4 FCPATH/index.php(79): CodeIgniter\CodeIgniter->run()
WARNING - 2024-11-26 03:17:24 --> [DEPRECATED] Creation of dynamic property App\Controllers\Matches::$validation is deprecated in APPPATH/Controllers/BaseController.php on line 57.
 1 SYSTEMPATH/CodeIgniter.php(892): App\Controllers\BaseController->initController(Object(CodeIgniter\HTTP\IncomingRequest), Object(CodeIgniter\HTTP\Response), Object(CodeIgniter\Log\Logger))
 2 SYSTEMPATH/CodeIgniter.php(485): CodeIgniter\CodeIgniter->createController()
 3 SYSTEMPATH/CodeIgniter.php(353): CodeIgniter\CodeIgniter->handleRequest(null, Object(Config\Cache), false)
 4 FCPATH/index.php(79): CodeIgniter\CodeIgniter->run()
WARNING - 2024-11-26 03:17:24 --> [DEPRECATED] Creation of dynamic property App\Controllers\Matches::$validation is deprecated in APPPATH/Controllers/BaseController.php on line 57.
 1 SYSTEMPATH/CodeIgniter.php(892): App\Controllers\BaseController->initController(Object(CodeIgniter\HTTP\IncomingRequest), Object(CodeIgniter\HTTP\Response), Object(CodeIgniter\Log\Logger))
 2 SYSTEMPATH/CodeIgniter.php(485): CodeIgniter\CodeIgniter->createController()
 3 SYSTEMPATH/CodeIgniter.php(353): CodeIgniter\CodeIgniter->handleRequest(null, Object(Config\Cache), false)
 4 FCPATH/index.php(79): CodeIgniter\CodeIgniter->run()
WARNING - 2024-11-26 03:17:24 --> [DEPRECATED] Creation of dynamic property App\Controllers\Matches::$validation is deprecated in APPPATH/Controllers/BaseController.php on line 57.
 1 SYSTEMPATH/CodeIgniter.php(892): App\Controllers\BaseController->initController(Object(CodeIgniter\HTTP\IncomingRequest), Object(CodeIgniter\HTTP\Response), Object(CodeIgniter\Log\Logger))
 2 SYSTEMPATH/CodeIgniter.php(485): CodeIgniter\CodeIgniter->createController()
 3 SYSTEMPATH/CodeIgniter.php(353): CodeIgniter\CodeIgniter->handleRequest(null, Object(Config\Cache), false)
 4 FCPATH/index.php(79): CodeIgniter\CodeIgniter->run()
WARNING - 2024-11-26 03:17:24 --> [DEPRECATED] Creation of dynamic property App\Controllers\Matches::$validation is deprecated in APPPATH/Controllers/BaseController.php on line 57.
 1 SYSTEMPATH/CodeIgniter.php(892): App\Controllers\BaseController->initController(Object(CodeIgniter\HTTP\IncomingRequest), Object(CodeIgniter\HTTP\Response), Object(CodeIgniter\Log\Logger))
 2 SYSTEMPATH/CodeIgniter.php(485): CodeIgniter\CodeIgniter->createController()
 3 SYSTEMPATH/CodeIgniter.php(353): CodeIgniter\CodeIgniter->handleRequest(null, Object(Config\Cache), false)
 4 FCPATH/index.php(79): CodeIgniter\CodeIgniter->run()
WARNING - 2024-11-26 03:22:52 --> [DEPRECATED] Creation of dynamic property App\Controllers\Matches::$validation is deprecated in APPPATH/Controllers/BaseController.php on line 57.
 1 SYSTEMPATH/CodeIgniter.php(892): App\Controllers\BaseController->initController(Object(CodeIgniter\HTTP\IncomingRequest), Object(CodeIgniter\HTTP\Response), Object(CodeIgniter\Log\Logger))
 2 SYSTEMPATH/CodeIgniter.php(485): CodeIgniter\CodeIgniter->createController()
 3 SYSTEMPATH/CodeIgniter.php(353): CodeIgniter\CodeIgniter->handleRequest(null, Object(Config\Cache), false)
 4 FCPATH/index.php(79): CodeIgniter\CodeIgniter->run()
WARNING - 2024-11-26 03:22:52 --> [DEPRECATED] Creation of dynamic property App\Controllers\Matches::$validation is deprecated in APPPATH/Controllers/BaseController.php on line 57.
 1 SYSTEMPATH/CodeIgniter.php(892): App\Controllers\BaseController->initController(Object(CodeIgniter\HTTP\IncomingRequest), Object(CodeIgniter\HTTP\Response), Object(CodeIgniter\Log\Logger))
 2 SYSTEMPATH/CodeIgniter.php(485): CodeIgniter\CodeIgniter->createController()
 3 SYSTEMPATH/CodeIgniter.php(353): CodeIgniter\CodeIgniter->handleRequest(null, Object(Config\Cache), false)
 4 FCPATH/index.php(79): CodeIgniter\CodeIgniter->run()
WARNING - 2024-11-26 03:22:52 --> [DEPRECATED] Creation of dynamic property App\Controllers\Matches::$validation is deprecated in APPPATH/Controllers/BaseController.php on line 57.
 1 SYSTEMPATH/CodeIgniter.php(892): App\Controllers\BaseController->initController(Object(CodeIgniter\HTTP\IncomingRequest), Object(CodeIgniter\HTTP\Response), Object(CodeIgniter\Log\Logger))
 2 SYSTEMPATH/CodeIgniter.php(485): CodeIgniter\CodeIgniter->createController()
 3 SYSTEMPATH/CodeIgniter.php(353): CodeIgniter\CodeIgniter->handleRequest(null, Object(Config\Cache), false)
 4 FCPATH/index.php(79): CodeIgniter\CodeIgniter->run()
WARNING - 2024-11-26 03:22:52 --> [DEPRECATED] Creation of dynamic property App\Controllers\Cron\News::$validation is deprecated in APPPATH/Controllers/BaseController.php on line 57.
 1 SYSTEMPATH/CodeIgniter.php(892): App\Controllers\BaseController->initController(Object(CodeIgniter\HTTP\IncomingRequest), Object(CodeIgniter\HTTP\Response), Object(CodeIgniter\Log\Logger))
 2 SYSTEMPATH/CodeIgniter.php(485): CodeIgniter\CodeIgniter->createController()
 3 SYSTEMPATH/CodeIgniter.php(353): CodeIgniter\CodeIgniter->handleRequest(null, Object(Config\Cache), false)
 4 FCPATH/index.php(79): CodeIgniter\CodeIgniter->run()
WARNING - 2024-11-26 03:22:53 --> [DEPRECATED] Creation of dynamic property App\Controllers\Matches::$validation is deprecated in APPPATH/Controllers/BaseController.php on line 57.
 1 SYSTEMPATH/CodeIgniter.php(892): App\Controllers\BaseController->initController(Object(CodeIgniter\HTTP\IncomingRequest), Object(CodeIgniter\HTTP\Response), Object(CodeIgniter\Log\Logger))
 2 SYSTEMPATH/CodeIgniter.php(485): CodeIgniter\CodeIgniter->createController()
 3 SYSTEMPATH/CodeIgniter.php(353): CodeIgniter\CodeIgniter->handleRequest(null, Object(Config\Cache), false)
 4 FCPATH/index.php(79): CodeIgniter\CodeIgniter->run()
WARNING - 2024-11-26 03:22:53 --> [DEPRECATED] Creation of dynamic property App\Controllers\Matches::$validation is deprecated in APPPATH/Controllers/BaseController.php on line 57.
 1 SYSTEMPATH/CodeIgniter.php(892): App\Controllers\BaseController->initController(Object(CodeIgniter\HTTP\IncomingRequest), Object(CodeIgniter\HTTP\Response), Object(CodeIgniter\Log\Logger))
 2 SYSTEMPATH/CodeIgniter.php(485): CodeIgniter\CodeIgniter->createController()
 3 SYSTEMPATH/CodeIgniter.php(353): CodeIgniter\CodeIgniter->handleRequest(null, Object(Config\Cache), false)
 4 FCPATH/index.php(79): CodeIgniter\CodeIgniter->run()
WARNING - 2024-11-26 03:22:53 --> [DEPRECATED] Creation of dynamic property App\Controllers\Matches::$validation is deprecated in APPPATH/Controllers/BaseController.php on line 57.
 1 SYSTEMPATH/CodeIgniter.php(892): App\Controllers\BaseController->initController(Object(CodeIgniter\HTTP\IncomingRequest), Object(CodeIgniter\HTTP\Response), Object(CodeIgniter\Log\Logger))
 2 SYSTEMPATH/CodeIgniter.php(485): CodeIgniter\CodeIgniter->createController()
 3 SYSTEMPATH/CodeIgniter.php(353): CodeIgniter\CodeIgniter->handleRequest(null, Object(Config\Cache), false)
 4 FCPATH/index.php(79): CodeIgniter\CodeIgniter->run()
WARNING - 2024-11-26 03:22:53 --> [DEPRECATED] Creation of dynamic property App\Controllers\Matches::$validation is deprecated in APPPATH/Controllers/BaseController.php on line 57.
 1 SYSTEMPATH/CodeIgniter.php(892): App\Controllers\BaseController->initController(Object(CodeIgniter\HTTP\IncomingRequest), Object(CodeIgniter\HTTP\Response), Object(CodeIgniter\Log\Logger))
 2 SYSTEMPATH/CodeIgniter.php(485): CodeIgniter\CodeIgniter->createController()
 3 SYSTEMPATH/CodeIgniter.php(353): CodeIgniter\CodeIgniter->handleRequest(null, Object(Config\Cache), false)
 4 FCPATH/index.php(79): CodeIgniter\CodeIgniter->run()
WARNING - 2024-11-26 03:22:54 --> [DEPRECATED] Creation of dynamic property App\Controllers\Matches::$validation is deprecated in APPPATH/Controllers/BaseController.php on line 57.
 1 SYSTEMPATH/CodeIgniter.php(892): App\Controllers\BaseController->initController(Object(CodeIgniter\HTTP\IncomingRequest), Object(CodeIgniter\HTTP\Response), Object(CodeIgniter\Log\Logger))
 2 SYSTEMPATH/CodeIgniter.php(485): CodeIgniter\CodeIgniter->createController()
 3 SYSTEMPATH/CodeIgniter.php(353): CodeIgniter\CodeIgniter->handleRequest(null, Object(Config\Cache), false)
 4 FCPATH/index.php(79): CodeIgniter\CodeIgniter->run()
WARNING - 2024-11-26 03:22:54 --> [DEPRECATED] Creation of dynamic property App\Controllers\Cron\News::$validation is deprecated in APPPATH/Controllers/BaseController.php on line 57.
 1 SYSTEMPATH/CodeIgniter.php(892): App\Controllers\BaseController->initController(Object(CodeIgniter\HTTP\IncomingRequest), Object(CodeIgniter\HTTP\Response), Object(CodeIgniter\Log\Logger))
 2 SYSTEMPATH/CodeIgniter.php(485): CodeIgniter\CodeIgniter->createController()
 3 SYSTEMPATH/CodeIgniter.php(353): CodeIgniter\CodeIgniter->handleRequest(null, Object(Config\Cache), false)
 4 FCPATH/index.php(79): CodeIgniter\CodeIgniter->run()
WARNING - 2024-11-26 03:22:54 --> [DEPRECATED] Creation of dynamic property App\Controllers\Matches::$validation is deprecated in APPPATH/Controllers/BaseController.php on line 57.
 1 SYSTEMPATH/CodeIgniter.php(892): App\Controllers\BaseController->initController(Object(CodeIgniter\HTTP\IncomingRequest), Object(CodeIgniter\HTTP\Response), Object(CodeIgniter\Log\Logger))
 2 SYSTEMPATH/CodeIgniter.php(485): CodeIgniter\CodeIgniter->createController()
 3 SYSTEMPATH/CodeIgniter.php(353): CodeIgniter\CodeIgniter->handleRequest(null, Object(Config\Cache), false)
 4 FCPATH/index.php(79): CodeIgniter\CodeIgniter->run()
WARNING - 2024-11-26 03:22:54 --> [DEPRECATED] Creation of dynamic property App\Controllers\Cron\News::$validation is deprecated in APPPATH/Controllers/BaseController.php on line 57.
 1 SYSTEMPATH/CodeIgniter.php(892): App\Controllers\BaseController->initController(Object(CodeIgniter\HTTP\IncomingRequest), Object(CodeIgniter\HTTP\Response), Object(CodeIgniter\Log\Logger))
 2 SYSTEMPATH/CodeIgniter.php(485): CodeIgniter\CodeIgniter->createController()
 3 SYSTEMPATH/CodeIgniter.php(353): CodeIgniter\CodeIgniter->handleRequest(null, Object(Config\Cache), false)
 4 FCPATH/index.php(79): CodeIgniter\CodeIgniter->run()
WARNING - 2024-11-26 03:22:54 --> [DEPRECATED] Creation of dynamic property App\Controllers\Matches::$validation is deprecated in APPPATH/Controllers/BaseController.php on line 57.
 1 SYSTEMPATH/CodeIgniter.php(892): App\Controllers\BaseController->initController(Object(CodeIgniter\HTTP\IncomingRequest), Object(CodeIgniter\HTTP\Response), Object(CodeIgniter\Log\Logger))
 2 SYSTEMPATH/CodeIgniter.php(485): CodeIgniter\CodeIgniter->createController()
 3 SYSTEMPATH/CodeIgniter.php(353): CodeIgniter\CodeIgniter->handleRequest(null, Object(Config\Cache), false)
 4 FCPATH/index.php(79): CodeIgniter\CodeIgniter->run()
WARNING - 2024-11-26 03:22:54 --> [DEPRECATED] Creation of dynamic property App\Controllers\Matches::$validation is deprecated in APPPATH/Controllers/BaseController.php on line 57.
 1 SYSTEMPATH/CodeIgniter.php(892): App\Controllers\BaseController->initController(Object(CodeIgniter\HTTP\IncomingRequest), Object(CodeIgniter\HTTP\Response), Object(CodeIgniter\Log\Logger))
 2 SYSTEMPATH/CodeIgniter.php(485): CodeIgniter\CodeIgniter->createController()
 3 SYSTEMPATH/CodeIgniter.php(353): CodeIgniter\CodeIgniter->handleRequest(null, Object(Config\Cache), false)
 4 FCPATH/index.php(79): CodeIgniter\CodeIgniter->run()
WARNING - 2024-11-26 03:22:54 --> [DEPRECATED] Creation of dynamic property App\Controllers\Matches::$validation is deprecated in APPPATH/Controllers/BaseController.php on line 57.
 1 SYSTEMPATH/CodeIgniter.php(892): App\Controllers\BaseController->initController(Object(CodeIgniter\HTTP\IncomingRequest), Object(CodeIgniter\HTTP\Response), Object(CodeIgniter\Log\Logger))
 2 SYSTEMPATH/CodeIgniter.php(485): CodeIgniter\CodeIgniter->createController()
 3 SYSTEMPATH/CodeIgniter.php(353): CodeIgniter\CodeIgniter->handleRequest(null, Object(Config\Cache), false)
 4 FCPATH/index.php(79): CodeIgniter\CodeIgniter->run()
WARNING - 2024-11-26 03:22:54 --> [DEPRECATED] Creation of dynamic property App\Controllers\Matches::$validation is deprecated in APPPATH/Controllers/BaseController.php on line 57.
 1 SYSTEMPATH/CodeIgniter.php(892): App\Controllers\BaseController->initController(Object(CodeIgniter\HTTP\IncomingRequest), Object(CodeIgniter\HTTP\Response), Object(CodeIgniter\Log\Logger))
 2 SYSTEMPATH/CodeIgniter.php(485): CodeIgniter\CodeIgniter->createController()
 3 SYSTEMPATH/CodeIgniter.php(353): CodeIgniter\CodeIgniter->handleRequest(null, Object(Config\Cache), false)
 4 FCPATH/index.php(79): CodeIgniter\CodeIgniter->run()
WARNING - 2024-11-26 03:22:54 --> [DEPRECATED] Creation of dynamic property App\Controllers\Matches::$validation is deprecated in APPPATH/Controllers/BaseController.php on line 57.
 1 SYSTEMPATH/CodeIgniter.php(892): App\Controllers\BaseController->initController(Object(CodeIgniter\HTTP\IncomingRequest), Object(CodeIgniter\HTTP\Response), Object(CodeIgniter\Log\Logger))
 2 SYSTEMPATH/CodeIgniter.php(485): CodeIgniter\CodeIgniter->createController()
 3 SYSTEMPATH/CodeIgniter.php(353): CodeIgniter\CodeIgniter->handleRequest(null, Object(Config\Cache), false)
 4 FCPATH/index.php(79): CodeIgniter\CodeIgniter->run()
WARNING - 2024-11-26 03:22:55 --> [DEPRECATED] Creation of dynamic property App\Controllers\Matches::$validation is deprecated in APPPATH/Controllers/BaseController.php on line 57.
 1 SYSTEMPATH/CodeIgniter.php(892): App\Controllers\BaseController->initController(Object(CodeIgniter\HTTP\IncomingRequest), Object(CodeIgniter\HTTP\Response), Object(CodeIgniter\Log\Logger))
 2 SYSTEMPATH/CodeIgniter.php(485): CodeIgniter\CodeIgniter->createController()
 3 SYSTEMPATH/CodeIgniter.php(353): CodeIgniter\CodeIgniter->handleRequest(null, Object(Config\Cache), false)
 4 FCPATH/index.php(79): CodeIgniter\CodeIgniter->run()
WARNING - 2024-11-26 03:22:55 --> [DEPRECATED] Creation of dynamic property App\Controllers\Matches::$validation is deprecated in APPPATH/Controllers/BaseController.php on line 57.
 1 SYSTEMPATH/CodeIgniter.php(892): App\Controllers\BaseController->initController(Object(CodeIgniter\HTTP\IncomingRequest), Object(CodeIgniter\HTTP\Response), Object(CodeIgniter\Log\Logger))
 2 SYSTEMPATH/CodeIgniter.php(485): CodeIgniter\CodeIgniter->createController()
 3 SYSTEMPATH/CodeIgniter.php(353): CodeIgniter\CodeIgniter->handleRequest(null, Object(Config\Cache), false)
 4 FCPATH/index.php(79): CodeIgniter\CodeIgniter->run()
WARNING - 2024-11-26 03:22:55 --> [DEPRECATED] Creation of dynamic property App\Controllers\Cron\News::$validation is deprecated in APPPATH/Controllers/BaseController.php on line 57.
 1 SYSTEMPATH/CodeIgniter.php(892): App\Controllers\BaseController->initController(Object(CodeIgniter\HTTP\IncomingRequest), Object(CodeIgniter\HTTP\Response), Object(CodeIgniter\Log\Logger))
 2 SYSTEMPATH/CodeIgniter.php(485): CodeIgniter\CodeIgniter->createController()
 3 SYSTEMPATH/CodeIgniter.php(353): CodeIgniter\CodeIgniter->handleRequest(null, Object(Config\Cache), false)
 4 FCPATH/index.php(79): CodeIgniter\CodeIgniter->run()
WARNING - 2024-11-26 03:22:55 --> [DEPRECATED] Creation of dynamic property App\Controllers\Matches::$validation is deprecated in APPPATH/Controllers/BaseController.php on line 57.
 1 SYSTEMPATH/CodeIgniter.php(892): App\Controllers\BaseController->initController(Object(CodeIgniter\HTTP\IncomingRequest), Object(CodeIgniter\HTTP\Response), Object(CodeIgniter\Log\Logger))
 2 SYSTEMPATH/CodeIgniter.php(485): CodeIgniter\CodeIgniter->createController()
 3 SYSTEMPATH/CodeIgniter.php(353): CodeIgniter\CodeIgniter->handleRequest(null, Object(Config\Cache), false)
 4 FCPATH/index.php(79): CodeIgniter\CodeIgniter->run()
WARNING - 2024-11-26 03:22:55 --> [DEPRECATED] Creation of dynamic property App\Controllers\Matches::$validation is deprecated in APPPATH/Controllers/BaseController.php on line 57.
 1 SYSTEMPATH/CodeIgniter.php(892): App\Controllers\BaseController->initController(Object(CodeIgniter\HTTP\IncomingRequest), Object(CodeIgniter\HTTP\Response), Object(CodeIgniter\Log\Logger))
 2 SYSTEMPATH/CodeIgniter.php(485): CodeIgniter\CodeIgniter->createController()
 3 SYSTEMPATH/CodeIgniter.php(353): CodeIgniter\CodeIgniter->handleRequest(null, Object(Config\Cache), false)
 4 FCPATH/index.php(79): CodeIgniter\CodeIgniter->run()
WARNING - 2024-11-26 03:22:56 --> [DEPRECATED] Creation of dynamic property App\Controllers\Matches::$validation is deprecated in APPPATH/Controllers/BaseController.php on line 57.
 1 SYSTEMPATH/CodeIgniter.php(892): App\Controllers\BaseController->initController(Object(CodeIgniter\HTTP\IncomingRequest), Object(CodeIgniter\HTTP\Response), Object(CodeIgniter\Log\Logger))
 2 SYSTEMPATH/CodeIgniter.php(485): CodeIgniter\CodeIgniter->createController()
 3 SYSTEMPATH/CodeIgniter.php(353): CodeIgniter\CodeIgniter->handleRequest(null, Object(Config\Cache), false)
 4 FCPATH/index.php(79): CodeIgniter\CodeIgniter->run()
WARNING - 2024-11-26 03:23:12 --> [DEPRECATED] Creation of dynamic property App\Controllers\Matches::$validation is deprecated in APPPATH/Controllers/BaseController.php on line 57.
 1 SYSTEMPATH/CodeIgniter.php(892): App\Controllers\BaseController->initController(Object(CodeIgniter\HTTP\IncomingRequest), Object(CodeIgniter\HTTP\Response), Object(CodeIgniter\Log\Logger))
 2 SYSTEMPATH/CodeIgniter.php(485): CodeIgniter\CodeIgniter->createController()
 3 SYSTEMPATH/CodeIgniter.php(353): CodeIgniter\CodeIgniter->handleRequest(null, Object(Config\Cache), false)
 4 FCPATH/index.php(79): CodeIgniter\CodeIgniter->run()
WARNING - 2024-11-26 03:23:12 --> [DEPRECATED] Creation of dynamic property App\Controllers\Matches::$validation is deprecated in APPPATH/Controllers/BaseController.php on line 57.
 1 SYSTEMPATH/CodeIgniter.php(892): App\Controllers\BaseController->initController(Object(CodeIgniter\HTTP\IncomingRequest), Object(CodeIgniter\HTTP\Response), Object(CodeIgniter\Log\Logger))
 2 SYSTEMPATH/CodeIgniter.php(485): CodeIgniter\CodeIgniter->createController()
 3 SYSTEMPATH/CodeIgniter.php(353): CodeIgniter\CodeIgniter->handleRequest(null, Object(Config\Cache), false)
 4 FCPATH/index.php(79): CodeIgniter\CodeIgniter->run()
WARNING - 2024-11-26 03:23:12 --> [DEPRECATED] Creation of dynamic property App\Controllers\Matches::$validation is deprecated in APPPATH/Controllers/BaseController.php on line 57.
 1 SYSTEMPATH/CodeIgniter.php(892): App\Controllers\BaseController->initController(Object(CodeIgniter\HTTP\IncomingRequest), Object(CodeIgniter\HTTP\Response), Object(CodeIgniter\Log\Logger))
 2 SYSTEMPATH/CodeIgniter.php(485): CodeIgniter\CodeIgniter->createController()
 3 SYSTEMPATH/CodeIgniter.php(353): CodeIgniter\CodeIgniter->handleRequest(null, Object(Config\Cache), false)
 4 FCPATH/index.php(79): CodeIgniter\CodeIgniter->run()
WARNING - 2024-11-26 03:23:12 --> [DEPRECATED] Creation of dynamic property App\Controllers\Cron\News::$validation is deprecated in APPPATH/Controllers/BaseController.php on line 57.
 1 SYSTEMPATH/CodeIgniter.php(892): App\Controllers\BaseController->initController(Object(CodeIgniter\HTTP\IncomingRequest), Object(CodeIgniter\HTTP\Response), Object(CodeIgniter\Log\Logger))
 2 SYSTEMPATH/CodeIgniter.php(485): CodeIgniter\CodeIgniter->createController()
 3 SYSTEMPATH/CodeIgniter.php(353): CodeIgniter\CodeIgniter->handleRequest(null, Object(Config\Cache), false)
 4 FCPATH/index.php(79): CodeIgniter\CodeIgniter->run()
WARNING - 2024-11-26 03:23:15 --> [DEPRECATED] Creation of dynamic property App\Controllers\Matches::$validation is deprecated in APPPATH/Controllers/BaseController.php on line 57.
 1 SYSTEMPATH/CodeIgniter.php(892): App\Controllers\BaseController->initController(Object(CodeIgniter\HTTP\IncomingRequest), Object(CodeIgniter\HTTP\Response), Object(CodeIgniter\Log\Logger))
 2 SYSTEMPATH/CodeIgniter.php(485): CodeIgniter\CodeIgniter->createController()
 3 SYSTEMPATH/CodeIgniter.php(353): CodeIgniter\CodeIgniter->handleRequest(null, Object(Config\Cache), false)
 4 FCPATH/index.php(79): CodeIgniter\CodeIgniter->run()
WARNING - 2024-11-26 03:23:15 --> [DEPRECATED] Creation of dynamic property App\Controllers\Matches::$validation is deprecated in APPPATH/Controllers/BaseController.php on line 57.
 1 SYSTEMPATH/CodeIgniter.php(892): App\Controllers\BaseController->initController(Object(CodeIgniter\HTTP\IncomingRequest), Object(CodeIgniter\HTTP\Response), Object(CodeIgniter\Log\Logger))
 2 SYSTEMPATH/CodeIgniter.php(485): CodeIgniter\CodeIgniter->createController()
 3 SYSTEMPATH/CodeIgniter.php(353): CodeIgniter\CodeIgniter->handleRequest(null, Object(Config\Cache), false)
 4 FCPATH/index.php(79): CodeIgniter\CodeIgniter->run()
WARNING - 2024-11-26 03:23:16 --> [DEPRECATED] Creation of dynamic property App\Controllers\Matches::$validation is deprecated in APPPATH/Controllers/BaseController.php on line 57.
 1 SYSTEMPATH/CodeIgniter.php(892): App\Controllers\BaseController->initController(Object(CodeIgniter\HTTP\IncomingRequest), Object(CodeIgniter\HTTP\Response), Object(CodeIgniter\Log\Logger))
 2 SYSTEMPATH/CodeIgniter.php(485): CodeIgniter\CodeIgniter->createController()
 3 SYSTEMPATH/CodeIgniter.php(353): CodeIgniter\CodeIgniter->handleRequest(null, Object(Config\Cache), false)
 4 FCPATH/index.php(79): CodeIgniter\CodeIgniter->run()
WARNING - 2024-11-26 03:24:19 --> [DEPRECATED] Creation of dynamic property App\Controllers\Matches::$validation is deprecated in APPPATH/Controllers/BaseController.php on line 57.
 1 SYSTEMPATH/CodeIgniter.php(892): App\Controllers\BaseController->initController(Object(CodeIgniter\HTTP\IncomingRequest), Object(CodeIgniter\HTTP\Response), Object(CodeIgniter\Log\Logger))
 2 SYSTEMPATH/CodeIgniter.php(485): CodeIgniter\CodeIgniter->createController()
 3 SYSTEMPATH/CodeIgniter.php(353): CodeIgniter\CodeIgniter->handleRequest(null, Object(Config\Cache), false)
 4 FCPATH/index.php(79): CodeIgniter\CodeIgniter->run()
WARNING - 2024-11-26 03:24:19 --> [DEPRECATED] Creation of dynamic property App\Controllers\Matches::$validation is deprecated in APPPATH/Controllers/BaseController.php on line 57.
 1 SYSTEMPATH/CodeIgniter.php(892): App\Controllers\BaseController->initController(Object(CodeIgniter\HTTP\IncomingRequest), Object(CodeIgniter\HTTP\Response), Object(CodeIgniter\Log\Logger))
 2 SYSTEMPATH/CodeIgniter.php(485): CodeIgniter\CodeIgniter->createController()
 3 SYSTEMPATH/CodeIgniter.php(353): CodeIgniter\CodeIgniter->handleRequest(null, Object(Config\Cache), false)
 4 FCPATH/index.php(79): CodeIgniter\CodeIgniter->run()
WARNING - 2024-11-26 03:24:19 --> [DEPRECATED] Creation of dynamic property App\Controllers\Matches::$validation is deprecated in APPPATH/Controllers/BaseController.php on line 57.
 1 SYSTEMPATH/CodeIgniter.php(892): App\Controllers\BaseController->initController(Object(CodeIgniter\HTTP\IncomingRequest), Object(CodeIgniter\HTTP\Response), Object(CodeIgniter\Log\Logger))
 2 SYSTEMPATH/CodeIgniter.php(485): CodeIgniter\CodeIgniter->createController()
 3 SYSTEMPATH/CodeIgniter.php(353): CodeIgniter\CodeIgniter->handleRequest(null, Object(Config\Cache), false)
 4 FCPATH/index.php(79): CodeIgniter\CodeIgniter->run()
WARNING - 2024-11-26 03:24:19 --> [DEPRECATED] Creation of dynamic property App\Controllers\Cron\News::$validation is deprecated in APPPATH/Controllers/BaseController.php on line 57.
 1 SYSTEMPATH/CodeIgniter.php(892): App\Controllers\BaseController->initController(Object(CodeIgniter\HTTP\IncomingRequest), Object(CodeIgniter\HTTP\Response), Object(CodeIgniter\Log\Logger))
 2 SYSTEMPATH/CodeIgniter.php(485): CodeIgniter\CodeIgniter->createController()
 3 SYSTEMPATH/CodeIgniter.php(353): CodeIgniter\CodeIgniter->handleRequest(null, Object(Config\Cache), false)
 4 FCPATH/index.php(79): CodeIgniter\CodeIgniter->run()
WARNING - 2024-11-26 03:30:32 --> [DEPRECATED] Creation of dynamic property App\Controllers\Cron\Players::$validation is deprecated in APPPATH/Controllers/BaseController.php on line 57.
 1 SYSTEMPATH/CodeIgniter.php(892): App\Controllers\BaseController->initController(Object(CodeIgniter\HTTP\IncomingRequest), Object(CodeIgniter\HTTP\Response), Object(CodeIgniter\Log\Logger))
 2 SYSTEMPATH/CodeIgniter.php(485): CodeIgniter\CodeIgniter->createController()
 3 SYSTEMPATH/CodeIgniter.php(353): CodeIgniter\CodeIgniter->handleRequest(null, Object(Config\Cache), false)
 4 FCPATH/index.php(79): CodeIgniter\CodeIgniter->run()
WARNING - 2024-11-26 03:30:32 --> [DEPRECATED] Creation of dynamic property App\Controllers\Cron\Matches::$validation is deprecated in APPPATH/Controllers/BaseController.php on line 57.
 1 SYSTEMPATH/CodeIgniter.php(892): App\Controllers\BaseController->initController(Object(CodeIgniter\HTTP\IncomingRequest), Object(CodeIgniter\HTTP\Response), Object(CodeIgniter\Log\Logger))
 2 SYSTEMPATH/CodeIgniter.php(485): CodeIgniter\CodeIgniter->createController()
 3 SYSTEMPATH/CodeIgniter.php(353): CodeIgniter\CodeIgniter->handleRequest(null, Object(Config\Cache), false)
 4 FCPATH/index.php(79): CodeIgniter\CodeIgniter->run()
WARNING - 2024-11-26 03:30:32 --> [DEPRECATED] Creation of dynamic property App\Models\UserModel::$userBankAccoTbl is deprecated in APPPATH/Models/UserModel.php on line 18.
 1 APPPATH/Controllers/Cron/Players.php(34): App\Models\UserModel->__construct()
 2 SYSTEMPATH/CodeIgniter.php(919): App\Controllers\Cron\Players->getMatchPlayers()
 3 SYSTEMPATH/CodeIgniter.php(494): CodeIgniter\CodeIgniter->runController(Object(App\Controllers\Cron\Players))
 4 SYSTEMPATH/CodeIgniter.php(353): CodeIgniter\CodeIgniter->handleRequest(null, Object(Config\Cache), false)
 5 FCPATH/index.php(79): CodeIgniter\CodeIgniter->run()
WARNING - 2024-11-26 05:03:18 --> [DEPRECATED] Creation of dynamic property App\Controllers\Matches::$validation is deprecated in APPPATH/Controllers/BaseController.php on line 57.
 1 SYSTEMPATH/CodeIgniter.php(892): App\Controllers\BaseController->initController(Object(CodeIgniter\HTTP\IncomingRequest), Object(CodeIgniter\HTTP\Response), Object(CodeIgniter\Log\Logger))
 2 SYSTEMPATH/CodeIgniter.php(485): CodeIgniter\CodeIgniter->createController()
 3 SYSTEMPATH/CodeIgniter.php(353): CodeIgniter\CodeIgniter->handleRequest(null, Object(Config\Cache), false)
 4 FCPATH/index.php(79): CodeIgniter\CodeIgniter->run()
WARNING - 2024-11-26 05:03:18 --> [DEPRECATED] Creation of dynamic property App\Controllers\Cron\News::$validation is deprecated in APPPATH/Controllers/BaseController.php on line 57.
 1 SYSTEMPATH/CodeIgniter.php(892): App\Controllers\BaseController->initController(Object(CodeIgniter\HTTP\IncomingRequest), Object(CodeIgniter\HTTP\Response), Object(CodeIgniter\Log\Logger))
 2 SYSTEMPATH/CodeIgniter.php(485): CodeIgniter\CodeIgniter->createController()
 3 SYSTEMPATH/CodeIgniter.php(353): CodeIgniter\CodeIgniter->handleRequest(null, Object(Config\Cache), false)
 4 FCPATH/index.php(79): CodeIgniter\CodeIgniter->run()
WARNING - 2024-11-26 05:03:18 --> [DEPRECATED] Creation of dynamic property App\Controllers\Matches::$validation is deprecated in APPPATH/Controllers/BaseController.php on line 57.
 1 SYSTEMPATH/CodeIgniter.php(892): App\Controllers\BaseController->initController(Object(CodeIgniter\HTTP\IncomingRequest), Object(CodeIgniter\HTTP\Response), Object(CodeIgniter\Log\Logger))
 2 SYSTEMPATH/CodeIgniter.php(485): CodeIgniter\CodeIgniter->createController()
 3 SYSTEMPATH/CodeIgniter.php(353): CodeIgniter\CodeIgniter->handleRequest(null, Object(Config\Cache), false)
 4 FCPATH/index.php(79): CodeIgniter\CodeIgniter->run()
WARNING - 2024-11-26 05:03:19 --> [DEPRECATED] Creation of dynamic property App\Controllers\Matches::$validation is deprecated in APPPATH/Controllers/BaseController.php on line 57.
 1 SYSTEMPATH/CodeIgniter.php(892): App\Controllers\BaseController->initController(Object(CodeIgniter\HTTP\IncomingRequest), Object(CodeIgniter\HTTP\Response), Object(CodeIgniter\Log\Logger))
 2 SYSTEMPATH/CodeIgniter.php(485): CodeIgniter\CodeIgniter->createController()
 3 SYSTEMPATH/CodeIgniter.php(353): CodeIgniter\CodeIgniter->handleRequest(null, Object(Config\Cache), false)
 4 FCPATH/index.php(79): CodeIgniter\CodeIgniter->run()
WARNING - 2024-11-26 05:03:34 --> [DEPRECATED] Creation of dynamic property App\Controllers\Cron\News::$validation is deprecated in APPPATH/Controllers/BaseController.php on line 57.
 1 SYSTEMPATH/CodeIgniter.php(892): App\Controllers\BaseController->initController(Object(CodeIgniter\HTTP\IncomingRequest), Object(CodeIgniter\HTTP\Response), Object(CodeIgniter\Log\Logger))
 2 SYSTEMPATH/CodeIgniter.php(485): CodeIgniter\CodeIgniter->createController()
 3 SYSTEMPATH/CodeIgniter.php(353): CodeIgniter\CodeIgniter->handleRequest(null, Object(Config\Cache), false)
 4 FCPATH/index.php(79): CodeIgniter\CodeIgniter->run()
WARNING - 2024-11-26 05:03:34 --> [DEPRECATED] Creation of dynamic property App\Controllers\Matches::$validation is deprecated in APPPATH/Controllers/BaseController.php on line 57.
 1 SYSTEMPATH/CodeIgniter.php(892): App\Controllers\BaseController->initController(Object(CodeIgniter\HTTP\IncomingRequest), Object(CodeIgniter\HTTP\Response), Object(CodeIgniter\Log\Logger))
 2 SYSTEMPATH/CodeIgniter.php(485): CodeIgniter\CodeIgniter->createController()
 3 SYSTEMPATH/CodeIgniter.php(353): CodeIgniter\CodeIgniter->handleRequest(null, Object(Config\Cache), false)
 4 FCPATH/index.php(79): CodeIgniter\CodeIgniter->run()
WARNING - 2024-11-26 05:03:34 --> [DEPRECATED] Creation of dynamic property App\Controllers\Matches::$validation is deprecated in APPPATH/Controllers/BaseController.php on line 57.
 1 SYSTEMPATH/CodeIgniter.php(892): App\Controllers\BaseController->initController(Object(CodeIgniter\HTTP\IncomingRequest), Object(CodeIgniter\HTTP\Response), Object(CodeIgniter\Log\Logger))
 2 SYSTEMPATH/CodeIgniter.php(485): CodeIgniter\CodeIgniter->createController()
 3 SYSTEMPATH/CodeIgniter.php(353): CodeIgniter\CodeIgniter->handleRequest(null, Object(Config\Cache), false)
 4 FCPATH/index.php(79): CodeIgniter\CodeIgniter->run()
WARNING - 2024-11-26 05:04:13 --> [DEPRECATED] Creation of dynamic property App\Controllers\Cron\News::$validation is deprecated in APPPATH/Controllers/BaseController.php on line 57.
 1 SYSTEMPATH/CodeIgniter.php(892): App\Controllers\BaseController->initController(Object(CodeIgniter\HTTP\IncomingRequest), Object(CodeIgniter\HTTP\Response), Object(CodeIgniter\Log\Logger))
 2 SYSTEMPATH/CodeIgniter.php(485): CodeIgniter\CodeIgniter->createController()
 3 SYSTEMPATH/CodeIgniter.php(353): CodeIgniter\CodeIgniter->handleRequest(null, Object(Config\Cache), false)
 4 FCPATH/index.php(79): CodeIgniter\CodeIgniter->run()
WARNING - 2024-11-26 06:30:32 --> [DEPRECATED] Creation of dynamic property App\Controllers\Cron\Players::$validation is deprecated in APPPATH/Controllers/BaseController.php on line 57.
 1 SYSTEMPATH/CodeIgniter.php(892): App\Controllers\BaseController->initController(Object(CodeIgniter\HTTP\IncomingRequest), Object(CodeIgniter\HTTP\Response), Object(CodeIgniter\Log\Logger))
 2 SYSTEMPATH/CodeIgniter.php(485): CodeIgniter\CodeIgniter->createController()
 3 SYSTEMPATH/CodeIgniter.php(353): CodeIgniter\CodeIgniter->handleRequest(null, Object(Config\Cache), false)
 4 FCPATH/index.php(79): CodeIgniter\CodeIgniter->run()
WARNING - 2024-11-26 06:30:32 --> [DEPRECATED] Creation of dynamic property App\Controllers\Cron\Toss::$validation is deprecated in APPPATH/Controllers/BaseController.php on line 57.
 1 SYSTEMPATH/CodeIgniter.php(892): App\Controllers\BaseController->initController(Object(CodeIgniter\HTTP\IncomingRequest), Object(CodeIgniter\HTTP\Response), Object(CodeIgniter\Log\Logger))
 2 SYSTEMPATH/CodeIgniter.php(485): CodeIgniter\CodeIgniter->createController()
 3 SYSTEMPATH/CodeIgniter.php(353): CodeIgniter\CodeIgniter->handleRequest(null, Object(Config\Cache), false)
 4 FCPATH/index.php(79): CodeIgniter\CodeIgniter->run()
WARNING - 2024-11-26 06:30:32 --> [DEPRECATED] Creation of dynamic property App\Controllers\Cron\Matches::$validation is deprecated in APPPATH/Controllers/BaseController.php on line 57.
 1 SYSTEMPATH/CodeIgniter.php(892): App\Controllers\BaseController->initController(Object(CodeIgniter\HTTP\IncomingRequest), Object(CodeIgniter\HTTP\Response), Object(CodeIgniter\Log\Logger))
 2 SYSTEMPATH/CodeIgniter.php(485): CodeIgniter\CodeIgniter->createController()
 3 SYSTEMPATH/CodeIgniter.php(353): CodeIgniter\CodeIgniter->handleRequest(null, Object(Config\Cache), false)
 4 FCPATH/index.php(79): CodeIgniter\CodeIgniter->run()
WARNING - 2024-11-26 06:30:32 --> [DEPRECATED] Creation of dynamic property App\Models\UserModel::$userBankAccoTbl is deprecated in APPPATH/Models/UserModel.php on line 18.
 1 APPPATH/Controllers/Cron/Players.php(34): App\Models\UserModel->__construct()
 2 SYSTEMPATH/CodeIgniter.php(919): App\Controllers\Cron\Players->getMatchPlayers()
 3 SYSTEMPATH/CodeIgniter.php(494): CodeIgniter\CodeIgniter->runController(Object(App\Controllers\Cron\Players))
 4 SYSTEMPATH/CodeIgniter.php(353): CodeIgniter\CodeIgniter->handleRequest(null, Object(Config\Cache), false)
 5 FCPATH/index.php(79): CodeIgniter\CodeIgniter->run()
WARNING - 2024-11-26 07:56:29 --> [DEPRECATED] Creation of dynamic property App\Controllers\Matches::$validation is deprecated in APPPATH/Controllers/BaseController.php on line 57.
 1 SYSTEMPATH/CodeIgniter.php(892): App\Controllers\BaseController->initController(Object(CodeIgniter\HTTP\IncomingRequest), Object(CodeIgniter\HTTP\Response), Object(CodeIgniter\Log\Logger))
 2 SYSTEMPATH/CodeIgniter.php(485): CodeIgniter\CodeIgniter->createController()
 3 SYSTEMPATH/CodeIgniter.php(353): CodeIgniter\CodeIgniter->handleRequest(null, Object(Config\Cache), false)
 4 FCPATH/index.php(79): CodeIgniter\CodeIgniter->run()
WARNING - 2024-11-26 07:56:29 --> [DEPRECATED] Creation of dynamic property App\Controllers\Cron\News::$validation is deprecated in APPPATH/Controllers/BaseController.php on line 57.
 1 SYSTEMPATH/CodeIgniter.php(892): App\Controllers\BaseController->initController(Object(CodeIgniter\HTTP\IncomingRequest), Object(CodeIgniter\HTTP\Response), Object(CodeIgniter\Log\Logger))
 2 SYSTEMPATH/CodeIgniter.php(485): CodeIgniter\CodeIgniter->createController()
 3 SYSTEMPATH/CodeIgniter.php(353): CodeIgniter\CodeIgniter->handleRequest(null, Object(Config\Cache), false)
 4 FCPATH/index.php(79): CodeIgniter\CodeIgniter->run()
WARNING - 2024-11-26 07:56:29 --> [DEPRECATED] Creation of dynamic property App\Controllers\Matches::$validation is deprecated in APPPATH/Controllers/BaseController.php on line 57.
 1 SYSTEMPATH/CodeIgniter.php(892): App\Controllers\BaseController->initController(Object(CodeIgniter\HTTP\IncomingRequest), Object(CodeIgniter\HTTP\Response), Object(CodeIgniter\Log\Logger))
 2 SYSTEMPATH/CodeIgniter.php(485): CodeIgniter\CodeIgniter->createController()
 3 SYSTEMPATH/CodeIgniter.php(353): CodeIgniter\CodeIgniter->handleRequest(null, Object(Config\Cache), false)
 4 FCPATH/index.php(79): CodeIgniter\CodeIgniter->run()
WARNING - 2024-11-26 07:56:29 --> [DEPRECATED] Creation of dynamic property App\Controllers\Matches::$validation is deprecated in APPPATH/Controllers/BaseController.php on line 57.
 1 SYSTEMPATH/CodeIgniter.php(892): App\Controllers\BaseController->initController(Object(CodeIgniter\HTTP\IncomingRequest), Object(CodeIgniter\HTTP\Response), Object(CodeIgniter\Log\Logger))
 2 SYSTEMPATH/CodeIgniter.php(485): CodeIgniter\CodeIgniter->createController()
 3 SYSTEMPATH/CodeIgniter.php(353): CodeIgniter\CodeIgniter->handleRequest(null, Object(Config\Cache), false)
 4 FCPATH/index.php(79): CodeIgniter\CodeIgniter->run()
WARNING - 2024-11-26 07:56:29 --> [DEPRECATED] Creation of dynamic property App\Controllers\Matches::$validation is deprecated in APPPATH/Controllers/BaseController.php on line 57.
 1 SYSTEMPATH/CodeIgniter.php(892): App\Controllers\BaseController->initController(Object(CodeIgniter\HTTP\IncomingRequest), Object(CodeIgniter\HTTP\Response), Object(CodeIgniter\Log\Logger))
 2 SYSTEMPATH/CodeIgniter.php(485): CodeIgniter\CodeIgniter->createController()
 3 SYSTEMPATH/CodeIgniter.php(353): CodeIgniter\CodeIgniter->handleRequest(null, Object(Config\Cache), false)
 4 FCPATH/index.php(79): CodeIgniter\CodeIgniter->run()
WARNING - 2024-11-26 08:58:03 --> [DEPRECATED] Creation of dynamic property App\Controllers\Cron\News::$validation is deprecated in APPPATH/Controllers/BaseController.php on line 57.
 1 SYSTEMPATH/CodeIgniter.php(892): App\Controllers\BaseController->initController(Object(CodeIgniter\HTTP\IncomingRequest), Object(CodeIgniter\HTTP\Response), Object(CodeIgniter\Log\Logger))
 2 SYSTEMPATH/CodeIgniter.php(485): CodeIgniter\CodeIgniter->createController()
 3 SYSTEMPATH/CodeIgniter.php(353): CodeIgniter\CodeIgniter->handleRequest(null, Object(Config\Cache), false)
 4 FCPATH/index.php(79): CodeIgniter\CodeIgniter->run()
WARNING - 2024-11-26 09:03:01 --> [DEPRECATED] Creation of dynamic property App\Controllers\Cron\News::$validation is deprecated in APPPATH/Controllers/BaseController.php on line 57.
 1 SYSTEMPATH/CodeIgniter.php(892): App\Controllers\BaseController->initController(Object(CodeIgniter\HTTP\IncomingRequest), Object(CodeIgniter\HTTP\Response), Object(CodeIgniter\Log\Logger))
 2 SYSTEMPATH/CodeIgniter.php(485): CodeIgniter\CodeIgniter->createController()
 3 SYSTEMPATH/CodeIgniter.php(353): CodeIgniter\CodeIgniter->handleRequest(null, Object(Config\Cache), false)
 4 FCPATH/index.php(79): CodeIgniter\CodeIgniter->run()
WARNING - 2024-11-26 09:30:32 --> [DEPRECATED] Creation of dynamic property App\Controllers\Cron\Matches::$validation is deprecated in APPPATH/Controllers/BaseController.php on line 57.
 1 SYSTEMPATH/CodeIgniter.php(892): App\Controllers\BaseController->initController(Object(CodeIgniter\HTTP\IncomingRequest), Object(CodeIgniter\HTTP\Response), Object(CodeIgniter\Log\Logger))
 2 SYSTEMPATH/CodeIgniter.php(485): CodeIgniter\CodeIgniter->createController()
 3 SYSTEMPATH/CodeIgniter.php(353): CodeIgniter\CodeIgniter->handleRequest(null, Object(Config\Cache), false)
 4 FCPATH/index.php(79): CodeIgniter\CodeIgniter->run()
WARNING - 2024-11-26 09:30:32 --> [DEPRECATED] Creation of dynamic property App\Controllers\Cron\Players::$validation is deprecated in APPPATH/Controllers/BaseController.php on line 57.
 1 SYSTEMPATH/CodeIgniter.php(892): App\Controllers\BaseController->initController(Object(CodeIgniter\HTTP\IncomingRequest), Object(CodeIgniter\HTTP\Response), Object(CodeIgniter\Log\Logger))
 2 SYSTEMPATH/CodeIgniter.php(485): CodeIgniter\CodeIgniter->createController()
 3 SYSTEMPATH/CodeIgniter.php(353): CodeIgniter\CodeIgniter->handleRequest(null, Object(Config\Cache), false)
 4 FCPATH/index.php(79): CodeIgniter\CodeIgniter->run()
WARNING - 2024-11-26 09:30:32 --> [DEPRECATED] Creation of dynamic property App\Models\UserModel::$userBankAccoTbl is deprecated in APPPATH/Models/UserModel.php on line 18.
 1 APPPATH/Controllers/Cron/Players.php(34): App\Models\UserModel->__construct()
 2 SYSTEMPATH/CodeIgniter.php(919): App\Controllers\Cron\Players->getMatchPlayers()
 3 SYSTEMPATH/CodeIgniter.php(494): CodeIgniter\CodeIgniter->runController(Object(App\Controllers\Cron\Players))
 4 SYSTEMPATH/CodeIgniter.php(353): CodeIgniter\CodeIgniter->handleRequest(null, Object(Config\Cache), false)
 5 FCPATH/index.php(79): CodeIgniter\CodeIgniter->run()
WARNING - 2024-11-26 10:17:40 --> [DEPRECATED] Creation of dynamic property App\Controllers\Matches::$validation is deprecated in APPPATH/Controllers/BaseController.php on line 57.
 1 SYSTEMPATH/CodeIgniter.php(892): App\Controllers\BaseController->initController(Object(CodeIgniter\HTTP\IncomingRequest), Object(CodeIgniter\HTTP\Response), Object(CodeIgniter\Log\Logger))
 2 SYSTEMPATH/CodeIgniter.php(485): CodeIgniter\CodeIgniter->createController()
 3 SYSTEMPATH/CodeIgniter.php(353): CodeIgniter\CodeIgniter->handleRequest(null, Object(Config\Cache), false)
 4 FCPATH/index.php(79): CodeIgniter\CodeIgniter->run()
WARNING - 2024-11-26 10:17:40 --> [DEPRECATED] Creation of dynamic property App\Controllers\Matches::$validation is deprecated in APPPATH/Controllers/BaseController.php on line 57.
 1 SYSTEMPATH/CodeIgniter.php(892): App\Controllers\BaseController->initController(Object(CodeIgniter\HTTP\IncomingRequest), Object(CodeIgniter\HTTP\Response), Object(CodeIgniter\Log\Logger))
 2 SYSTEMPATH/CodeIgniter.php(485): CodeIgniter\CodeIgniter->createController()
 3 SYSTEMPATH/CodeIgniter.php(353): CodeIgniter\CodeIgniter->handleRequest(null, Object(Config\Cache), false)
 4 FCPATH/index.php(79): CodeIgniter\CodeIgniter->run()
WARNING - 2024-11-26 10:17:40 --> [DEPRECATED] Creation of dynamic property App\Controllers\Cron\News::$validation is deprecated in APPPATH/Controllers/BaseController.php on line 57.
 1 SYSTEMPATH/CodeIgniter.php(892): App\Controllers\BaseController->initController(Object(CodeIgniter\HTTP\IncomingRequest), Object(CodeIgniter\HTTP\Response), Object(CodeIgniter\Log\Logger))
 2 SYSTEMPATH/CodeIgniter.php(485): CodeIgniter\CodeIgniter->createController()
 3 SYSTEMPATH/CodeIgniter.php(353): CodeIgniter\CodeIgniter->handleRequest(null, Object(Config\Cache), false)
 4 FCPATH/index.php(79): CodeIgniter\CodeIgniter->run()
WARNING - 2024-11-26 10:17:40 --> [DEPRECATED] Creation of dynamic property App\Controllers\Matches::$validation is deprecated in APPPATH/Controllers/BaseController.php on line 57.
 1 SYSTEMPATH/CodeIgniter.php(892): App\Controllers\BaseController->initController(Object(CodeIgniter\HTTP\IncomingRequest), Object(CodeIgniter\HTTP\Response), Object(CodeIgniter\Log\Logger))
 2 SYSTEMPATH/CodeIgniter.php(485): CodeIgniter\CodeIgniter->createController()
 3 SYSTEMPATH/CodeIgniter.php(353): CodeIgniter\CodeIgniter->handleRequest(null, Object(Config\Cache), false)
 4 FCPATH/index.php(79): CodeIgniter\CodeIgniter->run()
WARNING - 2024-11-26 10:17:40 --> [DEPRECATED] Creation of dynamic property App\Controllers\Matches::$validation is deprecated in APPPATH/Controllers/BaseController.php on line 57.
 1 SYSTEMPATH/CodeIgniter.php(892): App\Controllers\BaseController->initController(Object(CodeIgniter\HTTP\IncomingRequest), Object(CodeIgniter\HTTP\Response), Object(CodeIgniter\Log\Logger))
 2 SYSTEMPATH/CodeIgniter.php(485): CodeIgniter\CodeIgniter->createController()
 3 SYSTEMPATH/CodeIgniter.php(353): CodeIgniter\CodeIgniter->handleRequest(null, Object(Config\Cache), false)
 4 FCPATH/index.php(79): CodeIgniter\CodeIgniter->run()
WARNING - 2024-11-26 10:17:40 --> [DEPRECATED] Creation of dynamic property App\Controllers\Matches::$validation is deprecated in APPPATH/Controllers/BaseController.php on line 57.
 1 SYSTEMPATH/CodeIgniter.php(892): App\Controllers\BaseController->initController(Object(CodeIgniter\HTTP\IncomingRequest), Object(CodeIgniter\HTTP\Response), Object(CodeIgniter\Log\Logger))
 2 SYSTEMPATH/CodeIgniter.php(485): CodeIgniter\CodeIgniter->createController()
 3 SYSTEMPATH/CodeIgniter.php(353): CodeIgniter\CodeIgniter->handleRequest(null, Object(Config\Cache), false)
 4 FCPATH/index.php(79): CodeIgniter\CodeIgniter->run()
WARNING - 2024-11-26 10:17:41 --> [DEPRECATED] Creation of dynamic property App\Controllers\Matches::$validation is deprecated in APPPATH/Controllers/BaseController.php on line 57.
 1 SYSTEMPATH/CodeIgniter.php(892): App\Controllers\BaseController->initController(Object(CodeIgniter\HTTP\IncomingRequest), Object(CodeIgniter\HTTP\Response), Object(CodeIgniter\Log\Logger))
 2 SYSTEMPATH/CodeIgniter.php(485): CodeIgniter\CodeIgniter->createController()
 3 SYSTEMPATH/CodeIgniter.php(353): CodeIgniter\CodeIgniter->handleRequest(null, Object(Config\Cache), false)
 4 FCPATH/index.php(79): CodeIgniter\CodeIgniter->run()
WARNING - 2024-11-26 10:22:05 --> [DEPRECATED] Creation of dynamic property App\Controllers\Cron\News::$validation is deprecated in APPPATH/Controllers/BaseController.php on line 57.
 1 SYSTEMPATH/CodeIgniter.php(892): App\Controllers\BaseController->initController(Object(CodeIgniter\HTTP\IncomingRequest), Object(CodeIgniter\HTTP\Response), Object(CodeIgniter\Log\Logger))
 2 SYSTEMPATH/CodeIgniter.php(485): CodeIgniter\CodeIgniter->createController()
 3 SYSTEMPATH/CodeIgniter.php(353): CodeIgniter\CodeIgniter->handleRequest(null, Object(Config\Cache), false)
 4 FCPATH/index.php(79): CodeIgniter\CodeIgniter->run()
WARNING - 2024-11-26 10:32:39 --> [DEPRECATED] Creation of dynamic property App\Controllers\Matches::$validation is deprecated in APPPATH/Controllers/BaseController.php on line 57.
 1 SYSTEMPATH/CodeIgniter.php(892): App\Controllers\BaseController->initController(Object(CodeIgniter\HTTP\IncomingRequest), Object(CodeIgniter\HTTP\Response), Object(CodeIgniter\Log\Logger))
 2 SYSTEMPATH/CodeIgniter.php(485): CodeIgniter\CodeIgniter->createController()
 3 SYSTEMPATH/CodeIgniter.php(353): CodeIgniter\CodeIgniter->handleRequest(null, Object(Config\Cache), false)
 4 FCPATH/index.php(79): CodeIgniter\CodeIgniter->run()
WARNING - 2024-11-26 10:32:39 --> [DEPRECATED] Creation of dynamic property App\Controllers\Cron\News::$validation is deprecated in APPPATH/Controllers/BaseController.php on line 57.
 1 SYSTEMPATH/CodeIgniter.php(892): App\Controllers\BaseController->initController(Object(CodeIgniter\HTTP\IncomingRequest), Object(CodeIgniter\HTTP\Response), Object(CodeIgniter\Log\Logger))
 2 SYSTEMPATH/CodeIgniter.php(485): CodeIgniter\CodeIgniter->createController()
 3 SYSTEMPATH/CodeIgniter.php(353): CodeIgniter\CodeIgniter->handleRequest(null, Object(Config\Cache), false)
 4 FCPATH/index.php(79): CodeIgniter\CodeIgniter->run()
WARNING - 2024-11-26 10:32:39 --> [DEPRECATED] Creation of dynamic property App\Controllers\Matches::$validation is deprecated in APPPATH/Controllers/BaseController.php on line 57.
 1 SYSTEMPATH/CodeIgniter.php(892): App\Controllers\BaseController->initController(Object(CodeIgniter\HTTP\IncomingRequest), Object(CodeIgniter\HTTP\Response), Object(CodeIgniter\Log\Logger))
 2 SYSTEMPATH/CodeIgniter.php(485): CodeIgniter\CodeIgniter->createController()
 3 SYSTEMPATH/CodeIgniter.php(353): CodeIgniter\CodeIgniter->handleRequest(null, Object(Config\Cache), false)
 4 FCPATH/index.php(79): CodeIgniter\CodeIgniter->run()
WARNING - 2024-11-26 10:32:39 --> [DEPRECATED] Creation of dynamic property App\Controllers\Matches::$validation is deprecated in APPPATH/Controllers/BaseController.php on line 57.
 1 SYSTEMPATH/CodeIgniter.php(892): App\Controllers\BaseController->initController(Object(CodeIgniter\HTTP\IncomingRequest), Object(CodeIgniter\HTTP\Response), Object(CodeIgniter\Log\Logger))
 2 SYSTEMPATH/CodeIgniter.php(485): CodeIgniter\CodeIgniter->createController()
 3 SYSTEMPATH/CodeIgniter.php(353): CodeIgniter\CodeIgniter->handleRequest(null, Object(Config\Cache), false)
 4 FCPATH/index.php(79): CodeIgniter\CodeIgniter->run()
WARNING - 2024-11-26 10:32:39 --> [DEPRECATED] Creation of dynamic property App\Controllers\Matches::$validation is deprecated in APPPATH/Controllers/BaseController.php on line 57.
 1 SYSTEMPATH/CodeIgniter.php(892): App\Controllers\BaseController->initController(Object(CodeIgniter\HTTP\IncomingRequest), Object(CodeIgniter\HTTP\Response), Object(CodeIgniter\Log\Logger))
 2 SYSTEMPATH/CodeIgniter.php(485): CodeIgniter\CodeIgniter->createController()
 3 SYSTEMPATH/CodeIgniter.php(353): CodeIgniter\CodeIgniter->handleRequest(null, Object(Config\Cache), false)
 4 FCPATH/index.php(79): CodeIgniter\CodeIgniter->run()
WARNING - 2024-11-26 10:32:40 --> [DEPRECATED] Creation of dynamic property App\Controllers\Matches::$validation is deprecated in APPPATH/Controllers/BaseController.php on line 57.
 1 SYSTEMPATH/CodeIgniter.php(892): App\Controllers\BaseController->initController(Object(CodeIgniter\HTTP\IncomingRequest), Object(CodeIgniter\HTTP\Response), Object(CodeIgniter\Log\Logger))
 2 SYSTEMPATH/CodeIgniter.php(485): CodeIgniter\CodeIgniter->createController()
 3 SYSTEMPATH/CodeIgniter.php(353): CodeIgniter\CodeIgniter->handleRequest(null, Object(Config\Cache), false)
 4 FCPATH/index.php(79): CodeIgniter\CodeIgniter->run()
WARNING - 2024-11-26 10:32:41 --> [DEPRECATED] Creation of dynamic property App\Controllers\Matches::$validation is deprecated in APPPATH/Controllers/BaseController.php on line 57.
 1 SYSTEMPATH/CodeIgniter.php(892): App\Controllers\BaseController->initController(Object(CodeIgniter\HTTP\IncomingRequest), Object(CodeIgniter\HTTP\Response), Object(CodeIgniter\Log\Logger))
 2 SYSTEMPATH/CodeIgniter.php(485): CodeIgniter\CodeIgniter->createController()
 3 SYSTEMPATH/CodeIgniter.php(353): CodeIgniter\CodeIgniter->handleRequest(null, Object(Config\Cache), false)
 4 FCPATH/index.php(79): CodeIgniter\CodeIgniter->run()
WARNING - 2024-11-26 10:32:49 --> [DEPRECATED] Creation of dynamic property App\Controllers\Matches::$validation is deprecated in APPPATH/Controllers/BaseController.php on line 57.
 1 SYSTEMPATH/CodeIgniter.php(892): App\Controllers\BaseController->initController(Object(CodeIgniter\HTTP\IncomingRequest), Object(CodeIgniter\HTTP\Response), Object(CodeIgniter\Log\Logger))
 2 SYSTEMPATH/CodeIgniter.php(485): CodeIgniter\CodeIgniter->createController()
 3 SYSTEMPATH/CodeIgniter.php(353): CodeIgniter\CodeIgniter->handleRequest(null, Object(Config\Cache), false)
 4 FCPATH/index.php(79): CodeIgniter\CodeIgniter->run()
WARNING - 2024-11-26 10:32:49 --> [DEPRECATED] Creation of dynamic property App\Controllers\Matches::$validation is deprecated in APPPATH/Controllers/BaseController.php on line 57.
 1 SYSTEMPATH/CodeIgniter.php(892): App\Controllers\BaseController->initController(Object(CodeIgniter\HTTP\IncomingRequest), Object(CodeIgniter\HTTP\Response), Object(CodeIgniter\Log\Logger))
 2 SYSTEMPATH/CodeIgniter.php(485): CodeIgniter\CodeIgniter->createController()
 3 SYSTEMPATH/CodeIgniter.php(353): CodeIgniter\CodeIgniter->handleRequest(null, Object(Config\Cache), false)
 4 FCPATH/index.php(79): CodeIgniter\CodeIgniter->run()
WARNING - 2024-11-26 10:32:49 --> [DEPRECATED] Creation of dynamic property App\Controllers\Cron\News::$validation is deprecated in APPPATH/Controllers/BaseController.php on line 57.
 1 SYSTEMPATH/CodeIgniter.php(892): App\Controllers\BaseController->initController(Object(CodeIgniter\HTTP\IncomingRequest), Object(CodeIgniter\HTTP\Response), Object(CodeIgniter\Log\Logger))
 2 SYSTEMPATH/CodeIgniter.php(485): CodeIgniter\CodeIgniter->createController()
 3 SYSTEMPATH/CodeIgniter.php(353): CodeIgniter\CodeIgniter->handleRequest(null, Object(Config\Cache), false)
 4 FCPATH/index.php(79): CodeIgniter\CodeIgniter->run()
WARNING - 2024-11-26 10:32:49 --> [DEPRECATED] Creation of dynamic property App\Controllers\Matches::$validation is deprecated in APPPATH/Controllers/BaseController.php on line 57.
 1 SYSTEMPATH/CodeIgniter.php(892): App\Controllers\BaseController->initController(Object(CodeIgniter\HTTP\IncomingRequest), Object(CodeIgniter\HTTP\Response), Object(CodeIgniter\Log\Logger))
 2 SYSTEMPATH/CodeIgniter.php(485): CodeIgniter\CodeIgniter->createController()
 3 SYSTEMPATH/CodeIgniter.php(353): CodeIgniter\CodeIgniter->handleRequest(null, Object(Config\Cache), false)
 4 FCPATH/index.php(79): CodeIgniter\CodeIgniter->run()
WARNING - 2024-11-26 10:32:49 --> [DEPRECATED] Creation of dynamic property App\Controllers\Matches::$validation is deprecated in APPPATH/Controllers/BaseController.php on line 57.
 1 SYSTEMPATH/CodeIgniter.php(892): App\Controllers\BaseController->initController(Object(CodeIgniter\HTTP\IncomingRequest), Object(CodeIgniter\HTTP\Response), Object(CodeIgniter\Log\Logger))
 2 SYSTEMPATH/CodeIgniter.php(485): CodeIgniter\CodeIgniter->createController()
 3 SYSTEMPATH/CodeIgniter.php(353): CodeIgniter\CodeIgniter->handleRequest(null, Object(Config\Cache), false)
 4 FCPATH/index.php(79): CodeIgniter\CodeIgniter->run()
WARNING - 2024-11-26 10:32:49 --> [DEPRECATED] Creation of dynamic property App\Controllers\Matches::$validation is deprecated in APPPATH/Controllers/BaseController.php on line 57.
 1 SYSTEMPATH/CodeIgniter.php(892): App\Controllers\BaseController->initController(Object(CodeIgniter\HTTP\IncomingRequest), Object(CodeIgniter\HTTP\Response), Object(CodeIgniter\Log\Logger))
 2 SYSTEMPATH/CodeIgniter.php(485): CodeIgniter\CodeIgniter->createController()
 3 SYSTEMPATH/CodeIgniter.php(353): CodeIgniter\CodeIgniter->handleRequest(null, Object(Config\Cache), false)
 4 FCPATH/index.php(79): CodeIgniter\CodeIgniter->run()
WARNING - 2024-11-26 10:32:50 --> [DEPRECATED] Creation of dynamic property App\Controllers\Matches::$validation is deprecated in APPPATH/Controllers/BaseController.php on line 57.
 1 SYSTEMPATH/CodeIgniter.php(892): App\Controllers\BaseController->initController(Object(CodeIgniter\HTTP\IncomingRequest), Object(CodeIgniter\HTTP\Response), Object(CodeIgniter\Log\Logger))
 2 SYSTEMPATH/CodeIgniter.php(485): CodeIgniter\CodeIgniter->createController()
 3 SYSTEMPATH/CodeIgniter.php(353): CodeIgniter\CodeIgniter->handleRequest(null, Object(Config\Cache), false)
 4 FCPATH/index.php(79): CodeIgniter\CodeIgniter->run()
WARNING - 2024-11-26 11:44:54 --> [DEPRECATED] Creation of dynamic property App\Controllers\Cron\News::$validation is deprecated in APPPATH/Controllers/BaseController.php on line 57.
 1 SYSTEMPATH/CodeIgniter.php(892): App\Controllers\BaseController->initController(Object(CodeIgniter\HTTP\IncomingRequest), Object(CodeIgniter\HTTP\Response), Object(CodeIgniter\Log\Logger))
 2 SYSTEMPATH/CodeIgniter.php(485): CodeIgniter\CodeIgniter->createController()
 3 SYSTEMPATH/CodeIgniter.php(353): CodeIgniter\CodeIgniter->handleRequest(null, Object(Config\Cache), false)
 4 FCPATH/index.php(79): CodeIgniter\CodeIgniter->run()
WARNING - 2024-11-26 12:10:35 --> [DEPRECATED] Creation of dynamic property App\Controllers\Cron\News::$validation is deprecated in APPPATH/Controllers/BaseController.php on line 57.
 1 SYSTEMPATH/CodeIgniter.php(892): App\Controllers\BaseController->initController(Object(CodeIgniter\HTTP\IncomingRequest), Object(CodeIgniter\HTTP\Response), Object(CodeIgniter\Log\Logger))
 2 SYSTEMPATH/CodeIgniter.php(485): CodeIgniter\CodeIgniter->createController()
 3 SYSTEMPATH/CodeIgniter.php(353): CodeIgniter\CodeIgniter->handleRequest(null, Object(Config\Cache), false)
 4 FCPATH/index.php(79): CodeIgniter\CodeIgniter->run()
WARNING - 2024-11-26 12:15:22 --> [DEPRECATED] Creation of dynamic property App\Controllers\Cron\News::$validation is deprecated in APPPATH/Controllers/BaseController.php on line 57.
 1 SYSTEMPATH/CodeIgniter.php(892): App\Controllers\BaseController->initController(Object(CodeIgniter\HTTP\IncomingRequest), Object(CodeIgniter\HTTP\Response), Object(CodeIgniter\Log\Logger))
 2 SYSTEMPATH/CodeIgniter.php(485): CodeIgniter\CodeIgniter->createController()
 3 SYSTEMPATH/CodeIgniter.php(353): CodeIgniter\CodeIgniter->handleRequest(null, Object(Config\Cache), false)
 4 FCPATH/index.php(79): CodeIgniter\CodeIgniter->run()
WARNING - 2024-11-26 12:30:32 --> [DEPRECATED] Creation of dynamic property App\Controllers\Cron\Matches::$validation is deprecated in APPPATH/Controllers/BaseController.php on line 57.
 1 SYSTEMPATH/CodeIgniter.php(892): App\Controllers\BaseController->initController(Object(CodeIgniter\HTTP\IncomingRequest), Object(CodeIgniter\HTTP\Response), Object(CodeIgniter\Log\Logger))
 2 SYSTEMPATH/CodeIgniter.php(485): CodeIgniter\CodeIgniter->createController()
 3 SYSTEMPATH/CodeIgniter.php(353): CodeIgniter\CodeIgniter->handleRequest(null, Object(Config\Cache), false)
 4 FCPATH/index.php(79): CodeIgniter\CodeIgniter->run()
WARNING - 2024-11-26 12:30:32 --> [DEPRECATED] Creation of dynamic property App\Controllers\Cron\Players::$validation is deprecated in APPPATH/Controllers/BaseController.php on line 57.
 1 SYSTEMPATH/CodeIgniter.php(892): App\Controllers\BaseController->initController(Object(CodeIgniter\HTTP\IncomingRequest), Object(CodeIgniter\HTTP\Response), Object(CodeIgniter\Log\Logger))
 2 SYSTEMPATH/CodeIgniter.php(485): CodeIgniter\CodeIgniter->createController()
 3 SYSTEMPATH/CodeIgniter.php(353): CodeIgniter\CodeIgniter->handleRequest(null, Object(Config\Cache), false)
 4 FCPATH/index.php(79): CodeIgniter\CodeIgniter->run()
WARNING - 2024-11-26 12:30:32 --> [DEPRECATED] Creation of dynamic property App\Models\UserModel::$userBankAccoTbl is deprecated in APPPATH/Models/UserModel.php on line 18.
 1 APPPATH/Controllers/Cron/Players.php(34): App\Models\UserModel->__construct()
 2 SYSTEMPATH/CodeIgniter.php(919): App\Controllers\Cron\Players->getMatchPlayers()
 3 SYSTEMPATH/CodeIgniter.php(494): CodeIgniter\CodeIgniter->runController(Object(App\Controllers\Cron\Players))
 4 SYSTEMPATH/CodeIgniter.php(353): CodeIgniter\CodeIgniter->handleRequest(null, Object(Config\Cache), false)
 5 FCPATH/index.php(79): CodeIgniter\CodeIgniter->run()
WARNING - 2024-11-26 12:40:04 --> [DEPRECATED] Creation of dynamic property App\Controllers\Cron\News::$validation is deprecated in APPPATH/Controllers/BaseController.php on line 57.
 1 SYSTEMPATH/CodeIgniter.php(892): App\Controllers\BaseController->initController(Object(CodeIgniter\HTTP\IncomingRequest), Object(CodeIgniter\HTTP\Response), Object(CodeIgniter\Log\Logger))
 2 SYSTEMPATH/CodeIgniter.php(485): CodeIgniter\CodeIgniter->createController()
 3 SYSTEMPATH/CodeIgniter.php(353): CodeIgniter\CodeIgniter->handleRequest(null, Object(Config\Cache), false)
 4 FCPATH/index.php(79): CodeIgniter\CodeIgniter->run()
WARNING - 2024-11-26 12:55:25 --> [DEPRECATED] Creation of dynamic property App\Controllers\Cron\News::$validation is deprecated in APPPATH/Controllers/BaseController.php on line 57.
 1 SYSTEMPATH/CodeIgniter.php(892): App\Controllers\BaseController->initController(Object(CodeIgniter\HTTP\IncomingRequest), Object(CodeIgniter\HTTP\Response), Object(CodeIgniter\Log\Logger))
 2 SYSTEMPATH/CodeIgniter.php(485): CodeIgniter\CodeIgniter->createController()
 3 SYSTEMPATH/CodeIgniter.php(353): CodeIgniter\CodeIgniter->handleRequest(null, Object(Config\Cache), false)
 4 FCPATH/index.php(79): CodeIgniter\CodeIgniter->run()
WARNING - 2024-11-26 14:25:28 --> [DEPRECATED] Creation of dynamic property App\Controllers\Cron\News::$validation is deprecated in APPPATH/Controllers/BaseController.php on line 57.
 1 SYSTEMPATH/CodeIgniter.php(892): App\Controllers\BaseController->initController(Object(CodeIgniter\HTTP\IncomingRequest), Object(CodeIgniter\HTTP\Response), Object(CodeIgniter\Log\Logger))
 2 SYSTEMPATH/CodeIgniter.php(485): CodeIgniter\CodeIgniter->createController()
 3 SYSTEMPATH/CodeIgniter.php(353): CodeIgniter\CodeIgniter->handleRequest(null, Object(Config\Cache), false)
 4 FCPATH/index.php(79): CodeIgniter\CodeIgniter->run()
WARNING - 2024-11-26 14:30:24 --> [DEPRECATED] Creation of dynamic property App\Controllers\Cron\News::$validation is deprecated in APPPATH/Controllers/BaseController.php on line 57.
 1 SYSTEMPATH/CodeIgniter.php(892): App\Controllers\BaseController->initController(Object(CodeIgniter\HTTP\IncomingRequest), Object(CodeIgniter\HTTP\Response), Object(CodeIgniter\Log\Logger))
 2 SYSTEMPATH/CodeIgniter.php(485): CodeIgniter\CodeIgniter->createController()
 3 SYSTEMPATH/CodeIgniter.php(353): CodeIgniter\CodeIgniter->handleRequest(null, Object(Config\Cache), false)
 4 FCPATH/index.php(79): CodeIgniter\CodeIgniter->run()
WARNING - 2024-11-26 15:23:01 --> [DEPRECATED] Creation of dynamic property App\Controllers\Cron\News::$validation is deprecated in APPPATH/Controllers/BaseController.php on line 57.
 1 SYSTEMPATH/CodeIgniter.php(892): App\Controllers\BaseController->initController(Object(CodeIgniter\HTTP\IncomingRequest), Object(CodeIgniter\HTTP\Response), Object(CodeIgniter\Log\Logger))
 2 SYSTEMPATH/CodeIgniter.php(485): CodeIgniter\CodeIgniter->createController()
 3 SYSTEMPATH/CodeIgniter.php(353): CodeIgniter\CodeIgniter->handleRequest(null, Object(Config\Cache), false)
 4 FCPATH/index.php(79): CodeIgniter\CodeIgniter->run()
WARNING - 2024-11-26 15:30:01 --> [DEPRECATED] Creation of dynamic property App\Controllers\Cron\Matches::$validation is deprecated in APPPATH/Controllers/BaseController.php on line 57.
 1 SYSTEMPATH/CodeIgniter.php(892): App\Controllers\BaseController->initController(Object(CodeIgniter\HTTP\IncomingRequest), Object(CodeIgniter\HTTP\Response), Object(CodeIgniter\Log\Logger))
 2 SYSTEMPATH/CodeIgniter.php(485): CodeIgniter\CodeIgniter->createController()
 3 SYSTEMPATH/CodeIgniter.php(353): CodeIgniter\CodeIgniter->handleRequest(null, Object(Config\Cache), false)
 4 FCPATH/index.php(79): CodeIgniter\CodeIgniter->run()
WARNING - 2024-11-26 15:30:01 --> [DEPRECATED] Creation of dynamic property App\Controllers\Cron\Players::$validation is deprecated in APPPATH/Controllers/BaseController.php on line 57.
 1 SYSTEMPATH/CodeIgniter.php(892): App\Controllers\BaseController->initController(Object(CodeIgniter\HTTP\IncomingRequest), Object(CodeIgniter\HTTP\Response), Object(CodeIgniter\Log\Logger))
 2 SYSTEMPATH/CodeIgniter.php(485): CodeIgniter\CodeIgniter->createController()
 3 SYSTEMPATH/CodeIgniter.php(353): CodeIgniter\CodeIgniter->handleRequest(null, Object(Config\Cache), false)
 4 FCPATH/index.php(79): CodeIgniter\CodeIgniter->run()
WARNING - 2024-11-26 15:30:01 --> [DEPRECATED] Creation of dynamic property App\Models\UserModel::$userBankAccoTbl is deprecated in APPPATH/Models/UserModel.php on line 18.
 1 APPPATH/Controllers/Cron/Players.php(34): App\Models\UserModel->__construct()
 2 SYSTEMPATH/CodeIgniter.php(919): App\Controllers\Cron\Players->getMatchPlayers()
 3 SYSTEMPATH/CodeIgniter.php(494): CodeIgniter\CodeIgniter->runController(Object(App\Controllers\Cron\Players))
 4 SYSTEMPATH/CodeIgniter.php(353): CodeIgniter\CodeIgniter->handleRequest(null, Object(Config\Cache), false)
 5 FCPATH/index.php(79): CodeIgniter\CodeIgniter->run()
WARNING - 2024-11-26 17:21:31 --> [DEPRECATED] Creation of dynamic property App\Controllers\Matches::$validation is deprecated in APPPATH/Controllers/BaseController.php on line 57.
 1 SYSTEMPATH/CodeIgniter.php(892): App\Controllers\BaseController->initController(Object(CodeIgniter\HTTP\IncomingRequest), Object(CodeIgniter\HTTP\Response), Object(CodeIgniter\Log\Logger))
 2 SYSTEMPATH/CodeIgniter.php(485): CodeIgniter\CodeIgniter->createController()
 3 SYSTEMPATH/CodeIgniter.php(353): CodeIgniter\CodeIgniter->handleRequest(null, Object(Config\Cache), false)
 4 FCPATH/index.php(79): CodeIgniter\CodeIgniter->run()
WARNING - 2024-11-26 17:21:31 --> [DEPRECATED] Creation of dynamic property App\Controllers\Cron\News::$validation is deprecated in APPPATH/Controllers/BaseController.php on line 57.
 1 SYSTEMPATH/CodeIgniter.php(892): App\Controllers\BaseController->initController(Object(CodeIgniter\HTTP\IncomingRequest), Object(CodeIgniter\HTTP\Response), Object(CodeIgniter\Log\Logger))
 2 SYSTEMPATH/CodeIgniter.php(485): CodeIgniter\CodeIgniter->createController()
 3 SYSTEMPATH/CodeIgniter.php(353): CodeIgniter\CodeIgniter->handleRequest(null, Object(Config\Cache), false)
 4 FCPATH/index.php(79): CodeIgniter\CodeIgniter->run()
WARNING - 2024-11-26 17:21:31 --> [DEPRECATED] Creation of dynamic property App\Controllers\Matches::$validation is deprecated in APPPATH/Controllers/BaseController.php on line 57.
 1 SYSTEMPATH/CodeIgniter.php(892): App\Controllers\BaseController->initController(Object(CodeIgniter\HTTP\IncomingRequest), Object(CodeIgniter\HTTP\Response), Object(CodeIgniter\Log\Logger))
 2 SYSTEMPATH/CodeIgniter.php(485): CodeIgniter\CodeIgniter->createController()
 3 SYSTEMPATH/CodeIgniter.php(353): CodeIgniter\CodeIgniter->handleRequest(null, Object(Config\Cache), false)
 4 FCPATH/index.php(79): CodeIgniter\CodeIgniter->run()
WARNING - 2024-11-26 17:21:32 --> [DEPRECATED] Creation of dynamic property App\Controllers\Matches::$validation is deprecated in APPPATH/Controllers/BaseController.php on line 57.
 1 SYSTEMPATH/CodeIgniter.php(892): App\Controllers\BaseController->initController(Object(CodeIgniter\HTTP\IncomingRequest), Object(CodeIgniter\HTTP\Response), Object(CodeIgniter\Log\Logger))
 2 SYSTEMPATH/CodeIgniter.php(485): CodeIgniter\CodeIgniter->createController()
 3 SYSTEMPATH/CodeIgniter.php(353): CodeIgniter\CodeIgniter->handleRequest(null, Object(Config\Cache), false)
 4 FCPATH/index.php(79): CodeIgniter\CodeIgniter->run()
WARNING - 2024-11-26 17:21:32 --> [DEPRECATED] Creation of dynamic property App\Controllers\Matches::$validation is deprecated in APPPATH/Controllers/BaseController.php on line 57.
 1 SYSTEMPATH/CodeIgniter.php(892): App\Controllers\BaseController->initController(Object(CodeIgniter\HTTP\IncomingRequest), Object(CodeIgniter\HTTP\Response), Object(CodeIgniter\Log\Logger))
 2 SYSTEMPATH/CodeIgniter.php(485): CodeIgniter\CodeIgniter->createController()
 3 SYSTEMPATH/CodeIgniter.php(353): CodeIgniter\CodeIgniter->handleRequest(null, Object(Config\Cache), false)
 4 FCPATH/index.php(79): CodeIgniter\CodeIgniter->run()
WARNING - 2024-11-26 17:21:32 --> [DEPRECATED] Creation of dynamic property App\Controllers\Matches::$validation is deprecated in APPPATH/Controllers/BaseController.php on line 57.
 1 SYSTEMPATH/CodeIgniter.php(892): App\Controllers\BaseController->initController(Object(CodeIgniter\HTTP\IncomingRequest), Object(CodeIgniter\HTTP\Response), Object(CodeIgniter\Log\Logger))
 2 SYSTEMPATH/CodeIgniter.php(485): CodeIgniter\CodeIgniter->createController()
 3 SYSTEMPATH/CodeIgniter.php(353): CodeIgniter\CodeIgniter->handleRequest(null, Object(Config\Cache), false)
 4 FCPATH/index.php(79): CodeIgniter\CodeIgniter->run()
WARNING - 2024-11-26 18:14:53 --> [DEPRECATED] Creation of dynamic property App\Controllers\Cron\News::$validation is deprecated in APPPATH/Controllers/BaseController.php on line 57.
 1 SYSTEMPATH/CodeIgniter.php(892): App\Controllers\BaseController->initController(Object(CodeIgniter\HTTP\IncomingRequest), Object(CodeIgniter\HTTP\Response), Object(CodeIgniter\Log\Logger))
 2 SYSTEMPATH/CodeIgniter.php(485): CodeIgniter\CodeIgniter->createController()
 3 SYSTEMPATH/CodeIgniter.php(353): CodeIgniter\CodeIgniter->handleRequest(null, Object(Config\Cache), false)
 4 FCPATH/index.php(79): CodeIgniter\CodeIgniter->run()
WARNING - 2024-11-26 18:30:01 --> [DEPRECATED] Creation of dynamic property App\Controllers\Cron\Matches::$validation is deprecated in APPPATH/Controllers/BaseController.php on line 57.
 1 SYSTEMPATH/CodeIgniter.php(892): App\Controllers\BaseController->initController(Object(CodeIgniter\HTTP\IncomingRequest), Object(CodeIgniter\HTTP\Response), Object(CodeIgniter\Log\Logger))
 2 SYSTEMPATH/CodeIgniter.php(485): CodeIgniter\CodeIgniter->createController()
 3 SYSTEMPATH/CodeIgniter.php(353): CodeIgniter\CodeIgniter->handleRequest(null, Object(Config\Cache), false)
 4 FCPATH/index.php(79): CodeIgniter\CodeIgniter->run()
WARNING - 2024-11-26 18:30:31 --> [DEPRECATED] Creation of dynamic property App\Controllers\Cron\Players::$validation is deprecated in APPPATH/Controllers/BaseController.php on line 57.
 1 SYSTEMPATH/CodeIgniter.php(892): App\Controllers\BaseController->initController(Object(CodeIgniter\HTTP\IncomingRequest), Object(CodeIgniter\HTTP\Response), Object(CodeIgniter\Log\Logger))
 2 SYSTEMPATH/CodeIgniter.php(485): CodeIgniter\CodeIgniter->createController()
 3 SYSTEMPATH/CodeIgniter.php(353): CodeIgniter\CodeIgniter->handleRequest(null, Object(Config\Cache), false)
 4 FCPATH/index.php(79): CodeIgniter\CodeIgniter->run()
WARNING - 2024-11-26 18:30:31 --> [DEPRECATED] Creation of dynamic property App\Controllers\Cron\Toss::$validation is deprecated in APPPATH/Controllers/BaseController.php on line 57.
 1 SYSTEMPATH/CodeIgniter.php(892): App\Controllers\BaseController->initController(Object(CodeIgniter\HTTP\IncomingRequest), Object(CodeIgniter\HTTP\Response), Object(CodeIgniter\Log\Logger))
 2 SYSTEMPATH/CodeIgniter.php(485): CodeIgniter\CodeIgniter->createController()
 3 SYSTEMPATH/CodeIgniter.php(353): CodeIgniter\CodeIgniter->handleRequest(null, Object(Config\Cache), false)
 4 FCPATH/index.php(79): CodeIgniter\CodeIgniter->run()
WARNING - 2024-11-26 18:30:32 --> [DEPRECATED] Creation of dynamic property App\Models\UserModel::$userBankAccoTbl is deprecated in APPPATH/Models/UserModel.php on line 18.
 1 APPPATH/Controllers/Cron/Players.php(34): App\Models\UserModel->__construct()
 2 SYSTEMPATH/CodeIgniter.php(919): App\Controllers\Cron\Players->getMatchPlayers()
 3 SYSTEMPATH/CodeIgniter.php(494): CodeIgniter\CodeIgniter->runController(Object(App\Controllers\Cron\Players))
 4 SYSTEMPATH/CodeIgniter.php(353): CodeIgniter\CodeIgniter->handleRequest(null, Object(Config\Cache), false)
 5 FCPATH/index.php(79): CodeIgniter\CodeIgniter->run()
WARNING - 2024-11-26 18:37:03 --> [DEPRECATED] Creation of dynamic property App\Controllers\Cron\News::$validation is deprecated in APPPATH/Controllers/BaseController.php on line 57.
 1 SYSTEMPATH/CodeIgniter.php(892): App\Controllers\BaseController->initController(Object(CodeIgniter\HTTP\IncomingRequest), Object(CodeIgniter\HTTP\Response), Object(CodeIgniter\Log\Logger))
 2 SYSTEMPATH/CodeIgniter.php(485): CodeIgniter\CodeIgniter->createController()
 3 SYSTEMPATH/CodeIgniter.php(353): CodeIgniter\CodeIgniter->handleRequest(null, Object(Config\Cache), false)
 4 FCPATH/index.php(79): CodeIgniter\CodeIgniter->run()
WARNING - 2024-11-26 20:15:08 --> [DEPRECATED] Creation of dynamic property App\Controllers\Cron\News::$validation is deprecated in APPPATH/Controllers/BaseController.php on line 57.
 1 SYSTEMPATH/CodeIgniter.php(892): App\Controllers\BaseController->initController(Object(CodeIgniter\HTTP\IncomingRequest), Object(CodeIgniter\HTTP\Response), Object(CodeIgniter\Log\Logger))
 2 SYSTEMPATH/CodeIgniter.php(485): CodeIgniter\CodeIgniter->createController()
 3 SYSTEMPATH/CodeIgniter.php(353): CodeIgniter\CodeIgniter->handleRequest(null, Object(Config\Cache), false)
 4 FCPATH/index.php(79): CodeIgniter\CodeIgniter->run()
WARNING - 2024-11-26 21:30:31 --> [DEPRECATED] Creation of dynamic property App\Controllers\Cron\Players::$validation is deprecated in APPPATH/Controllers/BaseController.php on line 57.
 1 SYSTEMPATH/CodeIgniter.php(892): App\Controllers\BaseController->initController(Object(CodeIgniter\HTTP\IncomingRequest), Object(CodeIgniter\HTTP\Response), Object(CodeIgniter\Log\Logger))
 2 SYSTEMPATH/CodeIgniter.php(485): CodeIgniter\CodeIgniter->createController()
 3 SYSTEMPATH/CodeIgniter.php(353): CodeIgniter\CodeIgniter->handleRequest(null, Object(Config\Cache), false)
 4 FCPATH/index.php(79): CodeIgniter\CodeIgniter->run()
WARNING - 2024-11-26 21:30:31 --> [DEPRECATED] Creation of dynamic property App\Controllers\Cron\Matches::$validation is deprecated in APPPATH/Controllers/BaseController.php on line 57.
 1 SYSTEMPATH/CodeIgniter.php(892): App\Controllers\BaseController->initController(Object(CodeIgniter\HTTP\IncomingRequest), Object(CodeIgniter\HTTP\Response), Object(CodeIgniter\Log\Logger))
 2 SYSTEMPATH/CodeIgniter.php(485): CodeIgniter\CodeIgniter->createController()
 3 SYSTEMPATH/CodeIgniter.php(353): CodeIgniter\CodeIgniter->handleRequest(null, Object(Config\Cache), false)
 4 FCPATH/index.php(79): CodeIgniter\CodeIgniter->run()
WARNING - 2024-11-26 21:30:31 --> [DEPRECATED] Creation of dynamic property App\Models\UserModel::$userBankAccoTbl is deprecated in APPPATH/Models/UserModel.php on line 18.
 1 APPPATH/Controllers/Cron/Players.php(34): App\Models\UserModel->__construct()
 2 SYSTEMPATH/CodeIgniter.php(919): App\Controllers\Cron\Players->getMatchPlayers()
 3 SYSTEMPATH/CodeIgniter.php(494): CodeIgniter\CodeIgniter->runController(Object(App\Controllers\Cron\Players))
 4 SYSTEMPATH/CodeIgniter.php(353): CodeIgniter\CodeIgniter->handleRequest(null, Object(Config\Cache), false)
 5 FCPATH/index.php(79): CodeIgniter\CodeIgniter->run()
WARNING - 2024-11-26 23:04:37 --> [DEPRECATED] Creation of dynamic property App\Controllers\Cron\News::$validation is deprecated in APPPATH/Controllers/BaseController.php on line 57.
 1 SYSTEMPATH/CodeIgniter.php(892): App\Controllers\BaseController->initController(Object(CodeIgniter\HTTP\IncomingRequest), Object(CodeIgniter\HTTP\Response), Object(CodeIgniter\Log\Logger))
 2 SYSTEMPATH/CodeIgniter.php(485): CodeIgniter\CodeIgniter->createController()
 3 SYSTEMPATH/CodeIgniter.php(353): CodeIgniter\CodeIgniter->handleRequest(null, Object(Config\Cache), false)
 4 FCPATH/index.php(79): CodeIgniter\CodeIgniter->run()
