WARNING - 2024-11-29 00:21:25 --> [DEPRECATED] Creation of dynamic property App\Controllers\Matches::$validation is deprecated in APPPATH/Controllers/BaseController.php on line 57.
 1 SYSTEMPATH/CodeIgniter.php(892): App\Controllers\BaseController->initController(Object(CodeIgniter\HTTP\IncomingRequest), Object(CodeIgniter\HTTP\Response), Object(CodeIgniter\Log\Logger))
 2 SYSTEMPATH/CodeIgniter.php(485): CodeIgniter\CodeIgniter->createController()
 3 SYSTEMPATH/CodeIgniter.php(353): CodeIgniter\CodeIgniter->handleRequest(null, Object(Config\Cache), false)
 4 FCPATH/index.php(79): CodeIgniter\CodeIgniter->run()
WARNING - 2024-11-29 00:21:25 --> [DEPRECATED] Creation of dynamic property App\Controllers\Matches::$validation is deprecated in APPPATH/Controllers/BaseController.php on line 57.
 1 SYSTEMPATH/CodeIgniter.php(892): App\Controllers\BaseController->initController(Object(CodeIgniter\HTTP\IncomingRequest), Object(CodeIgniter\HTTP\Response), Object(CodeIgniter\Log\Logger))
 2 SYSTEMPATH/CodeIgniter.php(485): CodeIgniter\CodeIgniter->createController()
 3 SYSTEMPATH/CodeIgniter.php(353): CodeIgniter\CodeIgniter->handleRequest(null, Object(Config\Cache), false)
 4 FCPATH/index.php(79): CodeIgniter\CodeIgniter->run()
WARNING - 2024-11-29 00:21:26 --> [DEPRECATED] Creation of dynamic property App\Controllers\Matches::$validation is deprecated in APPPATH/Controllers/BaseController.php on line 57.
 1 SYSTEMPATH/CodeIgniter.php(892): App\Controllers\BaseController->initController(Object(CodeIgniter\HTTP\IncomingRequest), Object(CodeIgniter\HTTP\Response), Object(CodeIgniter\Log\Logger))
 2 SYSTEMPATH/CodeIgniter.php(485): CodeIgniter\CodeIgniter->createController()
 3 SYSTEMPATH/CodeIgniter.php(353): CodeIgniter\CodeIgniter->handleRequest(null, Object(Config\Cache), false)
 4 FCPATH/index.php(79): CodeIgniter\CodeIgniter->run()
WARNING - 2024-11-29 00:21:26 --> [DEPRECATED] Creation of dynamic property App\Controllers\Cron\News::$validation is deprecated in APPPATH/Controllers/BaseController.php on line 57.
 1 SYSTEMPATH/CodeIgniter.php(892): App\Controllers\BaseController->initController(Object(CodeIgniter\HTTP\IncomingRequest), Object(CodeIgniter\HTTP\Response), Object(CodeIgniter\Log\Logger))
 2 SYSTEMPATH/CodeIgniter.php(485): CodeIgniter\CodeIgniter->createController()
 3 SYSTEMPATH/CodeIgniter.php(353): CodeIgniter\CodeIgniter->handleRequest(null, Object(Config\Cache), false)
 4 FCPATH/index.php(79): CodeIgniter\CodeIgniter->run()
WARNING - 2024-11-29 00:21:26 --> [DEPRECATED] Creation of dynamic property App\Controllers\Matches::$validation is deprecated in APPPATH/Controllers/BaseController.php on line 57.
 1 SYSTEMPATH/CodeIgniter.php(892): App\Controllers\BaseController->initController(Object(CodeIgniter\HTTP\IncomingRequest), Object(CodeIgniter\HTTP\Response), Object(CodeIgniter\Log\Logger))
 2 SYSTEMPATH/CodeIgniter.php(485): CodeIgniter\CodeIgniter->createController()
 3 SYSTEMPATH/CodeIgniter.php(353): CodeIgniter\CodeIgniter->handleRequest(null, Object(Config\Cache), false)
 4 FCPATH/index.php(79): CodeIgniter\CodeIgniter->run()
WARNING - 2024-11-29 00:21:26 --> [DEPRECATED] Creation of dynamic property App\Controllers\Matches::$validation is deprecated in APPPATH/Controllers/BaseController.php on line 57.
 1 SYSTEMPATH/CodeIgniter.php(892): App\Controllers\BaseController->initController(Object(CodeIgniter\HTTP\IncomingRequest), Object(CodeIgniter\HTTP\Response), Object(CodeIgniter\Log\Logger))
 2 SYSTEMPATH/CodeIgniter.php(485): CodeIgniter\CodeIgniter->createController()
 3 SYSTEMPATH/CodeIgniter.php(353): CodeIgniter\CodeIgniter->handleRequest(null, Object(Config\Cache), false)
 4 FCPATH/index.php(79): CodeIgniter\CodeIgniter->run()
WARNING - 2024-11-29 00:21:28 --> [DEPRECATED] Creation of dynamic property App\Controllers\Matches::$validation is deprecated in APPPATH/Controllers/BaseController.php on line 57.
 1 SYSTEMPATH/CodeIgniter.php(892): App\Controllers\BaseController->initController(Object(CodeIgniter\HTTP\IncomingRequest), Object(CodeIgniter\HTTP\Response), Object(CodeIgniter\Log\Logger))
 2 SYSTEMPATH/CodeIgniter.php(485): CodeIgniter\CodeIgniter->createController()
 3 SYSTEMPATH/CodeIgniter.php(353): CodeIgniter\CodeIgniter->handleRequest(null, Object(Config\Cache), false)
 4 FCPATH/index.php(79): CodeIgniter\CodeIgniter->run()
WARNING - 2024-11-29 00:30:32 --> [DEPRECATED] Creation of dynamic property App\Controllers\Cron\Matches::$validation is deprecated in APPPATH/Controllers/BaseController.php on line 57.
 1 SYSTEMPATH/CodeIgniter.php(892): App\Controllers\BaseController->initController(Object(CodeIgniter\HTTP\IncomingRequest), Object(CodeIgniter\HTTP\Response), Object(CodeIgniter\Log\Logger))
 2 SYSTEMPATH/CodeIgniter.php(485): CodeIgniter\CodeIgniter->createController()
 3 SYSTEMPATH/CodeIgniter.php(353): CodeIgniter\CodeIgniter->handleRequest(null, Object(Config\Cache), false)
 4 FCPATH/index.php(79): CodeIgniter\CodeIgniter->run()
WARNING - 2024-11-29 00:30:32 --> [DEPRECATED] Creation of dynamic property App\Controllers\Cron\Players::$validation is deprecated in APPPATH/Controllers/BaseController.php on line 57.
 1 SYSTEMPATH/CodeIgniter.php(892): App\Controllers\BaseController->initController(Object(CodeIgniter\HTTP\IncomingRequest), Object(CodeIgniter\HTTP\Response), Object(CodeIgniter\Log\Logger))
 2 SYSTEMPATH/CodeIgniter.php(485): CodeIgniter\CodeIgniter->createController()
 3 SYSTEMPATH/CodeIgniter.php(353): CodeIgniter\CodeIgniter->handleRequest(null, Object(Config\Cache), false)
 4 FCPATH/index.php(79): CodeIgniter\CodeIgniter->run()
WARNING - 2024-11-29 00:30:32 --> [DEPRECATED] Creation of dynamic property App\Models\UserModel::$userBankAccoTbl is deprecated in APPPATH/Models/UserModel.php on line 18.
 1 APPPATH/Controllers/Cron/Players.php(34): App\Models\UserModel->__construct()
 2 SYSTEMPATH/CodeIgniter.php(919): App\Controllers\Cron\Players->getMatchPlayers()
 3 SYSTEMPATH/CodeIgniter.php(494): CodeIgniter\CodeIgniter->runController(Object(App\Controllers\Cron\Players))
 4 SYSTEMPATH/CodeIgniter.php(353): CodeIgniter\CodeIgniter->handleRequest(null, Object(Config\Cache), false)
 5 FCPATH/index.php(79): CodeIgniter\CodeIgniter->run()
WARNING - 2024-11-29 03:30:32 --> [DEPRECATED] Creation of dynamic property App\Controllers\Cron\Players::$validation is deprecated in APPPATH/Controllers/BaseController.php on line 57.
 1 SYSTEMPATH/CodeIgniter.php(892): App\Controllers\BaseController->initController(Object(CodeIgniter\HTTP\IncomingRequest), Object(CodeIgniter\HTTP\Response), Object(CodeIgniter\Log\Logger))
 2 SYSTEMPATH/CodeIgniter.php(485): CodeIgniter\CodeIgniter->createController()
 3 SYSTEMPATH/CodeIgniter.php(353): CodeIgniter\CodeIgniter->handleRequest(null, Object(Config\Cache), false)
 4 FCPATH/index.php(79): CodeIgniter\CodeIgniter->run()
WARNING - 2024-11-29 03:30:32 --> [DEPRECATED] Creation of dynamic property App\Controllers\Cron\Matches::$validation is deprecated in APPPATH/Controllers/BaseController.php on line 57.
 1 SYSTEMPATH/CodeIgniter.php(892): App\Controllers\BaseController->initController(Object(CodeIgniter\HTTP\IncomingRequest), Object(CodeIgniter\HTTP\Response), Object(CodeIgniter\Log\Logger))
 2 SYSTEMPATH/CodeIgniter.php(485): CodeIgniter\CodeIgniter->createController()
 3 SYSTEMPATH/CodeIgniter.php(353): CodeIgniter\CodeIgniter->handleRequest(null, Object(Config\Cache), false)
 4 FCPATH/index.php(79): CodeIgniter\CodeIgniter->run()
WARNING - 2024-11-29 03:30:32 --> [DEPRECATED] Creation of dynamic property App\Models\UserModel::$userBankAccoTbl is deprecated in APPPATH/Models/UserModel.php on line 18.
 1 APPPATH/Controllers/Cron/Players.php(34): App\Models\UserModel->__construct()
 2 SYSTEMPATH/CodeIgniter.php(919): App\Controllers\Cron\Players->getMatchPlayers()
 3 SYSTEMPATH/CodeIgniter.php(494): CodeIgniter\CodeIgniter->runController(Object(App\Controllers\Cron\Players))
 4 SYSTEMPATH/CodeIgniter.php(353): CodeIgniter\CodeIgniter->handleRequest(null, Object(Config\Cache), false)
 5 FCPATH/index.php(79): CodeIgniter\CodeIgniter->run()
WARNING - 2024-11-29 04:48:39 --> [DEPRECATED] Creation of dynamic property App\Controllers\Matches::$validation is deprecated in APPPATH/Controllers/BaseController.php on line 57.
 1 SYSTEMPATH/CodeIgniter.php(892): App\Controllers\BaseController->initController(Object(CodeIgniter\HTTP\IncomingRequest), Object(CodeIgniter\HTTP\Response), Object(CodeIgniter\Log\Logger))
 2 SYSTEMPATH/CodeIgniter.php(485): CodeIgniter\CodeIgniter->createController()
 3 SYSTEMPATH/CodeIgniter.php(353): CodeIgniter\CodeIgniter->handleRequest(null, Object(Config\Cache), false)
 4 FCPATH/index.php(79): CodeIgniter\CodeIgniter->run()
WARNING - 2024-11-29 04:48:39 --> [DEPRECATED] Creation of dynamic property App\Controllers\Matches::$validation is deprecated in APPPATH/Controllers/BaseController.php on line 57.
 1 SYSTEMPATH/CodeIgniter.php(892): App\Controllers\BaseController->initController(Object(CodeIgniter\HTTP\IncomingRequest), Object(CodeIgniter\HTTP\Response), Object(CodeIgniter\Log\Logger))
 2 SYSTEMPATH/CodeIgniter.php(485): CodeIgniter\CodeIgniter->createController()
 3 SYSTEMPATH/CodeIgniter.php(353): CodeIgniter\CodeIgniter->handleRequest(null, Object(Config\Cache), false)
 4 FCPATH/index.php(79): CodeIgniter\CodeIgniter->run()
WARNING - 2024-11-29 04:48:39 --> [DEPRECATED] Creation of dynamic property App\Controllers\Cron\News::$validation is deprecated in APPPATH/Controllers/BaseController.php on line 57.
 1 SYSTEMPATH/CodeIgniter.php(892): App\Controllers\BaseController->initController(Object(CodeIgniter\HTTP\IncomingRequest), Object(CodeIgniter\HTTP\Response), Object(CodeIgniter\Log\Logger))
 2 SYSTEMPATH/CodeIgniter.php(485): CodeIgniter\CodeIgniter->createController()
 3 SYSTEMPATH/CodeIgniter.php(353): CodeIgniter\CodeIgniter->handleRequest(null, Object(Config\Cache), false)
 4 FCPATH/index.php(79): CodeIgniter\CodeIgniter->run()
WARNING - 2024-11-29 04:48:39 --> [DEPRECATED] Creation of dynamic property App\Controllers\Matches::$validation is deprecated in APPPATH/Controllers/BaseController.php on line 57.
 1 SYSTEMPATH/CodeIgniter.php(892): App\Controllers\BaseController->initController(Object(CodeIgniter\HTTP\IncomingRequest), Object(CodeIgniter\HTTP\Response), Object(CodeIgniter\Log\Logger))
 2 SYSTEMPATH/CodeIgniter.php(485): CodeIgniter\CodeIgniter->createController()
 3 SYSTEMPATH/CodeIgniter.php(353): CodeIgniter\CodeIgniter->handleRequest(null, Object(Config\Cache), false)
 4 FCPATH/index.php(79): CodeIgniter\CodeIgniter->run()
WARNING - 2024-11-29 04:48:39 --> [DEPRECATED] Creation of dynamic property App\Controllers\Matches::$validation is deprecated in APPPATH/Controllers/BaseController.php on line 57.
 1 SYSTEMPATH/CodeIgniter.php(892): App\Controllers\BaseController->initController(Object(CodeIgniter\HTTP\IncomingRequest), Object(CodeIgniter\HTTP\Response), Object(CodeIgniter\Log\Logger))
 2 SYSTEMPATH/CodeIgniter.php(485): CodeIgniter\CodeIgniter->createController()
 3 SYSTEMPATH/CodeIgniter.php(353): CodeIgniter\CodeIgniter->handleRequest(null, Object(Config\Cache), false)
 4 FCPATH/index.php(79): CodeIgniter\CodeIgniter->run()
WARNING - 2024-11-29 04:48:39 --> [DEPRECATED] Creation of dynamic property App\Controllers\Matches::$validation is deprecated in APPPATH/Controllers/BaseController.php on line 57.
 1 SYSTEMPATH/CodeIgniter.php(892): App\Controllers\BaseController->initController(Object(CodeIgniter\HTTP\IncomingRequest), Object(CodeIgniter\HTTP\Response), Object(CodeIgniter\Log\Logger))
 2 SYSTEMPATH/CodeIgniter.php(485): CodeIgniter\CodeIgniter->createController()
 3 SYSTEMPATH/CodeIgniter.php(353): CodeIgniter\CodeIgniter->handleRequest(null, Object(Config\Cache), false)
 4 FCPATH/index.php(79): CodeIgniter\CodeIgniter->run()
WARNING - 2024-11-29 04:48:41 --> [DEPRECATED] Creation of dynamic property App\Controllers\Matches::$validation is deprecated in APPPATH/Controllers/BaseController.php on line 57.
 1 SYSTEMPATH/CodeIgniter.php(892): App\Controllers\BaseController->initController(Object(CodeIgniter\HTTP\IncomingRequest), Object(CodeIgniter\HTTP\Response), Object(CodeIgniter\Log\Logger))
 2 SYSTEMPATH/CodeIgniter.php(485): CodeIgniter\CodeIgniter->createController()
 3 SYSTEMPATH/CodeIgniter.php(353): CodeIgniter\CodeIgniter->handleRequest(null, Object(Config\Cache), false)
 4 FCPATH/index.php(79): CodeIgniter\CodeIgniter->run()
WARNING - 2024-11-29 05:26:58 --> [DEPRECATED] Creation of dynamic property App\Controllers\Matches::$validation is deprecated in APPPATH/Controllers/BaseController.php on line 57.
 1 SYSTEMPATH/CodeIgniter.php(892): App\Controllers\BaseController->initController(Object(CodeIgniter\HTTP\IncomingRequest), Object(CodeIgniter\HTTP\Response), Object(CodeIgniter\Log\Logger))
 2 SYSTEMPATH/CodeIgniter.php(485): CodeIgniter\CodeIgniter->createController()
 3 SYSTEMPATH/CodeIgniter.php(353): CodeIgniter\CodeIgniter->handleRequest(null, Object(Config\Cache), false)
 4 FCPATH/index.php(79): CodeIgniter\CodeIgniter->run()
WARNING - 2024-11-29 05:26:58 --> [DEPRECATED] Creation of dynamic property App\Controllers\Cron\News::$validation is deprecated in APPPATH/Controllers/BaseController.php on line 57.
 1 SYSTEMPATH/CodeIgniter.php(892): App\Controllers\BaseController->initController(Object(CodeIgniter\HTTP\IncomingRequest), Object(CodeIgniter\HTTP\Response), Object(CodeIgniter\Log\Logger))
 2 SYSTEMPATH/CodeIgniter.php(485): CodeIgniter\CodeIgniter->createController()
 3 SYSTEMPATH/CodeIgniter.php(353): CodeIgniter\CodeIgniter->handleRequest(null, Object(Config\Cache), false)
 4 FCPATH/index.php(79): CodeIgniter\CodeIgniter->run()
WARNING - 2024-11-29 05:26:58 --> [DEPRECATED] Creation of dynamic property App\Controllers\Matches::$validation is deprecated in APPPATH/Controllers/BaseController.php on line 57.
 1 SYSTEMPATH/CodeIgniter.php(892): App\Controllers\BaseController->initController(Object(CodeIgniter\HTTP\IncomingRequest), Object(CodeIgniter\HTTP\Response), Object(CodeIgniter\Log\Logger))
 2 SYSTEMPATH/CodeIgniter.php(485): CodeIgniter\CodeIgniter->createController()
 3 SYSTEMPATH/CodeIgniter.php(353): CodeIgniter\CodeIgniter->handleRequest(null, Object(Config\Cache), false)
 4 FCPATH/index.php(79): CodeIgniter\CodeIgniter->run()
WARNING - 2024-11-29 05:26:58 --> [DEPRECATED] Creation of dynamic property App\Controllers\Matches::$validation is deprecated in APPPATH/Controllers/BaseController.php on line 57.
 1 SYSTEMPATH/CodeIgniter.php(892): App\Controllers\BaseController->initController(Object(CodeIgniter\HTTP\IncomingRequest), Object(CodeIgniter\HTTP\Response), Object(CodeIgniter\Log\Logger))
 2 SYSTEMPATH/CodeIgniter.php(485): CodeIgniter\CodeIgniter->createController()
 3 SYSTEMPATH/CodeIgniter.php(353): CodeIgniter\CodeIgniter->handleRequest(null, Object(Config\Cache), false)
 4 FCPATH/index.php(79): CodeIgniter\CodeIgniter->run()
WARNING - 2024-11-29 05:26:58 --> [DEPRECATED] Creation of dynamic property App\Controllers\Matches::$validation is deprecated in APPPATH/Controllers/BaseController.php on line 57.
 1 SYSTEMPATH/CodeIgniter.php(892): App\Controllers\BaseController->initController(Object(CodeIgniter\HTTP\IncomingRequest), Object(CodeIgniter\HTTP\Response), Object(CodeIgniter\Log\Logger))
 2 SYSTEMPATH/CodeIgniter.php(485): CodeIgniter\CodeIgniter->createController()
 3 SYSTEMPATH/CodeIgniter.php(353): CodeIgniter\CodeIgniter->handleRequest(null, Object(Config\Cache), false)
 4 FCPATH/index.php(79): CodeIgniter\CodeIgniter->run()
WARNING - 2024-11-29 05:26:59 --> [DEPRECATED] Creation of dynamic property App\Controllers\Matches::$validation is deprecated in APPPATH/Controllers/BaseController.php on line 57.
 1 SYSTEMPATH/CodeIgniter.php(892): App\Controllers\BaseController->initController(Object(CodeIgniter\HTTP\IncomingRequest), Object(CodeIgniter\HTTP\Response), Object(CodeIgniter\Log\Logger))
 2 SYSTEMPATH/CodeIgniter.php(485): CodeIgniter\CodeIgniter->createController()
 3 SYSTEMPATH/CodeIgniter.php(353): CodeIgniter\CodeIgniter->handleRequest(null, Object(Config\Cache), false)
 4 FCPATH/index.php(79): CodeIgniter\CodeIgniter->run()
WARNING - 2024-11-29 05:56:03 --> [DEPRECATED] Creation of dynamic property App\Controllers\Cron\News::$validation is deprecated in APPPATH/Controllers/BaseController.php on line 57.
 1 SYSTEMPATH/CodeIgniter.php(892): App\Controllers\BaseController->initController(Object(CodeIgniter\HTTP\IncomingRequest), Object(CodeIgniter\HTTP\Response), Object(CodeIgniter\Log\Logger))
 2 SYSTEMPATH/CodeIgniter.php(485): CodeIgniter\CodeIgniter->createController()
 3 SYSTEMPATH/CodeIgniter.php(353): CodeIgniter\CodeIgniter->handleRequest(null, Object(Config\Cache), false)
 4 FCPATH/index.php(79): CodeIgniter\CodeIgniter->run()
WARNING - 2024-11-29 05:56:03 --> [DEPRECATED] Creation of dynamic property App\Controllers\Matches::$validation is deprecated in APPPATH/Controllers/BaseController.php on line 57.
 1 SYSTEMPATH/CodeIgniter.php(892): App\Controllers\BaseController->initController(Object(CodeIgniter\HTTP\IncomingRequest), Object(CodeIgniter\HTTP\Response), Object(CodeIgniter\Log\Logger))
 2 SYSTEMPATH/CodeIgniter.php(485): CodeIgniter\CodeIgniter->createController()
 3 SYSTEMPATH/CodeIgniter.php(353): CodeIgniter\CodeIgniter->handleRequest(null, Object(Config\Cache), false)
 4 FCPATH/index.php(79): CodeIgniter\CodeIgniter->run()
WARNING - 2024-11-29 05:56:03 --> [DEPRECATED] Creation of dynamic property App\Controllers\Matches::$validation is deprecated in APPPATH/Controllers/BaseController.php on line 57.
 1 SYSTEMPATH/CodeIgniter.php(892): App\Controllers\BaseController->initController(Object(CodeIgniter\HTTP\IncomingRequest), Object(CodeIgniter\HTTP\Response), Object(CodeIgniter\Log\Logger))
 2 SYSTEMPATH/CodeIgniter.php(485): CodeIgniter\CodeIgniter->createController()
 3 SYSTEMPATH/CodeIgniter.php(353): CodeIgniter\CodeIgniter->handleRequest(null, Object(Config\Cache), false)
 4 FCPATH/index.php(79): CodeIgniter\CodeIgniter->run()
WARNING - 2024-11-29 06:07:01 --> [DEPRECATED] Creation of dynamic property App\Controllers\Matches::$validation is deprecated in APPPATH/Controllers/BaseController.php on line 57.
 1 SYSTEMPATH/CodeIgniter.php(892): App\Controllers\BaseController->initController(Object(CodeIgniter\HTTP\IncomingRequest), Object(CodeIgniter\HTTP\Response), Object(CodeIgniter\Log\Logger))
 2 SYSTEMPATH/CodeIgniter.php(485): CodeIgniter\CodeIgniter->createController()
 3 SYSTEMPATH/CodeIgniter.php(353): CodeIgniter\CodeIgniter->handleRequest(null, Object(Config\Cache), false)
 4 FCPATH/index.php(79): CodeIgniter\CodeIgniter->run()
WARNING - 2024-11-29 06:07:01 --> [DEPRECATED] Creation of dynamic property App\Controllers\Matches::$validation is deprecated in APPPATH/Controllers/BaseController.php on line 57.
 1 SYSTEMPATH/CodeIgniter.php(892): App\Controllers\BaseController->initController(Object(CodeIgniter\HTTP\IncomingRequest), Object(CodeIgniter\HTTP\Response), Object(CodeIgniter\Log\Logger))
 2 SYSTEMPATH/CodeIgniter.php(485): CodeIgniter\CodeIgniter->createController()
 3 SYSTEMPATH/CodeIgniter.php(353): CodeIgniter\CodeIgniter->handleRequest(null, Object(Config\Cache), false)
 4 FCPATH/index.php(79): CodeIgniter\CodeIgniter->run()
WARNING - 2024-11-29 06:07:01 --> [DEPRECATED] Creation of dynamic property App\Controllers\Cron\News::$validation is deprecated in APPPATH/Controllers/BaseController.php on line 57.
 1 SYSTEMPATH/CodeIgniter.php(892): App\Controllers\BaseController->initController(Object(CodeIgniter\HTTP\IncomingRequest), Object(CodeIgniter\HTTP\Response), Object(CodeIgniter\Log\Logger))
 2 SYSTEMPATH/CodeIgniter.php(485): CodeIgniter\CodeIgniter->createController()
 3 SYSTEMPATH/CodeIgniter.php(353): CodeIgniter\CodeIgniter->handleRequest(null, Object(Config\Cache), false)
 4 FCPATH/index.php(79): CodeIgniter\CodeIgniter->run()
WARNING - 2024-11-29 06:07:01 --> [DEPRECATED] Creation of dynamic property App\Controllers\Matches::$validation is deprecated in APPPATH/Controllers/BaseController.php on line 57.
 1 SYSTEMPATH/CodeIgniter.php(892): App\Controllers\BaseController->initController(Object(CodeIgniter\HTTP\IncomingRequest), Object(CodeIgniter\HTTP\Response), Object(CodeIgniter\Log\Logger))
 2 SYSTEMPATH/CodeIgniter.php(485): CodeIgniter\CodeIgniter->createController()
 3 SYSTEMPATH/CodeIgniter.php(353): CodeIgniter\CodeIgniter->handleRequest(null, Object(Config\Cache), false)
 4 FCPATH/index.php(79): CodeIgniter\CodeIgniter->run()
WARNING - 2024-11-29 06:07:02 --> [DEPRECATED] Creation of dynamic property App\Controllers\Matches::$validation is deprecated in APPPATH/Controllers/BaseController.php on line 57.
 1 SYSTEMPATH/CodeIgniter.php(892): App\Controllers\BaseController->initController(Object(CodeIgniter\HTTP\IncomingRequest), Object(CodeIgniter\HTTP\Response), Object(CodeIgniter\Log\Logger))
 2 SYSTEMPATH/CodeIgniter.php(485): CodeIgniter\CodeIgniter->createController()
 3 SYSTEMPATH/CodeIgniter.php(353): CodeIgniter\CodeIgniter->handleRequest(null, Object(Config\Cache), false)
 4 FCPATH/index.php(79): CodeIgniter\CodeIgniter->run()
WARNING - 2024-11-29 06:07:02 --> [DEPRECATED] Creation of dynamic property App\Controllers\Matches::$validation is deprecated in APPPATH/Controllers/BaseController.php on line 57.
 1 SYSTEMPATH/CodeIgniter.php(892): App\Controllers\BaseController->initController(Object(CodeIgniter\HTTP\IncomingRequest), Object(CodeIgniter\HTTP\Response), Object(CodeIgniter\Log\Logger))
 2 SYSTEMPATH/CodeIgniter.php(485): CodeIgniter\CodeIgniter->createController()
 3 SYSTEMPATH/CodeIgniter.php(353): CodeIgniter\CodeIgniter->handleRequest(null, Object(Config\Cache), false)
 4 FCPATH/index.php(79): CodeIgniter\CodeIgniter->run()
WARNING - 2024-11-29 06:30:02 --> [DEPRECATED] Creation of dynamic property App\Controllers\Cron\Players::$validation is deprecated in APPPATH/Controllers/BaseController.php on line 57.
 1 SYSTEMPATH/CodeIgniter.php(892): App\Controllers\BaseController->initController(Object(CodeIgniter\HTTP\IncomingRequest), Object(CodeIgniter\HTTP\Response), Object(CodeIgniter\Log\Logger))
 2 SYSTEMPATH/CodeIgniter.php(485): CodeIgniter\CodeIgniter->createController()
 3 SYSTEMPATH/CodeIgniter.php(353): CodeIgniter\CodeIgniter->handleRequest(null, Object(Config\Cache), false)
 4 FCPATH/index.php(79): CodeIgniter\CodeIgniter->run()
WARNING - 2024-11-29 06:30:02 --> [DEPRECATED] Creation of dynamic property App\Models\UserModel::$userBankAccoTbl is deprecated in APPPATH/Models/UserModel.php on line 18.
 1 APPPATH/Controllers/Cron/Players.php(34): App\Models\UserModel->__construct()
 2 SYSTEMPATH/CodeIgniter.php(919): App\Controllers\Cron\Players->getMatchPlayers()
 3 SYSTEMPATH/CodeIgniter.php(494): CodeIgniter\CodeIgniter->runController(Object(App\Controllers\Cron\Players))
 4 SYSTEMPATH/CodeIgniter.php(353): CodeIgniter\CodeIgniter->handleRequest(null, Object(Config\Cache), false)
 5 FCPATH/index.php(79): CodeIgniter\CodeIgniter->run()
WARNING - 2024-11-29 06:30:32 --> [DEPRECATED] Creation of dynamic property App\Controllers\Cron\Toss::$validation is deprecated in APPPATH/Controllers/BaseController.php on line 57.
 1 SYSTEMPATH/CodeIgniter.php(892): App\Controllers\BaseController->initController(Object(CodeIgniter\HTTP\IncomingRequest), Object(CodeIgniter\HTTP\Response), Object(CodeIgniter\Log\Logger))
 2 SYSTEMPATH/CodeIgniter.php(485): CodeIgniter\CodeIgniter->createController()
 3 SYSTEMPATH/CodeIgniter.php(353): CodeIgniter\CodeIgniter->handleRequest(null, Object(Config\Cache), false)
 4 FCPATH/index.php(79): CodeIgniter\CodeIgniter->run()
WARNING - 2024-11-29 06:30:32 --> [DEPRECATED] Creation of dynamic property App\Controllers\Cron\Matches::$validation is deprecated in APPPATH/Controllers/BaseController.php on line 57.
 1 SYSTEMPATH/CodeIgniter.php(892): App\Controllers\BaseController->initController(Object(CodeIgniter\HTTP\IncomingRequest), Object(CodeIgniter\HTTP\Response), Object(CodeIgniter\Log\Logger))
 2 SYSTEMPATH/CodeIgniter.php(485): CodeIgniter\CodeIgniter->createController()
 3 SYSTEMPATH/CodeIgniter.php(353): CodeIgniter\CodeIgniter->handleRequest(null, Object(Config\Cache), false)
 4 FCPATH/index.php(79): CodeIgniter\CodeIgniter->run()
WARNING - 2024-11-29 07:53:41 --> [DEPRECATED] Creation of dynamic property App\Controllers\Matches::$validation is deprecated in APPPATH/Controllers/BaseController.php on line 57.
 1 SYSTEMPATH/CodeIgniter.php(892): App\Controllers\BaseController->initController(Object(CodeIgniter\HTTP\IncomingRequest), Object(CodeIgniter\HTTP\Response), Object(CodeIgniter\Log\Logger))
 2 SYSTEMPATH/CodeIgniter.php(485): CodeIgniter\CodeIgniter->createController()
 3 SYSTEMPATH/CodeIgniter.php(353): CodeIgniter\CodeIgniter->handleRequest(null, Object(Config\Cache), false)
 4 FCPATH/index.php(79): CodeIgniter\CodeIgniter->run()
WARNING - 2024-11-29 07:53:41 --> [DEPRECATED] Creation of dynamic property App\Controllers\Matches::$validation is deprecated in APPPATH/Controllers/BaseController.php on line 57.
 1 SYSTEMPATH/CodeIgniter.php(892): App\Controllers\BaseController->initController(Object(CodeIgniter\HTTP\IncomingRequest), Object(CodeIgniter\HTTP\Response), Object(CodeIgniter\Log\Logger))
 2 SYSTEMPATH/CodeIgniter.php(485): CodeIgniter\CodeIgniter->createController()
 3 SYSTEMPATH/CodeIgniter.php(353): CodeIgniter\CodeIgniter->handleRequest(null, Object(Config\Cache), false)
 4 FCPATH/index.php(79): CodeIgniter\CodeIgniter->run()
WARNING - 2024-11-29 07:53:41 --> [DEPRECATED] Creation of dynamic property App\Controllers\Cron\News::$validation is deprecated in APPPATH/Controllers/BaseController.php on line 57.
 1 SYSTEMPATH/CodeIgniter.php(892): App\Controllers\BaseController->initController(Object(CodeIgniter\HTTP\IncomingRequest), Object(CodeIgniter\HTTP\Response), Object(CodeIgniter\Log\Logger))
 2 SYSTEMPATH/CodeIgniter.php(485): CodeIgniter\CodeIgniter->createController()
 3 SYSTEMPATH/CodeIgniter.php(353): CodeIgniter\CodeIgniter->handleRequest(null, Object(Config\Cache), false)
 4 FCPATH/index.php(79): CodeIgniter\CodeIgniter->run()
WARNING - 2024-11-29 07:53:42 --> [DEPRECATED] Creation of dynamic property App\Controllers\Matches::$validation is deprecated in APPPATH/Controllers/BaseController.php on line 57.
 1 SYSTEMPATH/CodeIgniter.php(892): App\Controllers\BaseController->initController(Object(CodeIgniter\HTTP\IncomingRequest), Object(CodeIgniter\HTTP\Response), Object(CodeIgniter\Log\Logger))
 2 SYSTEMPATH/CodeIgniter.php(485): CodeIgniter\CodeIgniter->createController()
 3 SYSTEMPATH/CodeIgniter.php(353): CodeIgniter\CodeIgniter->handleRequest(null, Object(Config\Cache), false)
 4 FCPATH/index.php(79): CodeIgniter\CodeIgniter->run()
WARNING - 2024-11-29 07:53:42 --> [DEPRECATED] Creation of dynamic property App\Controllers\Matches::$validation is deprecated in APPPATH/Controllers/BaseController.php on line 57.
 1 SYSTEMPATH/CodeIgniter.php(892): App\Controllers\BaseController->initController(Object(CodeIgniter\HTTP\IncomingRequest), Object(CodeIgniter\HTTP\Response), Object(CodeIgniter\Log\Logger))
 2 SYSTEMPATH/CodeIgniter.php(485): CodeIgniter\CodeIgniter->createController()
 3 SYSTEMPATH/CodeIgniter.php(353): CodeIgniter\CodeIgniter->handleRequest(null, Object(Config\Cache), false)
 4 FCPATH/index.php(79): CodeIgniter\CodeIgniter->run()
WARNING - 2024-11-29 07:53:42 --> [DEPRECATED] Creation of dynamic property App\Controllers\Matches::$validation is deprecated in APPPATH/Controllers/BaseController.php on line 57.
 1 SYSTEMPATH/CodeIgniter.php(892): App\Controllers\BaseController->initController(Object(CodeIgniter\HTTP\IncomingRequest), Object(CodeIgniter\HTTP\Response), Object(CodeIgniter\Log\Logger))
 2 SYSTEMPATH/CodeIgniter.php(485): CodeIgniter\CodeIgniter->createController()
 3 SYSTEMPATH/CodeIgniter.php(353): CodeIgniter\CodeIgniter->handleRequest(null, Object(Config\Cache), false)
 4 FCPATH/index.php(79): CodeIgniter\CodeIgniter->run()
WARNING - 2024-11-29 07:53:43 --> [DEPRECATED] Creation of dynamic property App\Controllers\Matches::$validation is deprecated in APPPATH/Controllers/BaseController.php on line 57.
 1 SYSTEMPATH/CodeIgniter.php(892): App\Controllers\BaseController->initController(Object(CodeIgniter\HTTP\IncomingRequest), Object(CodeIgniter\HTTP\Response), Object(CodeIgniter\Log\Logger))
 2 SYSTEMPATH/CodeIgniter.php(485): CodeIgniter\CodeIgniter->createController()
 3 SYSTEMPATH/CodeIgniter.php(353): CodeIgniter\CodeIgniter->handleRequest(null, Object(Config\Cache), false)
 4 FCPATH/index.php(79): CodeIgniter\CodeIgniter->run()
WARNING - 2024-11-29 07:54:37 --> [DEPRECATED] Creation of dynamic property App\Controllers\Matches::$validation is deprecated in APPPATH/Controllers/BaseController.php on line 57.
 1 SYSTEMPATH/CodeIgniter.php(892): App\Controllers\BaseController->initController(Object(CodeIgniter\HTTP\IncomingRequest), Object(CodeIgniter\HTTP\Response), Object(CodeIgniter\Log\Logger))
 2 SYSTEMPATH/CodeIgniter.php(485): CodeIgniter\CodeIgniter->createController()
 3 SYSTEMPATH/CodeIgniter.php(353): CodeIgniter\CodeIgniter->handleRequest(null, Object(Config\Cache), false)
 4 FCPATH/index.php(79): CodeIgniter\CodeIgniter->run()
WARNING - 2024-11-29 07:54:37 --> [DEPRECATED] Creation of dynamic property App\Controllers\Matches::$validation is deprecated in APPPATH/Controllers/BaseController.php on line 57.
 1 SYSTEMPATH/CodeIgniter.php(892): App\Controllers\BaseController->initController(Object(CodeIgniter\HTTP\IncomingRequest), Object(CodeIgniter\HTTP\Response), Object(CodeIgniter\Log\Logger))
 2 SYSTEMPATH/CodeIgniter.php(485): CodeIgniter\CodeIgniter->createController()
 3 SYSTEMPATH/CodeIgniter.php(353): CodeIgniter\CodeIgniter->handleRequest(null, Object(Config\Cache), false)
 4 FCPATH/index.php(79): CodeIgniter\CodeIgniter->run()
WARNING - 2024-11-29 07:54:37 --> [DEPRECATED] Creation of dynamic property App\Controllers\Cron\News::$validation is deprecated in APPPATH/Controllers/BaseController.php on line 57.
 1 SYSTEMPATH/CodeIgniter.php(892): App\Controllers\BaseController->initController(Object(CodeIgniter\HTTP\IncomingRequest), Object(CodeIgniter\HTTP\Response), Object(CodeIgniter\Log\Logger))
 2 SYSTEMPATH/CodeIgniter.php(485): CodeIgniter\CodeIgniter->createController()
 3 SYSTEMPATH/CodeIgniter.php(353): CodeIgniter\CodeIgniter->handleRequest(null, Object(Config\Cache), false)
 4 FCPATH/index.php(79): CodeIgniter\CodeIgniter->run()
WARNING - 2024-11-29 07:54:38 --> [DEPRECATED] Creation of dynamic property App\Controllers\Matches::$validation is deprecated in APPPATH/Controllers/BaseController.php on line 57.
 1 SYSTEMPATH/CodeIgniter.php(892): App\Controllers\BaseController->initController(Object(CodeIgniter\HTTP\IncomingRequest), Object(CodeIgniter\HTTP\Response), Object(CodeIgniter\Log\Logger))
 2 SYSTEMPATH/CodeIgniter.php(485): CodeIgniter\CodeIgniter->createController()
 3 SYSTEMPATH/CodeIgniter.php(353): CodeIgniter\CodeIgniter->handleRequest(null, Object(Config\Cache), false)
 4 FCPATH/index.php(79): CodeIgniter\CodeIgniter->run()
WARNING - 2024-11-29 07:54:38 --> [DEPRECATED] Creation of dynamic property App\Controllers\Matches::$validation is deprecated in APPPATH/Controllers/BaseController.php on line 57.
 1 SYSTEMPATH/CodeIgniter.php(892): App\Controllers\BaseController->initController(Object(CodeIgniter\HTTP\IncomingRequest), Object(CodeIgniter\HTTP\Response), Object(CodeIgniter\Log\Logger))
 2 SYSTEMPATH/CodeIgniter.php(485): CodeIgniter\CodeIgniter->createController()
 3 SYSTEMPATH/CodeIgniter.php(353): CodeIgniter\CodeIgniter->handleRequest(null, Object(Config\Cache), false)
 4 FCPATH/index.php(79): CodeIgniter\CodeIgniter->run()
WARNING - 2024-11-29 07:54:38 --> [DEPRECATED] Creation of dynamic property App\Controllers\Matches::$validation is deprecated in APPPATH/Controllers/BaseController.php on line 57.
 1 SYSTEMPATH/CodeIgniter.php(892): App\Controllers\BaseController->initController(Object(CodeIgniter\HTTP\IncomingRequest), Object(CodeIgniter\HTTP\Response), Object(CodeIgniter\Log\Logger))
 2 SYSTEMPATH/CodeIgniter.php(485): CodeIgniter\CodeIgniter->createController()
 3 SYSTEMPATH/CodeIgniter.php(353): CodeIgniter\CodeIgniter->handleRequest(null, Object(Config\Cache), false)
 4 FCPATH/index.php(79): CodeIgniter\CodeIgniter->run()
WARNING - 2024-11-29 07:54:42 --> [DEPRECATED] Creation of dynamic property App\Controllers\Cron\News::$validation is deprecated in APPPATH/Controllers/BaseController.php on line 57.
 1 SYSTEMPATH/CodeIgniter.php(892): App\Controllers\BaseController->initController(Object(CodeIgniter\HTTP\IncomingRequest), Object(CodeIgniter\HTTP\Response), Object(CodeIgniter\Log\Logger))
 2 SYSTEMPATH/CodeIgniter.php(485): CodeIgniter\CodeIgniter->createController()
 3 SYSTEMPATH/CodeIgniter.php(353): CodeIgniter\CodeIgniter->handleRequest(null, Object(Config\Cache), false)
 4 FCPATH/index.php(79): CodeIgniter\CodeIgniter->run()
WARNING - 2024-11-29 07:54:42 --> [DEPRECATED] Creation of dynamic property App\Controllers\Matches::$validation is deprecated in APPPATH/Controllers/BaseController.php on line 57.
 1 SYSTEMPATH/CodeIgniter.php(892): App\Controllers\BaseController->initController(Object(CodeIgniter\HTTP\IncomingRequest), Object(CodeIgniter\HTTP\Response), Object(CodeIgniter\Log\Logger))
 2 SYSTEMPATH/CodeIgniter.php(485): CodeIgniter\CodeIgniter->createController()
 3 SYSTEMPATH/CodeIgniter.php(353): CodeIgniter\CodeIgniter->handleRequest(null, Object(Config\Cache), false)
 4 FCPATH/index.php(79): CodeIgniter\CodeIgniter->run()
WARNING - 2024-11-29 07:54:42 --> [DEPRECATED] Creation of dynamic property App\Controllers\Matches::$validation is deprecated in APPPATH/Controllers/BaseController.php on line 57.
 1 SYSTEMPATH/CodeIgniter.php(892): App\Controllers\BaseController->initController(Object(CodeIgniter\HTTP\IncomingRequest), Object(CodeIgniter\HTTP\Response), Object(CodeIgniter\Log\Logger))
 2 SYSTEMPATH/CodeIgniter.php(485): CodeIgniter\CodeIgniter->createController()
 3 SYSTEMPATH/CodeIgniter.php(353): CodeIgniter\CodeIgniter->handleRequest(null, Object(Config\Cache), false)
 4 FCPATH/index.php(79): CodeIgniter\CodeIgniter->run()
WARNING - 2024-11-29 07:54:42 --> [DEPRECATED] Creation of dynamic property App\Controllers\Matches::$validation is deprecated in APPPATH/Controllers/BaseController.php on line 57.
 1 SYSTEMPATH/CodeIgniter.php(892): App\Controllers\BaseController->initController(Object(CodeIgniter\HTTP\IncomingRequest), Object(CodeIgniter\HTTP\Response), Object(CodeIgniter\Log\Logger))
 2 SYSTEMPATH/CodeIgniter.php(485): CodeIgniter\CodeIgniter->createController()
 3 SYSTEMPATH/CodeIgniter.php(353): CodeIgniter\CodeIgniter->handleRequest(null, Object(Config\Cache), false)
 4 FCPATH/index.php(79): CodeIgniter\CodeIgniter->run()
WARNING - 2024-11-29 07:54:42 --> [DEPRECATED] Creation of dynamic property App\Controllers\Matches::$validation is deprecated in APPPATH/Controllers/BaseController.php on line 57.
 1 SYSTEMPATH/CodeIgniter.php(892): App\Controllers\BaseController->initController(Object(CodeIgniter\HTTP\IncomingRequest), Object(CodeIgniter\HTTP\Response), Object(CodeIgniter\Log\Logger))
 2 SYSTEMPATH/CodeIgniter.php(485): CodeIgniter\CodeIgniter->createController()
 3 SYSTEMPATH/CodeIgniter.php(353): CodeIgniter\CodeIgniter->handleRequest(null, Object(Config\Cache), false)
 4 FCPATH/index.php(79): CodeIgniter\CodeIgniter->run()
WARNING - 2024-11-29 07:54:43 --> [DEPRECATED] Creation of dynamic property App\Controllers\Matches::$validation is deprecated in APPPATH/Controllers/BaseController.php on line 57.
 1 SYSTEMPATH/CodeIgniter.php(892): App\Controllers\BaseController->initController(Object(CodeIgniter\HTTP\IncomingRequest), Object(CodeIgniter\HTTP\Response), Object(CodeIgniter\Log\Logger))
 2 SYSTEMPATH/CodeIgniter.php(485): CodeIgniter\CodeIgniter->createController()
 3 SYSTEMPATH/CodeIgniter.php(353): CodeIgniter\CodeIgniter->handleRequest(null, Object(Config\Cache), false)
 4 FCPATH/index.php(79): CodeIgniter\CodeIgniter->run()
WARNING - 2024-11-29 07:54:45 --> [DEPRECATED] Creation of dynamic property App\Controllers\Matches::$validation is deprecated in APPPATH/Controllers/BaseController.php on line 57.
 1 SYSTEMPATH/CodeIgniter.php(892): App\Controllers\BaseController->initController(Object(CodeIgniter\HTTP\IncomingRequest), Object(CodeIgniter\HTTP\Response), Object(CodeIgniter\Log\Logger))
 2 SYSTEMPATH/CodeIgniter.php(485): CodeIgniter\CodeIgniter->createController()
 3 SYSTEMPATH/CodeIgniter.php(353): CodeIgniter\CodeIgniter->handleRequest(null, Object(Config\Cache), false)
 4 FCPATH/index.php(79): CodeIgniter\CodeIgniter->run()
WARNING - 2024-11-29 07:54:55 --> [DEPRECATED] Creation of dynamic property App\Controllers\Matches::$validation is deprecated in APPPATH/Controllers/BaseController.php on line 57.
 1 SYSTEMPATH/CodeIgniter.php(892): App\Controllers\BaseController->initController(Object(CodeIgniter\HTTP\IncomingRequest), Object(CodeIgniter\HTTP\Response), Object(CodeIgniter\Log\Logger))
 2 SYSTEMPATH/CodeIgniter.php(485): CodeIgniter\CodeIgniter->createController()
 3 SYSTEMPATH/CodeIgniter.php(353): CodeIgniter\CodeIgniter->handleRequest(null, Object(Config\Cache), false)
 4 FCPATH/index.php(79): CodeIgniter\CodeIgniter->run()
WARNING - 2024-11-29 07:54:55 --> [DEPRECATED] Creation of dynamic property App\Controllers\Matches::$validation is deprecated in APPPATH/Controllers/BaseController.php on line 57.
 1 SYSTEMPATH/CodeIgniter.php(892): App\Controllers\BaseController->initController(Object(CodeIgniter\HTTP\IncomingRequest), Object(CodeIgniter\HTTP\Response), Object(CodeIgniter\Log\Logger))
 2 SYSTEMPATH/CodeIgniter.php(485): CodeIgniter\CodeIgniter->createController()
 3 SYSTEMPATH/CodeIgniter.php(353): CodeIgniter\CodeIgniter->handleRequest(null, Object(Config\Cache), false)
 4 FCPATH/index.php(79): CodeIgniter\CodeIgniter->run()
WARNING - 2024-11-29 07:54:55 --> [DEPRECATED] Creation of dynamic property App\Controllers\Cron\News::$validation is deprecated in APPPATH/Controllers/BaseController.php on line 57.
 1 SYSTEMPATH/CodeIgniter.php(892): App\Controllers\BaseController->initController(Object(CodeIgniter\HTTP\IncomingRequest), Object(CodeIgniter\HTTP\Response), Object(CodeIgniter\Log\Logger))
 2 SYSTEMPATH/CodeIgniter.php(485): CodeIgniter\CodeIgniter->createController()
 3 SYSTEMPATH/CodeIgniter.php(353): CodeIgniter\CodeIgniter->handleRequest(null, Object(Config\Cache), false)
 4 FCPATH/index.php(79): CodeIgniter\CodeIgniter->run()
WARNING - 2024-11-29 07:54:55 --> [DEPRECATED] Creation of dynamic property App\Controllers\Matches::$validation is deprecated in APPPATH/Controllers/BaseController.php on line 57.
 1 SYSTEMPATH/CodeIgniter.php(892): App\Controllers\BaseController->initController(Object(CodeIgniter\HTTP\IncomingRequest), Object(CodeIgniter\HTTP\Response), Object(CodeIgniter\Log\Logger))
 2 SYSTEMPATH/CodeIgniter.php(485): CodeIgniter\CodeIgniter->createController()
 3 SYSTEMPATH/CodeIgniter.php(353): CodeIgniter\CodeIgniter->handleRequest(null, Object(Config\Cache), false)
 4 FCPATH/index.php(79): CodeIgniter\CodeIgniter->run()
WARNING - 2024-11-29 07:54:55 --> [DEPRECATED] Creation of dynamic property App\Controllers\Matches::$validation is deprecated in APPPATH/Controllers/BaseController.php on line 57.
 1 SYSTEMPATH/CodeIgniter.php(892): App\Controllers\BaseController->initController(Object(CodeIgniter\HTTP\IncomingRequest), Object(CodeIgniter\HTTP\Response), Object(CodeIgniter\Log\Logger))
 2 SYSTEMPATH/CodeIgniter.php(485): CodeIgniter\CodeIgniter->createController()
 3 SYSTEMPATH/CodeIgniter.php(353): CodeIgniter\CodeIgniter->handleRequest(null, Object(Config\Cache), false)
 4 FCPATH/index.php(79): CodeIgniter\CodeIgniter->run()
WARNING - 2024-11-29 07:54:55 --> [DEPRECATED] Creation of dynamic property App\Controllers\Matches::$validation is deprecated in APPPATH/Controllers/BaseController.php on line 57.
 1 SYSTEMPATH/CodeIgniter.php(892): App\Controllers\BaseController->initController(Object(CodeIgniter\HTTP\IncomingRequest), Object(CodeIgniter\HTTP\Response), Object(CodeIgniter\Log\Logger))
 2 SYSTEMPATH/CodeIgniter.php(485): CodeIgniter\CodeIgniter->createController()
 3 SYSTEMPATH/CodeIgniter.php(353): CodeIgniter\CodeIgniter->handleRequest(null, Object(Config\Cache), false)
 4 FCPATH/index.php(79): CodeIgniter\CodeIgniter->run()
WARNING - 2024-11-29 07:58:11 --> [DEPRECATED] Creation of dynamic property App\Controllers\Matches::$validation is deprecated in APPPATH/Controllers/BaseController.php on line 57.
 1 SYSTEMPATH/CodeIgniter.php(892): App\Controllers\BaseController->initController(Object(CodeIgniter\HTTP\IncomingRequest), Object(CodeIgniter\HTTP\Response), Object(CodeIgniter\Log\Logger))
 2 SYSTEMPATH/CodeIgniter.php(485): CodeIgniter\CodeIgniter->createController()
 3 SYSTEMPATH/CodeIgniter.php(353): CodeIgniter\CodeIgniter->handleRequest(null, Object(Config\Cache), false)
 4 FCPATH/index.php(79): CodeIgniter\CodeIgniter->run()
WARNING - 2024-11-29 07:58:11 --> [DEPRECATED] Creation of dynamic property App\Controllers\Cron\News::$validation is deprecated in APPPATH/Controllers/BaseController.php on line 57.
 1 SYSTEMPATH/CodeIgniter.php(892): App\Controllers\BaseController->initController(Object(CodeIgniter\HTTP\IncomingRequest), Object(CodeIgniter\HTTP\Response), Object(CodeIgniter\Log\Logger))
 2 SYSTEMPATH/CodeIgniter.php(485): CodeIgniter\CodeIgniter->createController()
 3 SYSTEMPATH/CodeIgniter.php(353): CodeIgniter\CodeIgniter->handleRequest(null, Object(Config\Cache), false)
 4 FCPATH/index.php(79): CodeIgniter\CodeIgniter->run()
WARNING - 2024-11-29 07:58:11 --> [DEPRECATED] Creation of dynamic property App\Controllers\Matches::$validation is deprecated in APPPATH/Controllers/BaseController.php on line 57.
 1 SYSTEMPATH/CodeIgniter.php(892): App\Controllers\BaseController->initController(Object(CodeIgniter\HTTP\IncomingRequest), Object(CodeIgniter\HTTP\Response), Object(CodeIgniter\Log\Logger))
 2 SYSTEMPATH/CodeIgniter.php(485): CodeIgniter\CodeIgniter->createController()
 3 SYSTEMPATH/CodeIgniter.php(353): CodeIgniter\CodeIgniter->handleRequest(null, Object(Config\Cache), false)
 4 FCPATH/index.php(79): CodeIgniter\CodeIgniter->run()
WARNING - 2024-11-29 07:58:11 --> [DEPRECATED] Creation of dynamic property App\Controllers\Matches::$validation is deprecated in APPPATH/Controllers/BaseController.php on line 57.
 1 SYSTEMPATH/CodeIgniter.php(892): App\Controllers\BaseController->initController(Object(CodeIgniter\HTTP\IncomingRequest), Object(CodeIgniter\HTTP\Response), Object(CodeIgniter\Log\Logger))
 2 SYSTEMPATH/CodeIgniter.php(485): CodeIgniter\CodeIgniter->createController()
 3 SYSTEMPATH/CodeIgniter.php(353): CodeIgniter\CodeIgniter->handleRequest(null, Object(Config\Cache), false)
 4 FCPATH/index.php(79): CodeIgniter\CodeIgniter->run()
WARNING - 2024-11-29 07:58:11 --> [DEPRECATED] Creation of dynamic property App\Controllers\Matches::$validation is deprecated in APPPATH/Controllers/BaseController.php on line 57.
 1 SYSTEMPATH/CodeIgniter.php(892): App\Controllers\BaseController->initController(Object(CodeIgniter\HTTP\IncomingRequest), Object(CodeIgniter\HTTP\Response), Object(CodeIgniter\Log\Logger))
 2 SYSTEMPATH/CodeIgniter.php(485): CodeIgniter\CodeIgniter->createController()
 3 SYSTEMPATH/CodeIgniter.php(353): CodeIgniter\CodeIgniter->handleRequest(null, Object(Config\Cache), false)
 4 FCPATH/index.php(79): CodeIgniter\CodeIgniter->run()
WARNING - 2024-11-29 07:58:11 --> [DEPRECATED] Creation of dynamic property App\Controllers\Matches::$validation is deprecated in APPPATH/Controllers/BaseController.php on line 57.
 1 SYSTEMPATH/CodeIgniter.php(892): App\Controllers\BaseController->initController(Object(CodeIgniter\HTTP\IncomingRequest), Object(CodeIgniter\HTTP\Response), Object(CodeIgniter\Log\Logger))
 2 SYSTEMPATH/CodeIgniter.php(485): CodeIgniter\CodeIgniter->createController()
 3 SYSTEMPATH/CodeIgniter.php(353): CodeIgniter\CodeIgniter->handleRequest(null, Object(Config\Cache), false)
 4 FCPATH/index.php(79): CodeIgniter\CodeIgniter->run()
WARNING - 2024-11-29 07:58:18 --> [DEPRECATED] Creation of dynamic property App\Controllers\Matches::$validation is deprecated in APPPATH/Controllers/BaseController.php on line 57.
 1 SYSTEMPATH/CodeIgniter.php(892): App\Controllers\BaseController->initController(Object(CodeIgniter\HTTP\IncomingRequest), Object(CodeIgniter\HTTP\Response), Object(CodeIgniter\Log\Logger))
 2 SYSTEMPATH/CodeIgniter.php(485): CodeIgniter\CodeIgniter->createController()
 3 SYSTEMPATH/CodeIgniter.php(353): CodeIgniter\CodeIgniter->handleRequest(null, Object(Config\Cache), false)
 4 FCPATH/index.php(79): CodeIgniter\CodeIgniter->run()
WARNING - 2024-11-29 07:58:18 --> [DEPRECATED] Creation of dynamic property App\Controllers\Matches::$validation is deprecated in APPPATH/Controllers/BaseController.php on line 57.
 1 SYSTEMPATH/CodeIgniter.php(892): App\Controllers\BaseController->initController(Object(CodeIgniter\HTTP\IncomingRequest), Object(CodeIgniter\HTTP\Response), Object(CodeIgniter\Log\Logger))
 2 SYSTEMPATH/CodeIgniter.php(485): CodeIgniter\CodeIgniter->createController()
 3 SYSTEMPATH/CodeIgniter.php(353): CodeIgniter\CodeIgniter->handleRequest(null, Object(Config\Cache), false)
 4 FCPATH/index.php(79): CodeIgniter\CodeIgniter->run()
WARNING - 2024-11-29 07:58:18 --> [DEPRECATED] Creation of dynamic property App\Controllers\Cron\News::$validation is deprecated in APPPATH/Controllers/BaseController.php on line 57.
 1 SYSTEMPATH/CodeIgniter.php(892): App\Controllers\BaseController->initController(Object(CodeIgniter\HTTP\IncomingRequest), Object(CodeIgniter\HTTP\Response), Object(CodeIgniter\Log\Logger))
 2 SYSTEMPATH/CodeIgniter.php(485): CodeIgniter\CodeIgniter->createController()
 3 SYSTEMPATH/CodeIgniter.php(353): CodeIgniter\CodeIgniter->handleRequest(null, Object(Config\Cache), false)
 4 FCPATH/index.php(79): CodeIgniter\CodeIgniter->run()
WARNING - 2024-11-29 07:58:18 --> [DEPRECATED] Creation of dynamic property App\Controllers\Matches::$validation is deprecated in APPPATH/Controllers/BaseController.php on line 57.
 1 SYSTEMPATH/CodeIgniter.php(892): App\Controllers\BaseController->initController(Object(CodeIgniter\HTTP\IncomingRequest), Object(CodeIgniter\HTTP\Response), Object(CodeIgniter\Log\Logger))
 2 SYSTEMPATH/CodeIgniter.php(485): CodeIgniter\CodeIgniter->createController()
 3 SYSTEMPATH/CodeIgniter.php(353): CodeIgniter\CodeIgniter->handleRequest(null, Object(Config\Cache), false)
 4 FCPATH/index.php(79): CodeIgniter\CodeIgniter->run()
WARNING - 2024-11-29 07:58:18 --> [DEPRECATED] Creation of dynamic property App\Controllers\Matches::$validation is deprecated in APPPATH/Controllers/BaseController.php on line 57.
 1 SYSTEMPATH/CodeIgniter.php(892): App\Controllers\BaseController->initController(Object(CodeIgniter\HTTP\IncomingRequest), Object(CodeIgniter\HTTP\Response), Object(CodeIgniter\Log\Logger))
 2 SYSTEMPATH/CodeIgniter.php(485): CodeIgniter\CodeIgniter->createController()
 3 SYSTEMPATH/CodeIgniter.php(353): CodeIgniter\CodeIgniter->handleRequest(null, Object(Config\Cache), false)
 4 FCPATH/index.php(79): CodeIgniter\CodeIgniter->run()
WARNING - 2024-11-29 07:58:18 --> [DEPRECATED] Creation of dynamic property App\Controllers\Matches::$validation is deprecated in APPPATH/Controllers/BaseController.php on line 57.
 1 SYSTEMPATH/CodeIgniter.php(892): App\Controllers\BaseController->initController(Object(CodeIgniter\HTTP\IncomingRequest), Object(CodeIgniter\HTTP\Response), Object(CodeIgniter\Log\Logger))
 2 SYSTEMPATH/CodeIgniter.php(485): CodeIgniter\CodeIgniter->createController()
 3 SYSTEMPATH/CodeIgniter.php(353): CodeIgniter\CodeIgniter->handleRequest(null, Object(Config\Cache), false)
 4 FCPATH/index.php(79): CodeIgniter\CodeIgniter->run()
WARNING - 2024-11-29 07:58:20 --> [DEPRECATED] Creation of dynamic property App\Controllers\Matches::$validation is deprecated in APPPATH/Controllers/BaseController.php on line 57.
 1 SYSTEMPATH/CodeIgniter.php(892): App\Controllers\BaseController->initController(Object(CodeIgniter\HTTP\IncomingRequest), Object(CodeIgniter\HTTP\Response), Object(CodeIgniter\Log\Logger))
 2 SYSTEMPATH/CodeIgniter.php(485): CodeIgniter\CodeIgniter->createController()
 3 SYSTEMPATH/CodeIgniter.php(353): CodeIgniter\CodeIgniter->handleRequest(null, Object(Config\Cache), false)
 4 FCPATH/index.php(79): CodeIgniter\CodeIgniter->run()
WARNING - 2024-11-29 07:58:20 --> [DEPRECATED] Creation of dynamic property App\Controllers\Cron\News::$validation is deprecated in APPPATH/Controllers/BaseController.php on line 57.
 1 SYSTEMPATH/CodeIgniter.php(892): App\Controllers\BaseController->initController(Object(CodeIgniter\HTTP\IncomingRequest), Object(CodeIgniter\HTTP\Response), Object(CodeIgniter\Log\Logger))
 2 SYSTEMPATH/CodeIgniter.php(485): CodeIgniter\CodeIgniter->createController()
 3 SYSTEMPATH/CodeIgniter.php(353): CodeIgniter\CodeIgniter->handleRequest(null, Object(Config\Cache), false)
 4 FCPATH/index.php(79): CodeIgniter\CodeIgniter->run()
WARNING - 2024-11-29 07:58:20 --> [DEPRECATED] Creation of dynamic property App\Controllers\Matches::$validation is deprecated in APPPATH/Controllers/BaseController.php on line 57.
 1 SYSTEMPATH/CodeIgniter.php(892): App\Controllers\BaseController->initController(Object(CodeIgniter\HTTP\IncomingRequest), Object(CodeIgniter\HTTP\Response), Object(CodeIgniter\Log\Logger))
 2 SYSTEMPATH/CodeIgniter.php(485): CodeIgniter\CodeIgniter->createController()
 3 SYSTEMPATH/CodeIgniter.php(353): CodeIgniter\CodeIgniter->handleRequest(null, Object(Config\Cache), false)
 4 FCPATH/index.php(79): CodeIgniter\CodeIgniter->run()
WARNING - 2024-11-29 07:58:21 --> [DEPRECATED] Creation of dynamic property App\Controllers\Matches::$validation is deprecated in APPPATH/Controllers/BaseController.php on line 57.
 1 SYSTEMPATH/CodeIgniter.php(892): App\Controllers\BaseController->initController(Object(CodeIgniter\HTTP\IncomingRequest), Object(CodeIgniter\HTTP\Response), Object(CodeIgniter\Log\Logger))
 2 SYSTEMPATH/CodeIgniter.php(485): CodeIgniter\CodeIgniter->createController()
 3 SYSTEMPATH/CodeIgniter.php(353): CodeIgniter\CodeIgniter->handleRequest(null, Object(Config\Cache), false)
 4 FCPATH/index.php(79): CodeIgniter\CodeIgniter->run()
WARNING - 2024-11-29 07:58:21 --> [DEPRECATED] Creation of dynamic property App\Controllers\Matches::$validation is deprecated in APPPATH/Controllers/BaseController.php on line 57.
 1 SYSTEMPATH/CodeIgniter.php(892): App\Controllers\BaseController->initController(Object(CodeIgniter\HTTP\IncomingRequest), Object(CodeIgniter\HTTP\Response), Object(CodeIgniter\Log\Logger))
 2 SYSTEMPATH/CodeIgniter.php(485): CodeIgniter\CodeIgniter->createController()
 3 SYSTEMPATH/CodeIgniter.php(353): CodeIgniter\CodeIgniter->handleRequest(null, Object(Config\Cache), false)
 4 FCPATH/index.php(79): CodeIgniter\CodeIgniter->run()
WARNING - 2024-11-29 07:58:21 --> [DEPRECATED] Creation of dynamic property App\Controllers\Matches::$validation is deprecated in APPPATH/Controllers/BaseController.php on line 57.
 1 SYSTEMPATH/CodeIgniter.php(892): App\Controllers\BaseController->initController(Object(CodeIgniter\HTTP\IncomingRequest), Object(CodeIgniter\HTTP\Response), Object(CodeIgniter\Log\Logger))
 2 SYSTEMPATH/CodeIgniter.php(485): CodeIgniter\CodeIgniter->createController()
 3 SYSTEMPATH/CodeIgniter.php(353): CodeIgniter\CodeIgniter->handleRequest(null, Object(Config\Cache), false)
 4 FCPATH/index.php(79): CodeIgniter\CodeIgniter->run()
WARNING - 2024-11-29 07:58:25 --> [DEPRECATED] Creation of dynamic property App\Controllers\Matches::$validation is deprecated in APPPATH/Controllers/BaseController.php on line 57.
 1 SYSTEMPATH/CodeIgniter.php(892): App\Controllers\BaseController->initController(Object(CodeIgniter\HTTP\IncomingRequest), Object(CodeIgniter\HTTP\Response), Object(CodeIgniter\Log\Logger))
 2 SYSTEMPATH/CodeIgniter.php(485): CodeIgniter\CodeIgniter->createController()
 3 SYSTEMPATH/CodeIgniter.php(353): CodeIgniter\CodeIgniter->handleRequest(null, Object(Config\Cache), false)
 4 FCPATH/index.php(79): CodeIgniter\CodeIgniter->run()
WARNING - 2024-11-29 07:58:25 --> [DEPRECATED] Creation of dynamic property App\Controllers\Cron\News::$validation is deprecated in APPPATH/Controllers/BaseController.php on line 57.
 1 SYSTEMPATH/CodeIgniter.php(892): App\Controllers\BaseController->initController(Object(CodeIgniter\HTTP\IncomingRequest), Object(CodeIgniter\HTTP\Response), Object(CodeIgniter\Log\Logger))
 2 SYSTEMPATH/CodeIgniter.php(485): CodeIgniter\CodeIgniter->createController()
 3 SYSTEMPATH/CodeIgniter.php(353): CodeIgniter\CodeIgniter->handleRequest(null, Object(Config\Cache), false)
 4 FCPATH/index.php(79): CodeIgniter\CodeIgniter->run()
WARNING - 2024-11-29 07:58:25 --> [DEPRECATED] Creation of dynamic property App\Controllers\Matches::$validation is deprecated in APPPATH/Controllers/BaseController.php on line 57.
 1 SYSTEMPATH/CodeIgniter.php(892): App\Controllers\BaseController->initController(Object(CodeIgniter\HTTP\IncomingRequest), Object(CodeIgniter\HTTP\Response), Object(CodeIgniter\Log\Logger))
 2 SYSTEMPATH/CodeIgniter.php(485): CodeIgniter\CodeIgniter->createController()
 3 SYSTEMPATH/CodeIgniter.php(353): CodeIgniter\CodeIgniter->handleRequest(null, Object(Config\Cache), false)
 4 FCPATH/index.php(79): CodeIgniter\CodeIgniter->run()
WARNING - 2024-11-29 07:58:25 --> [DEPRECATED] Creation of dynamic property App\Controllers\Matches::$validation is deprecated in APPPATH/Controllers/BaseController.php on line 57.
 1 SYSTEMPATH/CodeIgniter.php(892): App\Controllers\BaseController->initController(Object(CodeIgniter\HTTP\IncomingRequest), Object(CodeIgniter\HTTP\Response), Object(CodeIgniter\Log\Logger))
 2 SYSTEMPATH/CodeIgniter.php(485): CodeIgniter\CodeIgniter->createController()
 3 SYSTEMPATH/CodeIgniter.php(353): CodeIgniter\CodeIgniter->handleRequest(null, Object(Config\Cache), false)
 4 FCPATH/index.php(79): CodeIgniter\CodeIgniter->run()
WARNING - 2024-11-29 07:58:25 --> [DEPRECATED] Creation of dynamic property App\Controllers\Matches::$validation is deprecated in APPPATH/Controllers/BaseController.php on line 57.
 1 SYSTEMPATH/CodeIgniter.php(892): App\Controllers\BaseController->initController(Object(CodeIgniter\HTTP\IncomingRequest), Object(CodeIgniter\HTTP\Response), Object(CodeIgniter\Log\Logger))
 2 SYSTEMPATH/CodeIgniter.php(485): CodeIgniter\CodeIgniter->createController()
 3 SYSTEMPATH/CodeIgniter.php(353): CodeIgniter\CodeIgniter->handleRequest(null, Object(Config\Cache), false)
 4 FCPATH/index.php(79): CodeIgniter\CodeIgniter->run()
WARNING - 2024-11-29 07:58:25 --> [DEPRECATED] Creation of dynamic property App\Controllers\Matches::$validation is deprecated in APPPATH/Controllers/BaseController.php on line 57.
 1 SYSTEMPATH/CodeIgniter.php(892): App\Controllers\BaseController->initController(Object(CodeIgniter\HTTP\IncomingRequest), Object(CodeIgniter\HTTP\Response), Object(CodeIgniter\Log\Logger))
 2 SYSTEMPATH/CodeIgniter.php(485): CodeIgniter\CodeIgniter->createController()
 3 SYSTEMPATH/CodeIgniter.php(353): CodeIgniter\CodeIgniter->handleRequest(null, Object(Config\Cache), false)
 4 FCPATH/index.php(79): CodeIgniter\CodeIgniter->run()
WARNING - 2024-11-29 07:58:29 --> [DEPRECATED] Creation of dynamic property App\Controllers\Cron\News::$validation is deprecated in APPPATH/Controllers/BaseController.php on line 57.
 1 SYSTEMPATH/CodeIgniter.php(892): App\Controllers\BaseController->initController(Object(CodeIgniter\HTTP\IncomingRequest), Object(CodeIgniter\HTTP\Response), Object(CodeIgniter\Log\Logger))
 2 SYSTEMPATH/CodeIgniter.php(485): CodeIgniter\CodeIgniter->createController()
 3 SYSTEMPATH/CodeIgniter.php(353): CodeIgniter\CodeIgniter->handleRequest(null, Object(Config\Cache), false)
 4 FCPATH/index.php(79): CodeIgniter\CodeIgniter->run()
WARNING - 2024-11-29 07:58:29 --> [DEPRECATED] Creation of dynamic property App\Controllers\Matches::$validation is deprecated in APPPATH/Controllers/BaseController.php on line 57.
 1 SYSTEMPATH/CodeIgniter.php(892): App\Controllers\BaseController->initController(Object(CodeIgniter\HTTP\IncomingRequest), Object(CodeIgniter\HTTP\Response), Object(CodeIgniter\Log\Logger))
 2 SYSTEMPATH/CodeIgniter.php(485): CodeIgniter\CodeIgniter->createController()
 3 SYSTEMPATH/CodeIgniter.php(353): CodeIgniter\CodeIgniter->handleRequest(null, Object(Config\Cache), false)
 4 FCPATH/index.php(79): CodeIgniter\CodeIgniter->run()
WARNING - 2024-11-29 07:58:29 --> [DEPRECATED] Creation of dynamic property App\Controllers\Matches::$validation is deprecated in APPPATH/Controllers/BaseController.php on line 57.
 1 SYSTEMPATH/CodeIgniter.php(892): App\Controllers\BaseController->initController(Object(CodeIgniter\HTTP\IncomingRequest), Object(CodeIgniter\HTTP\Response), Object(CodeIgniter\Log\Logger))
 2 SYSTEMPATH/CodeIgniter.php(485): CodeIgniter\CodeIgniter->createController()
 3 SYSTEMPATH/CodeIgniter.php(353): CodeIgniter\CodeIgniter->handleRequest(null, Object(Config\Cache), false)
 4 FCPATH/index.php(79): CodeIgniter\CodeIgniter->run()
WARNING - 2024-11-29 07:58:29 --> [DEPRECATED] Creation of dynamic property App\Controllers\Matches::$validation is deprecated in APPPATH/Controllers/BaseController.php on line 57.
 1 SYSTEMPATH/CodeIgniter.php(892): App\Controllers\BaseController->initController(Object(CodeIgniter\HTTP\IncomingRequest), Object(CodeIgniter\HTTP\Response), Object(CodeIgniter\Log\Logger))
 2 SYSTEMPATH/CodeIgniter.php(485): CodeIgniter\CodeIgniter->createController()
 3 SYSTEMPATH/CodeIgniter.php(353): CodeIgniter\CodeIgniter->handleRequest(null, Object(Config\Cache), false)
 4 FCPATH/index.php(79): CodeIgniter\CodeIgniter->run()
WARNING - 2024-11-29 07:58:29 --> [DEPRECATED] Creation of dynamic property App\Controllers\Matches::$validation is deprecated in APPPATH/Controllers/BaseController.php on line 57.
 1 SYSTEMPATH/CodeIgniter.php(892): App\Controllers\BaseController->initController(Object(CodeIgniter\HTTP\IncomingRequest), Object(CodeIgniter\HTTP\Response), Object(CodeIgniter\Log\Logger))
 2 SYSTEMPATH/CodeIgniter.php(485): CodeIgniter\CodeIgniter->createController()
 3 SYSTEMPATH/CodeIgniter.php(353): CodeIgniter\CodeIgniter->handleRequest(null, Object(Config\Cache), false)
 4 FCPATH/index.php(79): CodeIgniter\CodeIgniter->run()
WARNING - 2024-11-29 07:58:29 --> [DEPRECATED] Creation of dynamic property App\Controllers\Matches::$validation is deprecated in APPPATH/Controllers/BaseController.php on line 57.
 1 SYSTEMPATH/CodeIgniter.php(892): App\Controllers\BaseController->initController(Object(CodeIgniter\HTTP\IncomingRequest), Object(CodeIgniter\HTTP\Response), Object(CodeIgniter\Log\Logger))
 2 SYSTEMPATH/CodeIgniter.php(485): CodeIgniter\CodeIgniter->createController()
 3 SYSTEMPATH/CodeIgniter.php(353): CodeIgniter\CodeIgniter->handleRequest(null, Object(Config\Cache), false)
 4 FCPATH/index.php(79): CodeIgniter\CodeIgniter->run()
WARNING - 2024-11-29 07:58:30 --> [DEPRECATED] Creation of dynamic property App\Controllers\Matches::$validation is deprecated in APPPATH/Controllers/BaseController.php on line 57.
 1 SYSTEMPATH/CodeIgniter.php(892): App\Controllers\BaseController->initController(Object(CodeIgniter\HTTP\IncomingRequest), Object(CodeIgniter\HTTP\Response), Object(CodeIgniter\Log\Logger))
 2 SYSTEMPATH/CodeIgniter.php(485): CodeIgniter\CodeIgniter->createController()
 3 SYSTEMPATH/CodeIgniter.php(353): CodeIgniter\CodeIgniter->handleRequest(null, Object(Config\Cache), false)
 4 FCPATH/index.php(79): CodeIgniter\CodeIgniter->run()
WARNING - 2024-11-29 07:58:33 --> [DEPRECATED] Creation of dynamic property App\Controllers\Matches::$validation is deprecated in APPPATH/Controllers/BaseController.php on line 57.
 1 SYSTEMPATH/CodeIgniter.php(892): App\Controllers\BaseController->initController(Object(CodeIgniter\HTTP\IncomingRequest), Object(CodeIgniter\HTTP\Response), Object(CodeIgniter\Log\Logger))
 2 SYSTEMPATH/CodeIgniter.php(485): CodeIgniter\CodeIgniter->createController()
 3 SYSTEMPATH/CodeIgniter.php(353): CodeIgniter\CodeIgniter->handleRequest(null, Object(Config\Cache), false)
 4 FCPATH/index.php(79): CodeIgniter\CodeIgniter->run()
WARNING - 2024-11-29 07:58:33 --> [DEPRECATED] Creation of dynamic property App\Controllers\Matches::$validation is deprecated in APPPATH/Controllers/BaseController.php on line 57.
 1 SYSTEMPATH/CodeIgniter.php(892): App\Controllers\BaseController->initController(Object(CodeIgniter\HTTP\IncomingRequest), Object(CodeIgniter\HTTP\Response), Object(CodeIgniter\Log\Logger))
 2 SYSTEMPATH/CodeIgniter.php(485): CodeIgniter\CodeIgniter->createController()
 3 SYSTEMPATH/CodeIgniter.php(353): CodeIgniter\CodeIgniter->handleRequest(null, Object(Config\Cache), false)
 4 FCPATH/index.php(79): CodeIgniter\CodeIgniter->run()
WARNING - 2024-11-29 07:58:33 --> [DEPRECATED] Creation of dynamic property App\Controllers\Cron\News::$validation is deprecated in APPPATH/Controllers/BaseController.php on line 57.
 1 SYSTEMPATH/CodeIgniter.php(892): App\Controllers\BaseController->initController(Object(CodeIgniter\HTTP\IncomingRequest), Object(CodeIgniter\HTTP\Response), Object(CodeIgniter\Log\Logger))
 2 SYSTEMPATH/CodeIgniter.php(485): CodeIgniter\CodeIgniter->createController()
 3 SYSTEMPATH/CodeIgniter.php(353): CodeIgniter\CodeIgniter->handleRequest(null, Object(Config\Cache), false)
 4 FCPATH/index.php(79): CodeIgniter\CodeIgniter->run()
WARNING - 2024-11-29 07:58:33 --> [DEPRECATED] Creation of dynamic property App\Controllers\Matches::$validation is deprecated in APPPATH/Controllers/BaseController.php on line 57.
 1 SYSTEMPATH/CodeIgniter.php(892): App\Controllers\BaseController->initController(Object(CodeIgniter\HTTP\IncomingRequest), Object(CodeIgniter\HTTP\Response), Object(CodeIgniter\Log\Logger))
 2 SYSTEMPATH/CodeIgniter.php(485): CodeIgniter\CodeIgniter->createController()
 3 SYSTEMPATH/CodeIgniter.php(353): CodeIgniter\CodeIgniter->handleRequest(null, Object(Config\Cache), false)
 4 FCPATH/index.php(79): CodeIgniter\CodeIgniter->run()
WARNING - 2024-11-29 07:58:33 --> [DEPRECATED] Creation of dynamic property App\Controllers\Matches::$validation is deprecated in APPPATH/Controllers/BaseController.php on line 57.
 1 SYSTEMPATH/CodeIgniter.php(892): App\Controllers\BaseController->initController(Object(CodeIgniter\HTTP\IncomingRequest), Object(CodeIgniter\HTTP\Response), Object(CodeIgniter\Log\Logger))
 2 SYSTEMPATH/CodeIgniter.php(485): CodeIgniter\CodeIgniter->createController()
 3 SYSTEMPATH/CodeIgniter.php(353): CodeIgniter\CodeIgniter->handleRequest(null, Object(Config\Cache), false)
 4 FCPATH/index.php(79): CodeIgniter\CodeIgniter->run()
WARNING - 2024-11-29 07:58:34 --> [DEPRECATED] Creation of dynamic property App\Controllers\Matches::$validation is deprecated in APPPATH/Controllers/BaseController.php on line 57.
 1 SYSTEMPATH/CodeIgniter.php(892): App\Controllers\BaseController->initController(Object(CodeIgniter\HTTP\IncomingRequest), Object(CodeIgniter\HTTP\Response), Object(CodeIgniter\Log\Logger))
 2 SYSTEMPATH/CodeIgniter.php(485): CodeIgniter\CodeIgniter->createController()
 3 SYSTEMPATH/CodeIgniter.php(353): CodeIgniter\CodeIgniter->handleRequest(null, Object(Config\Cache), false)
 4 FCPATH/index.php(79): CodeIgniter\CodeIgniter->run()
WARNING - 2024-11-29 08:03:09 --> [DEPRECATED] Creation of dynamic property App\Controllers\Cron\News::$validation is deprecated in APPPATH/Controllers/BaseController.php on line 57.
 1 SYSTEMPATH/CodeIgniter.php(892): App\Controllers\BaseController->initController(Object(CodeIgniter\HTTP\IncomingRequest), Object(CodeIgniter\HTTP\Response), Object(CodeIgniter\Log\Logger))
 2 SYSTEMPATH/CodeIgniter.php(485): CodeIgniter\CodeIgniter->createController()
 3 SYSTEMPATH/CodeIgniter.php(353): CodeIgniter\CodeIgniter->handleRequest(null, Object(Config\Cache), false)
 4 FCPATH/index.php(79): CodeIgniter\CodeIgniter->run()
WARNING - 2024-11-29 08:03:09 --> [DEPRECATED] Creation of dynamic property App\Controllers\Matches::$validation is deprecated in APPPATH/Controllers/BaseController.php on line 57.
 1 SYSTEMPATH/CodeIgniter.php(892): App\Controllers\BaseController->initController(Object(CodeIgniter\HTTP\IncomingRequest), Object(CodeIgniter\HTTP\Response), Object(CodeIgniter\Log\Logger))
 2 SYSTEMPATH/CodeIgniter.php(485): CodeIgniter\CodeIgniter->createController()
 3 SYSTEMPATH/CodeIgniter.php(353): CodeIgniter\CodeIgniter->handleRequest(null, Object(Config\Cache), false)
 4 FCPATH/index.php(79): CodeIgniter\CodeIgniter->run()
WARNING - 2024-11-29 08:03:09 --> [DEPRECATED] Creation of dynamic property App\Controllers\Matches::$validation is deprecated in APPPATH/Controllers/BaseController.php on line 57.
 1 SYSTEMPATH/CodeIgniter.php(892): App\Controllers\BaseController->initController(Object(CodeIgniter\HTTP\IncomingRequest), Object(CodeIgniter\HTTP\Response), Object(CodeIgniter\Log\Logger))
 2 SYSTEMPATH/CodeIgniter.php(485): CodeIgniter\CodeIgniter->createController()
 3 SYSTEMPATH/CodeIgniter.php(353): CodeIgniter\CodeIgniter->handleRequest(null, Object(Config\Cache), false)
 4 FCPATH/index.php(79): CodeIgniter\CodeIgniter->run()
WARNING - 2024-11-29 08:03:09 --> [DEPRECATED] Creation of dynamic property App\Controllers\Matches::$validation is deprecated in APPPATH/Controllers/BaseController.php on line 57.
 1 SYSTEMPATH/CodeIgniter.php(892): App\Controllers\BaseController->initController(Object(CodeIgniter\HTTP\IncomingRequest), Object(CodeIgniter\HTTP\Response), Object(CodeIgniter\Log\Logger))
 2 SYSTEMPATH/CodeIgniter.php(485): CodeIgniter\CodeIgniter->createController()
 3 SYSTEMPATH/CodeIgniter.php(353): CodeIgniter\CodeIgniter->handleRequest(null, Object(Config\Cache), false)
 4 FCPATH/index.php(79): CodeIgniter\CodeIgniter->run()
WARNING - 2024-11-29 08:03:09 --> [DEPRECATED] Creation of dynamic property App\Controllers\Matches::$validation is deprecated in APPPATH/Controllers/BaseController.php on line 57.
 1 SYSTEMPATH/CodeIgniter.php(892): App\Controllers\BaseController->initController(Object(CodeIgniter\HTTP\IncomingRequest), Object(CodeIgniter\HTTP\Response), Object(CodeIgniter\Log\Logger))
 2 SYSTEMPATH/CodeIgniter.php(485): CodeIgniter\CodeIgniter->createController()
 3 SYSTEMPATH/CodeIgniter.php(353): CodeIgniter\CodeIgniter->handleRequest(null, Object(Config\Cache), false)
 4 FCPATH/index.php(79): CodeIgniter\CodeIgniter->run()
WARNING - 2024-11-29 08:03:09 --> [DEPRECATED] Creation of dynamic property App\Controllers\Matches::$validation is deprecated in APPPATH/Controllers/BaseController.php on line 57.
 1 SYSTEMPATH/CodeIgniter.php(892): App\Controllers\BaseController->initController(Object(CodeIgniter\HTTP\IncomingRequest), Object(CodeIgniter\HTTP\Response), Object(CodeIgniter\Log\Logger))
 2 SYSTEMPATH/CodeIgniter.php(485): CodeIgniter\CodeIgniter->createController()
 3 SYSTEMPATH/CodeIgniter.php(353): CodeIgniter\CodeIgniter->handleRequest(null, Object(Config\Cache), false)
 4 FCPATH/index.php(79): CodeIgniter\CodeIgniter->run()
WARNING - 2024-11-29 08:03:10 --> [DEPRECATED] Creation of dynamic property App\Controllers\Matches::$validation is deprecated in APPPATH/Controllers/BaseController.php on line 57.
 1 SYSTEMPATH/CodeIgniter.php(892): App\Controllers\BaseController->initController(Object(CodeIgniter\HTTP\IncomingRequest), Object(CodeIgniter\HTTP\Response), Object(CodeIgniter\Log\Logger))
 2 SYSTEMPATH/CodeIgniter.php(485): CodeIgniter\CodeIgniter->createController()
 3 SYSTEMPATH/CodeIgniter.php(353): CodeIgniter\CodeIgniter->handleRequest(null, Object(Config\Cache), false)
 4 FCPATH/index.php(79): CodeIgniter\CodeIgniter->run()
WARNING - 2024-11-29 08:03:21 --> [DEPRECATED] Creation of dynamic property App\Controllers\Matches::$validation is deprecated in APPPATH/Controllers/BaseController.php on line 57.
 1 SYSTEMPATH/CodeIgniter.php(892): App\Controllers\BaseController->initController(Object(CodeIgniter\HTTP\IncomingRequest), Object(CodeIgniter\HTTP\Response), Object(CodeIgniter\Log\Logger))
 2 SYSTEMPATH/CodeIgniter.php(485): CodeIgniter\CodeIgniter->createController()
 3 SYSTEMPATH/CodeIgniter.php(353): CodeIgniter\CodeIgniter->handleRequest(null, Object(Config\Cache), false)
 4 FCPATH/index.php(79): CodeIgniter\CodeIgniter->run()
WARNING - 2024-11-29 08:03:21 --> [DEPRECATED] Creation of dynamic property App\Controllers\Matches::$validation is deprecated in APPPATH/Controllers/BaseController.php on line 57.
 1 SYSTEMPATH/CodeIgniter.php(892): App\Controllers\BaseController->initController(Object(CodeIgniter\HTTP\IncomingRequest), Object(CodeIgniter\HTTP\Response), Object(CodeIgniter\Log\Logger))
 2 SYSTEMPATH/CodeIgniter.php(485): CodeIgniter\CodeIgniter->createController()
 3 SYSTEMPATH/CodeIgniter.php(353): CodeIgniter\CodeIgniter->handleRequest(null, Object(Config\Cache), false)
 4 FCPATH/index.php(79): CodeIgniter\CodeIgniter->run()
WARNING - 2024-11-29 08:03:21 --> [DEPRECATED] Creation of dynamic property App\Controllers\Cron\News::$validation is deprecated in APPPATH/Controllers/BaseController.php on line 57.
 1 SYSTEMPATH/CodeIgniter.php(892): App\Controllers\BaseController->initController(Object(CodeIgniter\HTTP\IncomingRequest), Object(CodeIgniter\HTTP\Response), Object(CodeIgniter\Log\Logger))
 2 SYSTEMPATH/CodeIgniter.php(485): CodeIgniter\CodeIgniter->createController()
 3 SYSTEMPATH/CodeIgniter.php(353): CodeIgniter\CodeIgniter->handleRequest(null, Object(Config\Cache), false)
 4 FCPATH/index.php(79): CodeIgniter\CodeIgniter->run()
WARNING - 2024-11-29 08:03:21 --> [DEPRECATED] Creation of dynamic property App\Controllers\Matches::$validation is deprecated in APPPATH/Controllers/BaseController.php on line 57.
 1 SYSTEMPATH/CodeIgniter.php(892): App\Controllers\BaseController->initController(Object(CodeIgniter\HTTP\IncomingRequest), Object(CodeIgniter\HTTP\Response), Object(CodeIgniter\Log\Logger))
 2 SYSTEMPATH/CodeIgniter.php(485): CodeIgniter\CodeIgniter->createController()
 3 SYSTEMPATH/CodeIgniter.php(353): CodeIgniter\CodeIgniter->handleRequest(null, Object(Config\Cache), false)
 4 FCPATH/index.php(79): CodeIgniter\CodeIgniter->run()
WARNING - 2024-11-29 08:03:21 --> [DEPRECATED] Creation of dynamic property App\Controllers\Matches::$validation is deprecated in APPPATH/Controllers/BaseController.php on line 57.
 1 SYSTEMPATH/CodeIgniter.php(892): App\Controllers\BaseController->initController(Object(CodeIgniter\HTTP\IncomingRequest), Object(CodeIgniter\HTTP\Response), Object(CodeIgniter\Log\Logger))
 2 SYSTEMPATH/CodeIgniter.php(485): CodeIgniter\CodeIgniter->createController()
 3 SYSTEMPATH/CodeIgniter.php(353): CodeIgniter\CodeIgniter->handleRequest(null, Object(Config\Cache), false)
 4 FCPATH/index.php(79): CodeIgniter\CodeIgniter->run()
WARNING - 2024-11-29 08:03:21 --> [DEPRECATED] Creation of dynamic property App\Controllers\Matches::$validation is deprecated in APPPATH/Controllers/BaseController.php on line 57.
 1 SYSTEMPATH/CodeIgniter.php(892): App\Controllers\BaseController->initController(Object(CodeIgniter\HTTP\IncomingRequest), Object(CodeIgniter\HTTP\Response), Object(CodeIgniter\Log\Logger))
 2 SYSTEMPATH/CodeIgniter.php(485): CodeIgniter\CodeIgniter->createController()
 3 SYSTEMPATH/CodeIgniter.php(353): CodeIgniter\CodeIgniter->handleRequest(null, Object(Config\Cache), false)
 4 FCPATH/index.php(79): CodeIgniter\CodeIgniter->run()
WARNING - 2024-11-29 08:03:26 --> [DEPRECATED] Creation of dynamic property App\Controllers\Matches::$validation is deprecated in APPPATH/Controllers/BaseController.php on line 57.
 1 SYSTEMPATH/CodeIgniter.php(892): App\Controllers\BaseController->initController(Object(CodeIgniter\HTTP\IncomingRequest), Object(CodeIgniter\HTTP\Response), Object(CodeIgniter\Log\Logger))
 2 SYSTEMPATH/CodeIgniter.php(485): CodeIgniter\CodeIgniter->createController()
 3 SYSTEMPATH/CodeIgniter.php(353): CodeIgniter\CodeIgniter->handleRequest(null, Object(Config\Cache), false)
 4 FCPATH/index.php(79): CodeIgniter\CodeIgniter->run()
WARNING - 2024-11-29 08:03:26 --> [DEPRECATED] Creation of dynamic property App\Controllers\Matches::$validation is deprecated in APPPATH/Controllers/BaseController.php on line 57.
 1 SYSTEMPATH/CodeIgniter.php(892): App\Controllers\BaseController->initController(Object(CodeIgniter\HTTP\IncomingRequest), Object(CodeIgniter\HTTP\Response), Object(CodeIgniter\Log\Logger))
 2 SYSTEMPATH/CodeIgniter.php(485): CodeIgniter\CodeIgniter->createController()
 3 SYSTEMPATH/CodeIgniter.php(353): CodeIgniter\CodeIgniter->handleRequest(null, Object(Config\Cache), false)
 4 FCPATH/index.php(79): CodeIgniter\CodeIgniter->run()
WARNING - 2024-11-29 08:03:26 --> [DEPRECATED] Creation of dynamic property App\Controllers\Cron\News::$validation is deprecated in APPPATH/Controllers/BaseController.php on line 57.
 1 SYSTEMPATH/CodeIgniter.php(892): App\Controllers\BaseController->initController(Object(CodeIgniter\HTTP\IncomingRequest), Object(CodeIgniter\HTTP\Response), Object(CodeIgniter\Log\Logger))
 2 SYSTEMPATH/CodeIgniter.php(485): CodeIgniter\CodeIgniter->createController()
 3 SYSTEMPATH/CodeIgniter.php(353): CodeIgniter\CodeIgniter->handleRequest(null, Object(Config\Cache), false)
 4 FCPATH/index.php(79): CodeIgniter\CodeIgniter->run()
WARNING - 2024-11-29 08:03:27 --> [DEPRECATED] Creation of dynamic property App\Controllers\Matches::$validation is deprecated in APPPATH/Controllers/BaseController.php on line 57.
 1 SYSTEMPATH/CodeIgniter.php(892): App\Controllers\BaseController->initController(Object(CodeIgniter\HTTP\IncomingRequest), Object(CodeIgniter\HTTP\Response), Object(CodeIgniter\Log\Logger))
 2 SYSTEMPATH/CodeIgniter.php(485): CodeIgniter\CodeIgniter->createController()
 3 SYSTEMPATH/CodeIgniter.php(353): CodeIgniter\CodeIgniter->handleRequest(null, Object(Config\Cache), false)
 4 FCPATH/index.php(79): CodeIgniter\CodeIgniter->run()
WARNING - 2024-11-29 08:03:27 --> [DEPRECATED] Creation of dynamic property App\Controllers\Matches::$validation is deprecated in APPPATH/Controllers/BaseController.php on line 57.
 1 SYSTEMPATH/CodeIgniter.php(892): App\Controllers\BaseController->initController(Object(CodeIgniter\HTTP\IncomingRequest), Object(CodeIgniter\HTTP\Response), Object(CodeIgniter\Log\Logger))
 2 SYSTEMPATH/CodeIgniter.php(485): CodeIgniter\CodeIgniter->createController()
 3 SYSTEMPATH/CodeIgniter.php(353): CodeIgniter\CodeIgniter->handleRequest(null, Object(Config\Cache), false)
 4 FCPATH/index.php(79): CodeIgniter\CodeIgniter->run()
WARNING - 2024-11-29 08:03:27 --> [DEPRECATED] Creation of dynamic property App\Controllers\Matches::$validation is deprecated in APPPATH/Controllers/BaseController.php on line 57.
 1 SYSTEMPATH/CodeIgniter.php(892): App\Controllers\BaseController->initController(Object(CodeIgniter\HTTP\IncomingRequest), Object(CodeIgniter\HTTP\Response), Object(CodeIgniter\Log\Logger))
 2 SYSTEMPATH/CodeIgniter.php(485): CodeIgniter\CodeIgniter->createController()
 3 SYSTEMPATH/CodeIgniter.php(353): CodeIgniter\CodeIgniter->handleRequest(null, Object(Config\Cache), false)
 4 FCPATH/index.php(79): CodeIgniter\CodeIgniter->run()
WARNING - 2024-11-29 08:03:28 --> [DEPRECATED] Creation of dynamic property App\Controllers\Matches::$validation is deprecated in APPPATH/Controllers/BaseController.php on line 57.
 1 SYSTEMPATH/CodeIgniter.php(892): App\Controllers\BaseController->initController(Object(CodeIgniter\HTTP\IncomingRequest), Object(CodeIgniter\HTTP\Response), Object(CodeIgniter\Log\Logger))
 2 SYSTEMPATH/CodeIgniter.php(485): CodeIgniter\CodeIgniter->createController()
 3 SYSTEMPATH/CodeIgniter.php(353): CodeIgniter\CodeIgniter->handleRequest(null, Object(Config\Cache), false)
 4 FCPATH/index.php(79): CodeIgniter\CodeIgniter->run()
WARNING - 2024-11-29 09:30:31 --> [DEPRECATED] Creation of dynamic property App\Controllers\Cron\Matches::$validation is deprecated in APPPATH/Controllers/BaseController.php on line 57.
 1 SYSTEMPATH/CodeIgniter.php(892): App\Controllers\BaseController->initController(Object(CodeIgniter\HTTP\IncomingRequest), Object(CodeIgniter\HTTP\Response), Object(CodeIgniter\Log\Logger))
 2 SYSTEMPATH/CodeIgniter.php(485): CodeIgniter\CodeIgniter->createController()
 3 SYSTEMPATH/CodeIgniter.php(353): CodeIgniter\CodeIgniter->handleRequest(null, Object(Config\Cache), false)
 4 FCPATH/index.php(79): CodeIgniter\CodeIgniter->run()
WARNING - 2024-11-29 09:30:31 --> [DEPRECATED] Creation of dynamic property App\Controllers\Cron\Players::$validation is deprecated in APPPATH/Controllers/BaseController.php on line 57.
 1 SYSTEMPATH/CodeIgniter.php(892): App\Controllers\BaseController->initController(Object(CodeIgniter\HTTP\IncomingRequest), Object(CodeIgniter\HTTP\Response), Object(CodeIgniter\Log\Logger))
 2 SYSTEMPATH/CodeIgniter.php(485): CodeIgniter\CodeIgniter->createController()
 3 SYSTEMPATH/CodeIgniter.php(353): CodeIgniter\CodeIgniter->handleRequest(null, Object(Config\Cache), false)
 4 FCPATH/index.php(79): CodeIgniter\CodeIgniter->run()
WARNING - 2024-11-29 09:30:32 --> [DEPRECATED] Creation of dynamic property App\Models\UserModel::$userBankAccoTbl is deprecated in APPPATH/Models/UserModel.php on line 18.
 1 APPPATH/Controllers/Cron/Players.php(34): App\Models\UserModel->__construct()
 2 SYSTEMPATH/CodeIgniter.php(919): App\Controllers\Cron\Players->getMatchPlayers()
 3 SYSTEMPATH/CodeIgniter.php(494): CodeIgniter\CodeIgniter->runController(Object(App\Controllers\Cron\Players))
 4 SYSTEMPATH/CodeIgniter.php(353): CodeIgniter\CodeIgniter->handleRequest(null, Object(Config\Cache), false)
 5 FCPATH/index.php(79): CodeIgniter\CodeIgniter->run()
WARNING - 2024-11-29 10:38:00 --> [DEPRECATED] Creation of dynamic property App\Controllers\Cron\News::$validation is deprecated in APPPATH/Controllers/BaseController.php on line 57.
 1 SYSTEMPATH/CodeIgniter.php(892): App\Controllers\BaseController->initController(Object(CodeIgniter\HTTP\IncomingRequest), Object(CodeIgniter\HTTP\Response), Object(CodeIgniter\Log\Logger))
 2 SYSTEMPATH/CodeIgniter.php(485): CodeIgniter\CodeIgniter->createController()
 3 SYSTEMPATH/CodeIgniter.php(353): CodeIgniter\CodeIgniter->handleRequest(null, Object(Config\Cache), false)
 4 FCPATH/index.php(79): CodeIgniter\CodeIgniter->run()
WARNING - 2024-11-29 10:38:00 --> [DEPRECATED] Creation of dynamic property App\Controllers\Matches::$validation is deprecated in APPPATH/Controllers/BaseController.php on line 57.
 1 SYSTEMPATH/CodeIgniter.php(892): App\Controllers\BaseController->initController(Object(CodeIgniter\HTTP\IncomingRequest), Object(CodeIgniter\HTTP\Response), Object(CodeIgniter\Log\Logger))
 2 SYSTEMPATH/CodeIgniter.php(485): CodeIgniter\CodeIgniter->createController()
 3 SYSTEMPATH/CodeIgniter.php(353): CodeIgniter\CodeIgniter->handleRequest(null, Object(Config\Cache), false)
 4 FCPATH/index.php(79): CodeIgniter\CodeIgniter->run()
WARNING - 2024-11-29 10:38:00 --> [DEPRECATED] Creation of dynamic property App\Controllers\Matches::$validation is deprecated in APPPATH/Controllers/BaseController.php on line 57.
 1 SYSTEMPATH/CodeIgniter.php(892): App\Controllers\BaseController->initController(Object(CodeIgniter\HTTP\IncomingRequest), Object(CodeIgniter\HTTP\Response), Object(CodeIgniter\Log\Logger))
 2 SYSTEMPATH/CodeIgniter.php(485): CodeIgniter\CodeIgniter->createController()
 3 SYSTEMPATH/CodeIgniter.php(353): CodeIgniter\CodeIgniter->handleRequest(null, Object(Config\Cache), false)
 4 FCPATH/index.php(79): CodeIgniter\CodeIgniter->run()
WARNING - 2024-11-29 10:38:00 --> [DEPRECATED] Creation of dynamic property App\Controllers\Matches::$validation is deprecated in APPPATH/Controllers/BaseController.php on line 57.
 1 SYSTEMPATH/CodeIgniter.php(892): App\Controllers\BaseController->initController(Object(CodeIgniter\HTTP\IncomingRequest), Object(CodeIgniter\HTTP\Response), Object(CodeIgniter\Log\Logger))
 2 SYSTEMPATH/CodeIgniter.php(485): CodeIgniter\CodeIgniter->createController()
 3 SYSTEMPATH/CodeIgniter.php(353): CodeIgniter\CodeIgniter->handleRequest(null, Object(Config\Cache), false)
 4 FCPATH/index.php(79): CodeIgniter\CodeIgniter->run()
WARNING - 2024-11-29 10:38:00 --> [DEPRECATED] Creation of dynamic property App\Controllers\Matches::$validation is deprecated in APPPATH/Controllers/BaseController.php on line 57.
 1 SYSTEMPATH/CodeIgniter.php(892): App\Controllers\BaseController->initController(Object(CodeIgniter\HTTP\IncomingRequest), Object(CodeIgniter\HTTP\Response), Object(CodeIgniter\Log\Logger))
 2 SYSTEMPATH/CodeIgniter.php(485): CodeIgniter\CodeIgniter->createController()
 3 SYSTEMPATH/CodeIgniter.php(353): CodeIgniter\CodeIgniter->handleRequest(null, Object(Config\Cache), false)
 4 FCPATH/index.php(79): CodeIgniter\CodeIgniter->run()
WARNING - 2024-11-29 10:38:01 --> [DEPRECATED] Creation of dynamic property App\Controllers\Matches::$validation is deprecated in APPPATH/Controllers/BaseController.php on line 57.
 1 SYSTEMPATH/CodeIgniter.php(892): App\Controllers\BaseController->initController(Object(CodeIgniter\HTTP\IncomingRequest), Object(CodeIgniter\HTTP\Response), Object(CodeIgniter\Log\Logger))
 2 SYSTEMPATH/CodeIgniter.php(485): CodeIgniter\CodeIgniter->createController()
 3 SYSTEMPATH/CodeIgniter.php(353): CodeIgniter\CodeIgniter->handleRequest(null, Object(Config\Cache), false)
 4 FCPATH/index.php(79): CodeIgniter\CodeIgniter->run()
WARNING - 2024-11-29 10:38:02 --> [DEPRECATED] Creation of dynamic property App\Controllers\Matches::$validation is deprecated in APPPATH/Controllers/BaseController.php on line 57.
 1 SYSTEMPATH/CodeIgniter.php(892): App\Controllers\BaseController->initController(Object(CodeIgniter\HTTP\IncomingRequest), Object(CodeIgniter\HTTP\Response), Object(CodeIgniter\Log\Logger))
 2 SYSTEMPATH/CodeIgniter.php(485): CodeIgniter\CodeIgniter->createController()
 3 SYSTEMPATH/CodeIgniter.php(353): CodeIgniter\CodeIgniter->handleRequest(null, Object(Config\Cache), false)
 4 FCPATH/index.php(79): CodeIgniter\CodeIgniter->run()
WARNING - 2024-11-29 11:35:43 --> [DEPRECATED] Creation of dynamic property App\Controllers\Cron\News::$validation is deprecated in APPPATH/Controllers/BaseController.php on line 57.
 1 SYSTEMPATH/CodeIgniter.php(892): App\Controllers\BaseController->initController(Object(CodeIgniter\HTTP\IncomingRequest), Object(CodeIgniter\HTTP\Response), Object(CodeIgniter\Log\Logger))
 2 SYSTEMPATH/CodeIgniter.php(485): CodeIgniter\CodeIgniter->createController()
 3 SYSTEMPATH/CodeIgniter.php(353): CodeIgniter\CodeIgniter->handleRequest(null, Object(Config\Cache), false)
 4 FCPATH/index.php(79): CodeIgniter\CodeIgniter->run()
WARNING - 2024-11-29 12:26:44 --> [DEPRECATED] Creation of dynamic property App\Controllers\Matches::$validation is deprecated in APPPATH/Controllers/BaseController.php on line 57.
 1 SYSTEMPATH/CodeIgniter.php(892): App\Controllers\BaseController->initController(Object(CodeIgniter\HTTP\IncomingRequest), Object(CodeIgniter\HTTP\Response), Object(CodeIgniter\Log\Logger))
 2 SYSTEMPATH/CodeIgniter.php(485): CodeIgniter\CodeIgniter->createController()
 3 SYSTEMPATH/CodeIgniter.php(353): CodeIgniter\CodeIgniter->handleRequest(null, Object(Config\Cache), false)
 4 FCPATH/index.php(79): CodeIgniter\CodeIgniter->run()
WARNING - 2024-11-29 12:26:44 --> [DEPRECATED] Creation of dynamic property App\Controllers\Cron\News::$validation is deprecated in APPPATH/Controllers/BaseController.php on line 57.
 1 SYSTEMPATH/CodeIgniter.php(892): App\Controllers\BaseController->initController(Object(CodeIgniter\HTTP\IncomingRequest), Object(CodeIgniter\HTTP\Response), Object(CodeIgniter\Log\Logger))
 2 SYSTEMPATH/CodeIgniter.php(485): CodeIgniter\CodeIgniter->createController()
 3 SYSTEMPATH/CodeIgniter.php(353): CodeIgniter\CodeIgniter->handleRequest(null, Object(Config\Cache), false)
 4 FCPATH/index.php(79): CodeIgniter\CodeIgniter->run()
WARNING - 2024-11-29 12:26:44 --> [DEPRECATED] Creation of dynamic property App\Controllers\Matches::$validation is deprecated in APPPATH/Controllers/BaseController.php on line 57.
 1 SYSTEMPATH/CodeIgniter.php(892): App\Controllers\BaseController->initController(Object(CodeIgniter\HTTP\IncomingRequest), Object(CodeIgniter\HTTP\Response), Object(CodeIgniter\Log\Logger))
 2 SYSTEMPATH/CodeIgniter.php(485): CodeIgniter\CodeIgniter->createController()
 3 SYSTEMPATH/CodeIgniter.php(353): CodeIgniter\CodeIgniter->handleRequest(null, Object(Config\Cache), false)
 4 FCPATH/index.php(79): CodeIgniter\CodeIgniter->run()
WARNING - 2024-11-29 12:26:44 --> [DEPRECATED] Creation of dynamic property App\Controllers\Matches::$validation is deprecated in APPPATH/Controllers/BaseController.php on line 57.
 1 SYSTEMPATH/CodeIgniter.php(892): App\Controllers\BaseController->initController(Object(CodeIgniter\HTTP\IncomingRequest), Object(CodeIgniter\HTTP\Response), Object(CodeIgniter\Log\Logger))
 2 SYSTEMPATH/CodeIgniter.php(485): CodeIgniter\CodeIgniter->createController()
 3 SYSTEMPATH/CodeIgniter.php(353): CodeIgniter\CodeIgniter->handleRequest(null, Object(Config\Cache), false)
 4 FCPATH/index.php(79): CodeIgniter\CodeIgniter->run()
WARNING - 2024-11-29 12:26:44 --> [DEPRECATED] Creation of dynamic property App\Controllers\Matches::$validation is deprecated in APPPATH/Controllers/BaseController.php on line 57.
 1 SYSTEMPATH/CodeIgniter.php(892): App\Controllers\BaseController->initController(Object(CodeIgniter\HTTP\IncomingRequest), Object(CodeIgniter\HTTP\Response), Object(CodeIgniter\Log\Logger))
 2 SYSTEMPATH/CodeIgniter.php(485): CodeIgniter\CodeIgniter->createController()
 3 SYSTEMPATH/CodeIgniter.php(353): CodeIgniter\CodeIgniter->handleRequest(null, Object(Config\Cache), false)
 4 FCPATH/index.php(79): CodeIgniter\CodeIgniter->run()
WARNING - 2024-11-29 12:26:45 --> [DEPRECATED] Creation of dynamic property App\Controllers\Matches::$validation is deprecated in APPPATH/Controllers/BaseController.php on line 57.
 1 SYSTEMPATH/CodeIgniter.php(892): App\Controllers\BaseController->initController(Object(CodeIgniter\HTTP\IncomingRequest), Object(CodeIgniter\HTTP\Response), Object(CodeIgniter\Log\Logger))
 2 SYSTEMPATH/CodeIgniter.php(485): CodeIgniter\CodeIgniter->createController()
 3 SYSTEMPATH/CodeIgniter.php(353): CodeIgniter\CodeIgniter->handleRequest(null, Object(Config\Cache), false)
 4 FCPATH/index.php(79): CodeIgniter\CodeIgniter->run()
WARNING - 2024-11-29 12:26:46 --> [DEPRECATED] Creation of dynamic property App\Controllers\Matches::$validation is deprecated in APPPATH/Controllers/BaseController.php on line 57.
 1 SYSTEMPATH/CodeIgniter.php(892): App\Controllers\BaseController->initController(Object(CodeIgniter\HTTP\IncomingRequest), Object(CodeIgniter\HTTP\Response), Object(CodeIgniter\Log\Logger))
 2 SYSTEMPATH/CodeIgniter.php(485): CodeIgniter\CodeIgniter->createController()
 3 SYSTEMPATH/CodeIgniter.php(353): CodeIgniter\CodeIgniter->handleRequest(null, Object(Config\Cache), false)
 4 FCPATH/index.php(79): CodeIgniter\CodeIgniter->run()
WARNING - 2024-11-29 12:26:51 --> [DEPRECATED] Creation of dynamic property App\Controllers\Cron\News::$validation is deprecated in APPPATH/Controllers/BaseController.php on line 57.
 1 SYSTEMPATH/CodeIgniter.php(892): App\Controllers\BaseController->initController(Object(CodeIgniter\HTTP\IncomingRequest), Object(CodeIgniter\HTTP\Response), Object(CodeIgniter\Log\Logger))
 2 SYSTEMPATH/CodeIgniter.php(485): CodeIgniter\CodeIgniter->createController()
 3 SYSTEMPATH/CodeIgniter.php(353): CodeIgniter\CodeIgniter->handleRequest(null, Object(Config\Cache), false)
 4 FCPATH/index.php(79): CodeIgniter\CodeIgniter->run()
WARNING - 2024-11-29 12:26:51 --> [DEPRECATED] Creation of dynamic property App\Controllers\Matches::$validation is deprecated in APPPATH/Controllers/BaseController.php on line 57.
 1 SYSTEMPATH/CodeIgniter.php(892): App\Controllers\BaseController->initController(Object(CodeIgniter\HTTP\IncomingRequest), Object(CodeIgniter\HTTP\Response), Object(CodeIgniter\Log\Logger))
 2 SYSTEMPATH/CodeIgniter.php(485): CodeIgniter\CodeIgniter->createController()
 3 SYSTEMPATH/CodeIgniter.php(353): CodeIgniter\CodeIgniter->handleRequest(null, Object(Config\Cache), false)
 4 FCPATH/index.php(79): CodeIgniter\CodeIgniter->run()
WARNING - 2024-11-29 12:26:51 --> [DEPRECATED] Creation of dynamic property App\Controllers\Matches::$validation is deprecated in APPPATH/Controllers/BaseController.php on line 57.
 1 SYSTEMPATH/CodeIgniter.php(892): App\Controllers\BaseController->initController(Object(CodeIgniter\HTTP\IncomingRequest), Object(CodeIgniter\HTTP\Response), Object(CodeIgniter\Log\Logger))
 2 SYSTEMPATH/CodeIgniter.php(485): CodeIgniter\CodeIgniter->createController()
 3 SYSTEMPATH/CodeIgniter.php(353): CodeIgniter\CodeIgniter->handleRequest(null, Object(Config\Cache), false)
 4 FCPATH/index.php(79): CodeIgniter\CodeIgniter->run()
WARNING - 2024-11-29 12:26:51 --> [DEPRECATED] Creation of dynamic property App\Controllers\Matches::$validation is deprecated in APPPATH/Controllers/BaseController.php on line 57.
 1 SYSTEMPATH/CodeIgniter.php(892): App\Controllers\BaseController->initController(Object(CodeIgniter\HTTP\IncomingRequest), Object(CodeIgniter\HTTP\Response), Object(CodeIgniter\Log\Logger))
 2 SYSTEMPATH/CodeIgniter.php(485): CodeIgniter\CodeIgniter->createController()
 3 SYSTEMPATH/CodeIgniter.php(353): CodeIgniter\CodeIgniter->handleRequest(null, Object(Config\Cache), false)
 4 FCPATH/index.php(79): CodeIgniter\CodeIgniter->run()
WARNING - 2024-11-29 12:26:51 --> [DEPRECATED] Creation of dynamic property App\Controllers\Matches::$validation is deprecated in APPPATH/Controllers/BaseController.php on line 57.
 1 SYSTEMPATH/CodeIgniter.php(892): App\Controllers\BaseController->initController(Object(CodeIgniter\HTTP\IncomingRequest), Object(CodeIgniter\HTTP\Response), Object(CodeIgniter\Log\Logger))
 2 SYSTEMPATH/CodeIgniter.php(485): CodeIgniter\CodeIgniter->createController()
 3 SYSTEMPATH/CodeIgniter.php(353): CodeIgniter\CodeIgniter->handleRequest(null, Object(Config\Cache), false)
 4 FCPATH/index.php(79): CodeIgniter\CodeIgniter->run()
WARNING - 2024-11-29 12:26:52 --> [DEPRECATED] Creation of dynamic property App\Controllers\Matches::$validation is deprecated in APPPATH/Controllers/BaseController.php on line 57.
 1 SYSTEMPATH/CodeIgniter.php(892): App\Controllers\BaseController->initController(Object(CodeIgniter\HTTP\IncomingRequest), Object(CodeIgniter\HTTP\Response), Object(CodeIgniter\Log\Logger))
 2 SYSTEMPATH/CodeIgniter.php(485): CodeIgniter\CodeIgniter->createController()
 3 SYSTEMPATH/CodeIgniter.php(353): CodeIgniter\CodeIgniter->handleRequest(null, Object(Config\Cache), false)
 4 FCPATH/index.php(79): CodeIgniter\CodeIgniter->run()
WARNING - 2024-11-29 12:28:48 --> [DEPRECATED] Creation of dynamic property App\Controllers\Cron\News::$validation is deprecated in APPPATH/Controllers/BaseController.php on line 57.
 1 SYSTEMPATH/CodeIgniter.php(892): App\Controllers\BaseController->initController(Object(CodeIgniter\HTTP\IncomingRequest), Object(CodeIgniter\HTTP\Response), Object(CodeIgniter\Log\Logger))
 2 SYSTEMPATH/CodeIgniter.php(485): CodeIgniter\CodeIgniter->createController()
 3 SYSTEMPATH/CodeIgniter.php(353): CodeIgniter\CodeIgniter->handleRequest(null, Object(Config\Cache), false)
 4 FCPATH/index.php(79): CodeIgniter\CodeIgniter->run()
WARNING - 2024-11-29 12:28:48 --> [DEPRECATED] Creation of dynamic property App\Controllers\Matches::$validation is deprecated in APPPATH/Controllers/BaseController.php on line 57.
 1 SYSTEMPATH/CodeIgniter.php(892): App\Controllers\BaseController->initController(Object(CodeIgniter\HTTP\IncomingRequest), Object(CodeIgniter\HTTP\Response), Object(CodeIgniter\Log\Logger))
 2 SYSTEMPATH/CodeIgniter.php(485): CodeIgniter\CodeIgniter->createController()
 3 SYSTEMPATH/CodeIgniter.php(353): CodeIgniter\CodeIgniter->handleRequest(null, Object(Config\Cache), false)
 4 FCPATH/index.php(79): CodeIgniter\CodeIgniter->run()
WARNING - 2024-11-29 12:28:48 --> [DEPRECATED] Creation of dynamic property App\Controllers\Matches::$validation is deprecated in APPPATH/Controllers/BaseController.php on line 57.
 1 SYSTEMPATH/CodeIgniter.php(892): App\Controllers\BaseController->initController(Object(CodeIgniter\HTTP\IncomingRequest), Object(CodeIgniter\HTTP\Response), Object(CodeIgniter\Log\Logger))
 2 SYSTEMPATH/CodeIgniter.php(485): CodeIgniter\CodeIgniter->createController()
 3 SYSTEMPATH/CodeIgniter.php(353): CodeIgniter\CodeIgniter->handleRequest(null, Object(Config\Cache), false)
 4 FCPATH/index.php(79): CodeIgniter\CodeIgniter->run()
WARNING - 2024-11-29 12:28:48 --> [DEPRECATED] Creation of dynamic property App\Controllers\Matches::$validation is deprecated in APPPATH/Controllers/BaseController.php on line 57.
 1 SYSTEMPATH/CodeIgniter.php(892): App\Controllers\BaseController->initController(Object(CodeIgniter\HTTP\IncomingRequest), Object(CodeIgniter\HTTP\Response), Object(CodeIgniter\Log\Logger))
 2 SYSTEMPATH/CodeIgniter.php(485): CodeIgniter\CodeIgniter->createController()
 3 SYSTEMPATH/CodeIgniter.php(353): CodeIgniter\CodeIgniter->handleRequest(null, Object(Config\Cache), false)
 4 FCPATH/index.php(79): CodeIgniter\CodeIgniter->run()
WARNING - 2024-11-29 12:28:48 --> [DEPRECATED] Creation of dynamic property App\Controllers\Matches::$validation is deprecated in APPPATH/Controllers/BaseController.php on line 57.
 1 SYSTEMPATH/CodeIgniter.php(892): App\Controllers\BaseController->initController(Object(CodeIgniter\HTTP\IncomingRequest), Object(CodeIgniter\HTTP\Response), Object(CodeIgniter\Log\Logger))
 2 SYSTEMPATH/CodeIgniter.php(485): CodeIgniter\CodeIgniter->createController()
 3 SYSTEMPATH/CodeIgniter.php(353): CodeIgniter\CodeIgniter->handleRequest(null, Object(Config\Cache), false)
 4 FCPATH/index.php(79): CodeIgniter\CodeIgniter->run()
WARNING - 2024-11-29 12:28:48 --> [DEPRECATED] Creation of dynamic property App\Controllers\Matches::$validation is deprecated in APPPATH/Controllers/BaseController.php on line 57.
 1 SYSTEMPATH/CodeIgniter.php(892): App\Controllers\BaseController->initController(Object(CodeIgniter\HTTP\IncomingRequest), Object(CodeIgniter\HTTP\Response), Object(CodeIgniter\Log\Logger))
 2 SYSTEMPATH/CodeIgniter.php(485): CodeIgniter\CodeIgniter->createController()
 3 SYSTEMPATH/CodeIgniter.php(353): CodeIgniter\CodeIgniter->handleRequest(null, Object(Config\Cache), false)
 4 FCPATH/index.php(79): CodeIgniter\CodeIgniter->run()
WARNING - 2024-11-29 12:28:50 --> [DEPRECATED] Creation of dynamic property App\Controllers\Matches::$validation is deprecated in APPPATH/Controllers/BaseController.php on line 57.
 1 SYSTEMPATH/CodeIgniter.php(892): App\Controllers\BaseController->initController(Object(CodeIgniter\HTTP\IncomingRequest), Object(CodeIgniter\HTTP\Response), Object(CodeIgniter\Log\Logger))
 2 SYSTEMPATH/CodeIgniter.php(485): CodeIgniter\CodeIgniter->createController()
 3 SYSTEMPATH/CodeIgniter.php(353): CodeIgniter\CodeIgniter->handleRequest(null, Object(Config\Cache), false)
 4 FCPATH/index.php(79): CodeIgniter\CodeIgniter->run()
WARNING - 2024-11-29 12:30:01 --> [DEPRECATED] Creation of dynamic property App\Controllers\Cron\Matches::$validation is deprecated in APPPATH/Controllers/BaseController.php on line 57.
 1 SYSTEMPATH/CodeIgniter.php(892): App\Controllers\BaseController->initController(Object(CodeIgniter\HTTP\IncomingRequest), Object(CodeIgniter\HTTP\Response), Object(CodeIgniter\Log\Logger))
 2 SYSTEMPATH/CodeIgniter.php(485): CodeIgniter\CodeIgniter->createController()
 3 SYSTEMPATH/CodeIgniter.php(353): CodeIgniter\CodeIgniter->handleRequest(null, Object(Config\Cache), false)
 4 FCPATH/index.php(79): CodeIgniter\CodeIgniter->run()
WARNING - 2024-11-29 12:30:31 --> [DEPRECATED] Creation of dynamic property App\Controllers\Cron\Players::$validation is deprecated in APPPATH/Controllers/BaseController.php on line 57.
 1 SYSTEMPATH/CodeIgniter.php(892): App\Controllers\BaseController->initController(Object(CodeIgniter\HTTP\IncomingRequest), Object(CodeIgniter\HTTP\Response), Object(CodeIgniter\Log\Logger))
 2 SYSTEMPATH/CodeIgniter.php(485): CodeIgniter\CodeIgniter->createController()
 3 SYSTEMPATH/CodeIgniter.php(353): CodeIgniter\CodeIgniter->handleRequest(null, Object(Config\Cache), false)
 4 FCPATH/index.php(79): CodeIgniter\CodeIgniter->run()
WARNING - 2024-11-29 12:30:31 --> [DEPRECATED] Creation of dynamic property App\Models\UserModel::$userBankAccoTbl is deprecated in APPPATH/Models/UserModel.php on line 18.
 1 APPPATH/Controllers/Cron/Players.php(34): App\Models\UserModel->__construct()
 2 SYSTEMPATH/CodeIgniter.php(919): App\Controllers\Cron\Players->getMatchPlayers()
 3 SYSTEMPATH/CodeIgniter.php(494): CodeIgniter\CodeIgniter->runController(Object(App\Controllers\Cron\Players))
 4 SYSTEMPATH/CodeIgniter.php(353): CodeIgniter\CodeIgniter->handleRequest(null, Object(Config\Cache), false)
 5 FCPATH/index.php(79): CodeIgniter\CodeIgniter->run()
WARNING - 2024-11-29 15:30:32 --> [DEPRECATED] Creation of dynamic property App\Controllers\Cron\Players::$validation is deprecated in APPPATH/Controllers/BaseController.php on line 57.
 1 SYSTEMPATH/CodeIgniter.php(892): App\Controllers\BaseController->initController(Object(CodeIgniter\HTTP\IncomingRequest), Object(CodeIgniter\HTTP\Response), Object(CodeIgniter\Log\Logger))
 2 SYSTEMPATH/CodeIgniter.php(485): CodeIgniter\CodeIgniter->createController()
 3 SYSTEMPATH/CodeIgniter.php(353): CodeIgniter\CodeIgniter->handleRequest(null, Object(Config\Cache), false)
 4 FCPATH/index.php(79): CodeIgniter\CodeIgniter->run()
WARNING - 2024-11-29 15:30:32 --> [DEPRECATED] Creation of dynamic property App\Controllers\Cron\Matches::$validation is deprecated in APPPATH/Controllers/BaseController.php on line 57.
 1 SYSTEMPATH/CodeIgniter.php(892): App\Controllers\BaseController->initController(Object(CodeIgniter\HTTP\IncomingRequest), Object(CodeIgniter\HTTP\Response), Object(CodeIgniter\Log\Logger))
 2 SYSTEMPATH/CodeIgniter.php(485): CodeIgniter\CodeIgniter->createController()
 3 SYSTEMPATH/CodeIgniter.php(353): CodeIgniter\CodeIgniter->handleRequest(null, Object(Config\Cache), false)
 4 FCPATH/index.php(79): CodeIgniter\CodeIgniter->run()
WARNING - 2024-11-29 15:30:32 --> [DEPRECATED] Creation of dynamic property App\Models\UserModel::$userBankAccoTbl is deprecated in APPPATH/Models/UserModel.php on line 18.
 1 APPPATH/Controllers/Cron/Players.php(34): App\Models\UserModel->__construct()
 2 SYSTEMPATH/CodeIgniter.php(919): App\Controllers\Cron\Players->getMatchPlayers()
 3 SYSTEMPATH/CodeIgniter.php(494): CodeIgniter\CodeIgniter->runController(Object(App\Controllers\Cron\Players))
 4 SYSTEMPATH/CodeIgniter.php(353): CodeIgniter\CodeIgniter->handleRequest(null, Object(Config\Cache), false)
 5 FCPATH/index.php(79): CodeIgniter\CodeIgniter->run()
WARNING - 2024-11-29 18:30:32 --> [DEPRECATED] Creation of dynamic property App\Controllers\Cron\Players::$validation is deprecated in APPPATH/Controllers/BaseController.php on line 57.
 1 SYSTEMPATH/CodeIgniter.php(892): App\Controllers\BaseController->initController(Object(CodeIgniter\HTTP\IncomingRequest), Object(CodeIgniter\HTTP\Response), Object(CodeIgniter\Log\Logger))
 2 SYSTEMPATH/CodeIgniter.php(485): CodeIgniter\CodeIgniter->createController()
 3 SYSTEMPATH/CodeIgniter.php(353): CodeIgniter\CodeIgniter->handleRequest(null, Object(Config\Cache), false)
 4 FCPATH/index.php(79): CodeIgniter\CodeIgniter->run()
WARNING - 2024-11-29 18:30:32 --> [DEPRECATED] Creation of dynamic property App\Controllers\Cron\Matches::$validation is deprecated in APPPATH/Controllers/BaseController.php on line 57.
 1 SYSTEMPATH/CodeIgniter.php(892): App\Controllers\BaseController->initController(Object(CodeIgniter\HTTP\IncomingRequest), Object(CodeIgniter\HTTP\Response), Object(CodeIgniter\Log\Logger))
 2 SYSTEMPATH/CodeIgniter.php(485): CodeIgniter\CodeIgniter->createController()
 3 SYSTEMPATH/CodeIgniter.php(353): CodeIgniter\CodeIgniter->handleRequest(null, Object(Config\Cache), false)
 4 FCPATH/index.php(79): CodeIgniter\CodeIgniter->run()
WARNING - 2024-11-29 18:30:32 --> [DEPRECATED] Creation of dynamic property App\Controllers\Cron\Toss::$validation is deprecated in APPPATH/Controllers/BaseController.php on line 57.
 1 SYSTEMPATH/CodeIgniter.php(892): App\Controllers\BaseController->initController(Object(CodeIgniter\HTTP\IncomingRequest), Object(CodeIgniter\HTTP\Response), Object(CodeIgniter\Log\Logger))
 2 SYSTEMPATH/CodeIgniter.php(485): CodeIgniter\CodeIgniter->createController()
 3 SYSTEMPATH/CodeIgniter.php(353): CodeIgniter\CodeIgniter->handleRequest(null, Object(Config\Cache), false)
 4 FCPATH/index.php(79): CodeIgniter\CodeIgniter->run()
WARNING - 2024-11-29 18:30:32 --> [DEPRECATED] Creation of dynamic property App\Models\UserModel::$userBankAccoTbl is deprecated in APPPATH/Models/UserModel.php on line 18.
 1 APPPATH/Controllers/Cron/Players.php(34): App\Models\UserModel->__construct()
 2 SYSTEMPATH/CodeIgniter.php(919): App\Controllers\Cron\Players->getMatchPlayers()
 3 SYSTEMPATH/CodeIgniter.php(494): CodeIgniter\CodeIgniter->runController(Object(App\Controllers\Cron\Players))
 4 SYSTEMPATH/CodeIgniter.php(353): CodeIgniter\CodeIgniter->handleRequest(null, Object(Config\Cache), false)
 5 FCPATH/index.php(79): CodeIgniter\CodeIgniter->run()
WARNING - 2024-11-29 21:30:01 --> [DEPRECATED] Creation of dynamic property App\Controllers\Cron\Players::$validation is deprecated in APPPATH/Controllers/BaseController.php on line 57.
 1 SYSTEMPATH/CodeIgniter.php(892): App\Controllers\BaseController->initController(Object(CodeIgniter\HTTP\IncomingRequest), Object(CodeIgniter\HTTP\Response), Object(CodeIgniter\Log\Logger))
 2 SYSTEMPATH/CodeIgniter.php(485): CodeIgniter\CodeIgniter->createController()
 3 SYSTEMPATH/CodeIgniter.php(353): CodeIgniter\CodeIgniter->handleRequest(null, Object(Config\Cache), false)
 4 FCPATH/index.php(79): CodeIgniter\CodeIgniter->run()
WARNING - 2024-11-29 21:30:01 --> [DEPRECATED] Creation of dynamic property App\Models\UserModel::$userBankAccoTbl is deprecated in APPPATH/Models/UserModel.php on line 18.
 1 APPPATH/Controllers/Cron/Players.php(34): App\Models\UserModel->__construct()
 2 SYSTEMPATH/CodeIgniter.php(919): App\Controllers\Cron\Players->getMatchPlayers()
 3 SYSTEMPATH/CodeIgniter.php(494): CodeIgniter\CodeIgniter->runController(Object(App\Controllers\Cron\Players))
 4 SYSTEMPATH/CodeIgniter.php(353): CodeIgniter\CodeIgniter->handleRequest(null, Object(Config\Cache), false)
 5 FCPATH/index.php(79): CodeIgniter\CodeIgniter->run()
WARNING - 2024-11-29 21:30:31 --> [DEPRECATED] Creation of dynamic property App\Controllers\Cron\Matches::$validation is deprecated in APPPATH/Controllers/BaseController.php on line 57.
 1 SYSTEMPATH/CodeIgniter.php(892): App\Controllers\BaseController->initController(Object(CodeIgniter\HTTP\IncomingRequest), Object(CodeIgniter\HTTP\Response), Object(CodeIgniter\Log\Logger))
 2 SYSTEMPATH/CodeIgniter.php(485): CodeIgniter\CodeIgniter->createController()
 3 SYSTEMPATH/CodeIgniter.php(353): CodeIgniter\CodeIgniter->handleRequest(null, Object(Config\Cache), false)
 4 FCPATH/index.php(79): CodeIgniter\CodeIgniter->run()
WARNING - 2024-11-29 22:53:43 --> [DEPRECATED] Creation of dynamic property App\Controllers\Cron\News::$validation is deprecated in APPPATH/Controllers/BaseController.php on line 57.
 1 SYSTEMPATH/CodeIgniter.php(892): App\Controllers\BaseController->initController(Object(CodeIgniter\HTTP\IncomingRequest), Object(CodeIgniter\HTTP\Response), Object(CodeIgniter\Log\Logger))
 2 SYSTEMPATH/CodeIgniter.php(485): CodeIgniter\CodeIgniter->createController()
 3 SYSTEMPATH/CodeIgniter.php(353): CodeIgniter\CodeIgniter->handleRequest(null, Object(Config\Cache), false)
 4 FCPATH/index.php(79): CodeIgniter\CodeIgniter->run()
