CRITICAL - 2024-07-17 13:16:31 --> Undefined array key 0
in APPPATH/Controllers/Contest.php on line 2891.
 1 APPPATH/Controllers/Contest.php(2891): CodeIgniter\Debug\Exceptions->errorHandler(2, 'Undefined array key 0', '/home/xhtmlreviews/public_html/api-player6/app/Controllers/Contest.php', 2891)
 2 SYSTEMPATH/CodeIgniter.php(919): App\Controllers\Contest->updateCaptain()
 3 SYSTEMPATH/CodeIgniter.php(494): CodeIgniter\CodeIgniter->runController(Object(App\Controllers\Contest))
 4 SYSTEMPATH/CodeIgniter.php(353): CodeIgniter\CodeIgniter->handleRequest(null, Object(Config\Cache), false)
 5 FCPATH/index.php(79): CodeIgniter\CodeIgniter->run()
CRITICAL - 2024-07-17 13:16:59 --> Undefined array key 0
in APPPATH/Controllers/Contest.php on line 2891.
 1 APPPATH/Controllers/Contest.php(2891): CodeIgniter\Debug\Exceptions->errorHandler(2, 'Undefined array key 0', '/home/xhtmlreviews/public_html/api-player6/app/Controllers/Contest.php', 2891)
 2 SYSTEMPATH/CodeIgniter.php(919): App\Controllers\Contest->updateCaptain()
 3 SYSTEMPATH/CodeIgniter.php(494): CodeIgniter\CodeIgniter->runController(Object(App\Controllers\Contest))
 4 SYSTEMPATH/CodeIgniter.php(353): CodeIgniter\CodeIgniter->handleRequest(null, Object(Config\Cache), false)
 5 FCPATH/index.php(79): CodeIgniter\CodeIgniter->run()
CRITICAL - 2024-07-17 13:17:10 --> Undefined array key 0
in APPPATH/Controllers/Contest.php on line 2887.
 1 APPPATH/Controllers/Contest.php(2887): CodeIgniter\Debug\Exceptions->errorHandler(2, 'Undefined array key 0', '/home/xhtmlreviews/public_html/api-player6/app/Controllers/Contest.php', 2887)
 2 SYSTEMPATH/CodeIgniter.php(919): App\Controllers\Contest->updateCaptain()
 3 SYSTEMPATH/CodeIgniter.php(494): CodeIgniter\CodeIgniter->runController(Object(App\Controllers\Contest))
 4 SYSTEMPATH/CodeIgniter.php(353): CodeIgniter\CodeIgniter->handleRequest(null, Object(Config\Cache), false)
 5 FCPATH/index.php(79): CodeIgniter\CodeIgniter->run()
CRITICAL - 2024-07-17 13:40:43 --> Undefined array key 0
in APPPATH/Controllers/Contest.php on line 2891.
 1 APPPATH/Controllers/Contest.php(2891): CodeIgniter\Debug\Exceptions->errorHandler(2, 'Undefined array key 0', '/home/xhtmlreviews/public_html/api-player6/app/Controllers/Contest.php', 2891)
 2 SYSTEMPATH/CodeIgniter.php(919): App\Controllers\Contest->updateCaptain()
 3 SYSTEMPATH/CodeIgniter.php(494): CodeIgniter\CodeIgniter->runController(Object(App\Controllers\Contest))
 4 SYSTEMPATH/CodeIgniter.php(353): CodeIgniter\CodeIgniter->handleRequest(null, Object(Config\Cache), false)
 5 FCPATH/index.php(79): CodeIgniter\CodeIgniter->run()
CRITICAL - 2024-07-17 13:44:37 --> Undefined array key 0
in APPPATH/Controllers/Contest.php on line 2891.
 1 APPPATH/Controllers/Contest.php(2891): CodeIgniter\Debug\Exceptions->errorHandler(2, 'Undefined array key 0', '/home/xhtmlreviews/public_html/api-player6/app/Controllers/Contest.php', 2891)
 2 SYSTEMPATH/CodeIgniter.php(919): App\Controllers\Contest->updateCaptain()
 3 SYSTEMPATH/CodeIgniter.php(494): CodeIgniter\CodeIgniter->runController(Object(App\Controllers\Contest))
 4 SYSTEMPATH/CodeIgniter.php(353): CodeIgniter\CodeIgniter->handleRequest(null, Object(Config\Cache), false)
 5 FCPATH/index.php(79): CodeIgniter\CodeIgniter->run()
CRITICAL - 2024-07-17 13:44:39 --> Undefined array key 0
in APPPATH/Controllers/Contest.php on line 2891.
 1 APPPATH/Controllers/Contest.php(2891): CodeIgniter\Debug\Exceptions->errorHandler(2, 'Undefined array key 0', '/home/xhtmlreviews/public_html/api-player6/app/Controllers/Contest.php', 2891)
 2 SYSTEMPATH/CodeIgniter.php(919): App\Controllers\Contest->updateCaptain()
 3 SYSTEMPATH/CodeIgniter.php(494): CodeIgniter\CodeIgniter->runController(Object(App\Controllers\Contest))
 4 SYSTEMPATH/CodeIgniter.php(353): CodeIgniter\CodeIgniter->handleRequest(null, Object(Config\Cache), false)
 5 FCPATH/index.php(79): CodeIgniter\CodeIgniter->run()
WARNING - 2024-07-17 13:46:30 --> [DEPRECATED] Creation of dynamic property CodeIgniter\HTTP\IncomingRequest::$token is deprecated in APPPATH/Filters/Auth.php on line 44.
 1 SYSTEMPATH/Filters/Filters.php(180): App\Filters\Auth->before(Object(CodeIgniter\HTTP\IncomingRequest), null)
 2 SYSTEMPATH/CodeIgniter.php(466): CodeIgniter\Filters\Filters->run('1.0/auth/User/1/game/11/selCaps', 'before')
 3 SYSTEMPATH/CodeIgniter.php(353): CodeIgniter\CodeIgniter->handleRequest(null, Object(Config\Cache), false)
 4 FCPATH/index.php(79): CodeIgniter\CodeIgniter->run()
WARNING - 2024-07-17 13:46:30 --> [DEPRECATED] Creation of dynamic property CodeIgniter\HTTP\IncomingRequest::$decoded is deprecated in APPPATH/Filters/Auth.php on line 45.
 1 SYSTEMPATH/Filters/Filters.php(180): App\Filters\Auth->before(Object(CodeIgniter\HTTP\IncomingRequest), null)
 2 SYSTEMPATH/CodeIgniter.php(466): CodeIgniter\Filters\Filters->run('1.0/auth/User/1/game/11/selCaps', 'before')
 3 SYSTEMPATH/CodeIgniter.php(353): CodeIgniter\CodeIgniter->handleRequest(null, Object(Config\Cache), false)
 4 FCPATH/index.php(79): CodeIgniter\CodeIgniter->run()
WARNING - 2024-07-17 13:46:30 --> [DEPRECATED] Creation of dynamic property App\Controllers\Contest::$validation is deprecated in APPPATH/Controllers/BaseController.php on line 57.
 1 SYSTEMPATH/CodeIgniter.php(892): App\Controllers\BaseController->initController(Object(CodeIgniter\HTTP\IncomingRequest), Object(CodeIgniter\HTTP\Response), Object(CodeIgniter\Log\Logger))
 2 SYSTEMPATH/CodeIgniter.php(485): CodeIgniter\CodeIgniter->createController()
 3 SYSTEMPATH/CodeIgniter.php(353): CodeIgniter\CodeIgniter->handleRequest(null, Object(Config\Cache), false)
 4 FCPATH/index.php(79): CodeIgniter\CodeIgniter->run()
WARNING - 2024-07-17 13:46:30 --> [DEPRECATED] Creation of dynamic property App\Models\ContestFinalPlayers::$finPlayTbl is deprecated in APPPATH/Models/ContestFinalPlayers.php on line 13.
 1 APPPATH/Controllers/Contest.php(2857): App\Models\ContestFinalPlayers->__construct()
 2 SYSTEMPATH/CodeIgniter.php(919): App\Controllers\Contest->updateCaptain()
 3 SYSTEMPATH/CodeIgniter.php(494): CodeIgniter\CodeIgniter->runController(Object(App\Controllers\Contest))
 4 SYSTEMPATH/CodeIgniter.php(353): CodeIgniter\CodeIgniter->handleRequest(null, Object(Config\Cache), false)
 5 FCPATH/index.php(79): CodeIgniter\CodeIgniter->run()
CRITICAL - 2024-07-17 13:46:30 --> Undefined array key 0
in APPPATH/Controllers/Contest.php on line 2891.
 1 APPPATH/Controllers/Contest.php(2891): CodeIgniter\Debug\Exceptions->errorHandler(2, 'Undefined array key 0', '/home/xhtmlreviews/public_html/api-player6/app/Controllers/Contest.php', 2891)
 2 SYSTEMPATH/CodeIgniter.php(919): App\Controllers\Contest->updateCaptain()
 3 SYSTEMPATH/CodeIgniter.php(494): CodeIgniter\CodeIgniter->runController(Object(App\Controllers\Contest))
 4 SYSTEMPATH/CodeIgniter.php(353): CodeIgniter\CodeIgniter->handleRequest(null, Object(Config\Cache), false)
 5 FCPATH/index.php(79): CodeIgniter\CodeIgniter->run()
WARNING - 2024-07-17 13:48:07 --> [DEPRECATED] Creation of dynamic property CodeIgniter\HTTP\IncomingRequest::$token is deprecated in APPPATH/Filters/Auth.php on line 44.
 1 SYSTEMPATH/Filters/Filters.php(180): App\Filters\Auth->before(Object(CodeIgniter\HTTP\IncomingRequest), null)
 2 SYSTEMPATH/CodeIgniter.php(466): CodeIgniter\Filters\Filters->run('1.0/auth/User/1/game/11/selCaps', 'before')
 3 SYSTEMPATH/CodeIgniter.php(353): CodeIgniter\CodeIgniter->handleRequest(null, Object(Config\Cache), false)
 4 FCPATH/index.php(79): CodeIgniter\CodeIgniter->run()
WARNING - 2024-07-17 13:48:07 --> [DEPRECATED] Creation of dynamic property CodeIgniter\HTTP\IncomingRequest::$decoded is deprecated in APPPATH/Filters/Auth.php on line 45.
 1 SYSTEMPATH/Filters/Filters.php(180): App\Filters\Auth->before(Object(CodeIgniter\HTTP\IncomingRequest), null)
 2 SYSTEMPATH/CodeIgniter.php(466): CodeIgniter\Filters\Filters->run('1.0/auth/User/1/game/11/selCaps', 'before')
 3 SYSTEMPATH/CodeIgniter.php(353): CodeIgniter\CodeIgniter->handleRequest(null, Object(Config\Cache), false)
 4 FCPATH/index.php(79): CodeIgniter\CodeIgniter->run()
WARNING - 2024-07-17 13:48:07 --> [DEPRECATED] Creation of dynamic property App\Controllers\Contest::$validation is deprecated in APPPATH/Controllers/BaseController.php on line 57.
 1 SYSTEMPATH/CodeIgniter.php(892): App\Controllers\BaseController->initController(Object(CodeIgniter\HTTP\IncomingRequest), Object(CodeIgniter\HTTP\Response), Object(CodeIgniter\Log\Logger))
 2 SYSTEMPATH/CodeIgniter.php(485): CodeIgniter\CodeIgniter->createController()
 3 SYSTEMPATH/CodeIgniter.php(353): CodeIgniter\CodeIgniter->handleRequest(null, Object(Config\Cache), false)
 4 FCPATH/index.php(79): CodeIgniter\CodeIgniter->run()
WARNING - 2024-07-17 13:48:07 --> [DEPRECATED] Creation of dynamic property App\Models\ContestFinalPlayers::$finPlayTbl is deprecated in APPPATH/Models/ContestFinalPlayers.php on line 13.
 1 APPPATH/Controllers/Contest.php(2857): App\Models\ContestFinalPlayers->__construct()
 2 SYSTEMPATH/CodeIgniter.php(919): App\Controllers\Contest->updateCaptain()
 3 SYSTEMPATH/CodeIgniter.php(494): CodeIgniter\CodeIgniter->runController(Object(App\Controllers\Contest))
 4 SYSTEMPATH/CodeIgniter.php(353): CodeIgniter\CodeIgniter->handleRequest(null, Object(Config\Cache), false)
 5 FCPATH/index.php(79): CodeIgniter\CodeIgniter->run()
WARNING - 2024-07-17 13:48:08 --> [DEPRECATED] Creation of dynamic property CodeIgniter\HTTP\IncomingRequest::$token is deprecated in APPPATH/Filters/Auth.php on line 44.
 1 SYSTEMPATH/Filters/Filters.php(180): App\Filters\Auth->before(Object(CodeIgniter\HTTP\IncomingRequest), null)
 2 SYSTEMPATH/CodeIgniter.php(466): CodeIgniter\Filters\Filters->run('1.0/auth/User/1/updateDeviceToken', 'before')
 3 SYSTEMPATH/CodeIgniter.php(353): CodeIgniter\CodeIgniter->handleRequest(null, Object(Config\Cache), false)
 4 FCPATH/index.php(79): CodeIgniter\CodeIgniter->run()
WARNING - 2024-07-17 13:48:08 --> [DEPRECATED] Creation of dynamic property CodeIgniter\HTTP\IncomingRequest::$decoded is deprecated in APPPATH/Filters/Auth.php on line 45.
 1 SYSTEMPATH/Filters/Filters.php(180): App\Filters\Auth->before(Object(CodeIgniter\HTTP\IncomingRequest), null)
 2 SYSTEMPATH/CodeIgniter.php(466): CodeIgniter\Filters\Filters->run('1.0/auth/User/1/updateDeviceToken', 'before')
 3 SYSTEMPATH/CodeIgniter.php(353): CodeIgniter\CodeIgniter->handleRequest(null, Object(Config\Cache), false)
 4 FCPATH/index.php(79): CodeIgniter\CodeIgniter->run()
WARNING - 2024-07-17 13:48:08 --> [DEPRECATED] Creation of dynamic property App\Controllers\User::$validation is deprecated in APPPATH/Controllers/BaseController.php on line 57.
 1 SYSTEMPATH/CodeIgniter.php(892): App\Controllers\BaseController->initController(Object(CodeIgniter\HTTP\IncomingRequest), Object(CodeIgniter\HTTP\Response), Object(CodeIgniter\Log\Logger))
 2 SYSTEMPATH/CodeIgniter.php(485): CodeIgniter\CodeIgniter->createController()
 3 SYSTEMPATH/CodeIgniter.php(353): CodeIgniter\CodeIgniter->handleRequest(null, Object(Config\Cache), false)
 4 FCPATH/index.php(79): CodeIgniter\CodeIgniter->run()
WARNING - 2024-07-17 13:48:08 --> [DEPRECATED] Creation of dynamic property App\Models\UserModel::$userBankAccoTbl is deprecated in APPPATH/Models/UserModel.php on line 18.
 1 APPPATH/Controllers/User.php(2635): App\Models\UserModel->__construct()
 2 SYSTEMPATH/CodeIgniter.php(919): App\Controllers\User->updateDeviceToken()
 3 SYSTEMPATH/CodeIgniter.php(494): CodeIgniter\CodeIgniter->runController(Object(App\Controllers\User))
 4 SYSTEMPATH/CodeIgniter.php(353): CodeIgniter\CodeIgniter->handleRequest(null, Object(Config\Cache), false)
 5 FCPATH/index.php(79): CodeIgniter\CodeIgniter->run()
WARNING - 2024-07-17 13:48:08 --> [DEPRECATED] Creation of dynamic property CodeIgniter\HTTP\IncomingRequest::$token is deprecated in APPPATH/Filters/Auth.php on line 44.
 1 SYSTEMPATH/Filters/Filters.php(180): App\Filters\Auth->before(Object(CodeIgniter\HTTP\IncomingRequest), null)
 2 SYSTEMPATH/CodeIgniter.php(466): CodeIgniter\Filters\Filters->run('1.0/auth/User/1/profile', 'before')
 3 SYSTEMPATH/CodeIgniter.php(353): CodeIgniter\CodeIgniter->handleRequest(null, Object(Config\Cache), false)
 4 FCPATH/index.php(79): CodeIgniter\CodeIgniter->run()
WARNING - 2024-07-17 13:48:08 --> [DEPRECATED] Creation of dynamic property CodeIgniter\HTTP\IncomingRequest::$decoded is deprecated in APPPATH/Filters/Auth.php on line 45.
 1 SYSTEMPATH/Filters/Filters.php(180): App\Filters\Auth->before(Object(CodeIgniter\HTTP\IncomingRequest), null)
 2 SYSTEMPATH/CodeIgniter.php(466): CodeIgniter\Filters\Filters->run('1.0/auth/User/1/profile', 'before')
 3 SYSTEMPATH/CodeIgniter.php(353): CodeIgniter\CodeIgniter->handleRequest(null, Object(Config\Cache), false)
 4 FCPATH/index.php(79): CodeIgniter\CodeIgniter->run()
WARNING - 2024-07-17 13:48:08 --> [DEPRECATED] Creation of dynamic property App\Controllers\User::$validation is deprecated in APPPATH/Controllers/BaseController.php on line 57.
 1 SYSTEMPATH/CodeIgniter.php(892): App\Controllers\BaseController->initController(Object(CodeIgniter\HTTP\IncomingRequest), Object(CodeIgniter\HTTP\Response), Object(CodeIgniter\Log\Logger))
 2 SYSTEMPATH/CodeIgniter.php(485): CodeIgniter\CodeIgniter->createController()
 3 SYSTEMPATH/CodeIgniter.php(353): CodeIgniter\CodeIgniter->handleRequest(null, Object(Config\Cache), false)
 4 FCPATH/index.php(79): CodeIgniter\CodeIgniter->run()
WARNING - 2024-07-17 13:48:08 --> [DEPRECATED] Creation of dynamic property App\Models\UserModel::$userBankAccoTbl is deprecated in APPPATH/Models/UserModel.php on line 18.
 1 APPPATH/Controllers/User.php(1348): App\Models\UserModel->__construct()
 2 SYSTEMPATH/CodeIgniter.php(919): App\Controllers\User->GetProfile()
 3 SYSTEMPATH/CodeIgniter.php(494): CodeIgniter\CodeIgniter->runController(Object(App\Controllers\User))
 4 SYSTEMPATH/CodeIgniter.php(353): CodeIgniter\CodeIgniter->handleRequest(null, Object(Config\Cache), false)
 5 FCPATH/index.php(79): CodeIgniter\CodeIgniter->run()
WARNING - 2024-07-17 13:48:09 --> [DEPRECATED] Creation of dynamic property CodeIgniter\HTTP\IncomingRequest::$token is deprecated in APPPATH/Filters/Auth.php on line 44.
 1 SYSTEMPATH/Filters/Filters.php(180): App\Filters\Auth->before(Object(CodeIgniter\HTTP\IncomingRequest), null)
 2 SYSTEMPATH/CodeIgniter.php(466): CodeIgniter\Filters\Filters->run('1.0/auth/User/1/appBanners', 'before')
 3 SYSTEMPATH/CodeIgniter.php(353): CodeIgniter\CodeIgniter->handleRequest(null, Object(Config\Cache), false)
 4 FCPATH/index.php(79): CodeIgniter\CodeIgniter->run()
WARNING - 2024-07-17 13:48:09 --> [DEPRECATED] Creation of dynamic property CodeIgniter\HTTP\IncomingRequest::$decoded is deprecated in APPPATH/Filters/Auth.php on line 45.
 1 SYSTEMPATH/Filters/Filters.php(180): App\Filters\Auth->before(Object(CodeIgniter\HTTP\IncomingRequest), null)
 2 SYSTEMPATH/CodeIgniter.php(466): CodeIgniter\Filters\Filters->run('1.0/auth/User/1/appBanners', 'before')
 3 SYSTEMPATH/CodeIgniter.php(353): CodeIgniter\CodeIgniter->handleRequest(null, Object(Config\Cache), false)
 4 FCPATH/index.php(79): CodeIgniter\CodeIgniter->run()
WARNING - 2024-07-17 13:48:09 --> [DEPRECATED] Creation of dynamic property CodeIgniter\HTTP\IncomingRequest::$token is deprecated in APPPATH/Filters/Auth.php on line 44.
 1 SYSTEMPATH/Filters/Filters.php(180): App\Filters\Auth->before(Object(CodeIgniter\HTTP\IncomingRequest), null)
 2 SYSTEMPATH/CodeIgniter.php(466): CodeIgniter\Filters\Filters->run('1.0/auth/User/1/onGoingMatches', 'before')
 3 SYSTEMPATH/CodeIgniter.php(353): CodeIgniter\CodeIgniter->handleRequest(null, Object(Config\Cache), false)
 4 FCPATH/index.php(79): CodeIgniter\CodeIgniter->run()
WARNING - 2024-07-17 13:48:09 --> [DEPRECATED] Creation of dynamic property CodeIgniter\HTTP\IncomingRequest::$decoded is deprecated in APPPATH/Filters/Auth.php on line 45.
 1 SYSTEMPATH/Filters/Filters.php(180): App\Filters\Auth->before(Object(CodeIgniter\HTTP\IncomingRequest), null)
 2 SYSTEMPATH/CodeIgniter.php(466): CodeIgniter\Filters\Filters->run('1.0/auth/User/1/onGoingMatches', 'before')
 3 SYSTEMPATH/CodeIgniter.php(353): CodeIgniter\CodeIgniter->handleRequest(null, Object(Config\Cache), false)
 4 FCPATH/index.php(79): CodeIgniter\CodeIgniter->run()
WARNING - 2024-07-17 13:48:09 --> [DEPRECATED] Creation of dynamic property App\Controllers\User::$validation is deprecated in APPPATH/Controllers/BaseController.php on line 57.
 1 SYSTEMPATH/CodeIgniter.php(892): App\Controllers\BaseController->initController(Object(CodeIgniter\HTTP\IncomingRequest), Object(CodeIgniter\HTTP\Response), Object(CodeIgniter\Log\Logger))
 2 SYSTEMPATH/CodeIgniter.php(485): CodeIgniter\CodeIgniter->createController()
 3 SYSTEMPATH/CodeIgniter.php(353): CodeIgniter\CodeIgniter->handleRequest(null, Object(Config\Cache), false)
 4 FCPATH/index.php(79): CodeIgniter\CodeIgniter->run()
WARNING - 2024-07-17 13:48:09 --> [DEPRECATED] Creation of dynamic property App\Controllers\Matches::$validation is deprecated in APPPATH/Controllers/BaseController.php on line 57.
 1 SYSTEMPATH/CodeIgniter.php(892): App\Controllers\BaseController->initController(Object(CodeIgniter\HTTP\IncomingRequest), Object(CodeIgniter\HTTP\Response), Object(CodeIgniter\Log\Logger))
 2 SYSTEMPATH/CodeIgniter.php(485): CodeIgniter\CodeIgniter->createController()
 3 SYSTEMPATH/CodeIgniter.php(353): CodeIgniter\CodeIgniter->handleRequest(null, Object(Config\Cache), false)
 4 FCPATH/index.php(79): CodeIgniter\CodeIgniter->run()
WARNING - 2024-07-17 13:48:10 --> [DEPRECATED] Creation of dynamic property App\Models\UserModel::$userBankAccoTbl is deprecated in APPPATH/Models/UserModel.php on line 18.
 1 APPPATH/Controllers/User.php(1516): App\Models\UserModel->__construct()
 2 SYSTEMPATH/CodeIgniter.php(919): App\Controllers\User->appBanners()
 3 SYSTEMPATH/CodeIgniter.php(494): CodeIgniter\CodeIgniter->runController(Object(App\Controllers\User))
 4 SYSTEMPATH/CodeIgniter.php(353): CodeIgniter\CodeIgniter->handleRequest(null, Object(Config\Cache), false)
 5 FCPATH/index.php(79): CodeIgniter\CodeIgniter->run()
WARNING - 2024-07-17 13:48:10 --> [DEPRECATED] Creation of dynamic property CodeIgniter\HTTP\IncomingRequest::$token is deprecated in APPPATH/Filters/Auth.php on line 44.
 1 SYSTEMPATH/Filters/Filters.php(180): App\Filters\Auth->before(Object(CodeIgniter\HTTP\IncomingRequest), null)
 2 SYSTEMPATH/CodeIgniter.php(466): CodeIgniter\Filters\Filters->run('1.0/auth/User/1/upComingMatches', 'before')
 3 SYSTEMPATH/CodeIgniter.php(353): CodeIgniter\CodeIgniter->handleRequest(null, Object(Config\Cache), false)
 4 FCPATH/index.php(79): CodeIgniter\CodeIgniter->run()
WARNING - 2024-07-17 13:48:10 --> [DEPRECATED] Creation of dynamic property CodeIgniter\HTTP\IncomingRequest::$decoded is deprecated in APPPATH/Filters/Auth.php on line 45.
 1 SYSTEMPATH/Filters/Filters.php(180): App\Filters\Auth->before(Object(CodeIgniter\HTTP\IncomingRequest), null)
 2 SYSTEMPATH/CodeIgniter.php(466): CodeIgniter\Filters\Filters->run('1.0/auth/User/1/upComingMatches', 'before')
 3 SYSTEMPATH/CodeIgniter.php(353): CodeIgniter\CodeIgniter->handleRequest(null, Object(Config\Cache), false)
 4 FCPATH/index.php(79): CodeIgniter\CodeIgniter->run()
WARNING - 2024-07-17 13:48:10 --> [DEPRECATED] Creation of dynamic property App\Controllers\Matches::$validation is deprecated in APPPATH/Controllers/BaseController.php on line 57.
 1 SYSTEMPATH/CodeIgniter.php(892): App\Controllers\BaseController->initController(Object(CodeIgniter\HTTP\IncomingRequest), Object(CodeIgniter\HTTP\Response), Object(CodeIgniter\Log\Logger))
 2 SYSTEMPATH/CodeIgniter.php(485): CodeIgniter\CodeIgniter->createController()
 3 SYSTEMPATH/CodeIgniter.php(353): CodeIgniter\CodeIgniter->handleRequest(null, Object(Config\Cache), false)
 4 FCPATH/index.php(79): CodeIgniter\CodeIgniter->run()
WARNING - 2024-07-17 13:48:12 --> [DEPRECATED] Creation of dynamic property CodeIgniter\HTTP\IncomingRequest::$token is deprecated in APPPATH/Filters/Auth.php on line 44.
 1 SYSTEMPATH/Filters/Filters.php(180): App\Filters\Auth->before(Object(CodeIgniter\HTTP\IncomingRequest), null)
 2 SYSTEMPATH/CodeIgniter.php(466): CodeIgniter\Filters\Filters->run('1.0/auth/User/1/allRunningGames', 'before')
 3 SYSTEMPATH/CodeIgniter.php(353): CodeIgniter\CodeIgniter->handleRequest(null, Object(Config\Cache), false)
 4 FCPATH/index.php(79): CodeIgniter\CodeIgniter->run()
WARNING - 2024-07-17 13:48:12 --> [DEPRECATED] Creation of dynamic property CodeIgniter\HTTP\IncomingRequest::$decoded is deprecated in APPPATH/Filters/Auth.php on line 45.
 1 SYSTEMPATH/Filters/Filters.php(180): App\Filters\Auth->before(Object(CodeIgniter\HTTP\IncomingRequest), null)
 2 SYSTEMPATH/CodeIgniter.php(466): CodeIgniter\Filters\Filters->run('1.0/auth/User/1/allRunningGames', 'before')
 3 SYSTEMPATH/CodeIgniter.php(353): CodeIgniter\CodeIgniter->handleRequest(null, Object(Config\Cache), false)
 4 FCPATH/index.php(79): CodeIgniter\CodeIgniter->run()
WARNING - 2024-07-17 13:48:12 --> [DEPRECATED] Creation of dynamic property App\Controllers\Contest::$validation is deprecated in APPPATH/Controllers/BaseController.php on line 57.
 1 SYSTEMPATH/CodeIgniter.php(892): App\Controllers\BaseController->initController(Object(CodeIgniter\HTTP\IncomingRequest), Object(CodeIgniter\HTTP\Response), Object(CodeIgniter\Log\Logger))
 2 SYSTEMPATH/CodeIgniter.php(485): CodeIgniter\CodeIgniter->createController()
 3 SYSTEMPATH/CodeIgniter.php(353): CodeIgniter\CodeIgniter->handleRequest(null, Object(Config\Cache), false)
 4 FCPATH/index.php(79): CodeIgniter\CodeIgniter->run()
WARNING - 2024-07-17 13:48:16 --> [DEPRECATED] Creation of dynamic property CodeIgniter\HTTP\IncomingRequest::$token is deprecated in APPPATH/Filters/Auth.php on line 44.
 1 SYSTEMPATH/Filters/Filters.php(180): App\Filters\Auth->before(Object(CodeIgniter\HTTP\IncomingRequest), null)
 2 SYSTEMPATH/CodeIgniter.php(466): CodeIgniter\Filters\Filters->run('1.0/auth/User/1/game/11', 'before')
 3 SYSTEMPATH/CodeIgniter.php(353): CodeIgniter\CodeIgniter->handleRequest(null, Object(Config\Cache), false)
 4 FCPATH/index.php(79): CodeIgniter\CodeIgniter->run()
WARNING - 2024-07-17 13:48:16 --> [DEPRECATED] Creation of dynamic property CodeIgniter\HTTP\IncomingRequest::$decoded is deprecated in APPPATH/Filters/Auth.php on line 45.
 1 SYSTEMPATH/Filters/Filters.php(180): App\Filters\Auth->before(Object(CodeIgniter\HTTP\IncomingRequest), null)
 2 SYSTEMPATH/CodeIgniter.php(466): CodeIgniter\Filters\Filters->run('1.0/auth/User/1/game/11', 'before')
 3 SYSTEMPATH/CodeIgniter.php(353): CodeIgniter\CodeIgniter->handleRequest(null, Object(Config\Cache), false)
 4 FCPATH/index.php(79): CodeIgniter\CodeIgniter->run()
WARNING - 2024-07-17 13:48:16 --> [DEPRECATED] Creation of dynamic property App\Controllers\Contest::$validation is deprecated in APPPATH/Controllers/BaseController.php on line 57.
 1 SYSTEMPATH/CodeIgniter.php(892): App\Controllers\BaseController->initController(Object(CodeIgniter\HTTP\IncomingRequest), Object(CodeIgniter\HTTP\Response), Object(CodeIgniter\Log\Logger))
 2 SYSTEMPATH/CodeIgniter.php(485): CodeIgniter\CodeIgniter->createController()
 3 SYSTEMPATH/CodeIgniter.php(353): CodeIgniter\CodeIgniter->handleRequest(null, Object(Config\Cache), false)
 4 FCPATH/index.php(79): CodeIgniter\CodeIgniter->run()
WARNING - 2024-07-17 13:48:16 --> [DEPRECATED] Creation of dynamic property CodeIgniter\HTTP\IncomingRequest::$token is deprecated in APPPATH/Filters/Auth.php on line 44.
 1 SYSTEMPATH/Filters/Filters.php(180): App\Filters\Auth->before(Object(CodeIgniter\HTTP\IncomingRequest), null)
 2 SYSTEMPATH/CodeIgniter.php(466): CodeIgniter\Filters\Filters->run('1.0/auth/User/1/game/11', 'before')
 3 SYSTEMPATH/CodeIgniter.php(353): CodeIgniter\CodeIgniter->handleRequest(null, Object(Config\Cache), false)
 4 FCPATH/index.php(79): CodeIgniter\CodeIgniter->run()
WARNING - 2024-07-17 13:48:16 --> [DEPRECATED] Creation of dynamic property CodeIgniter\HTTP\IncomingRequest::$decoded is deprecated in APPPATH/Filters/Auth.php on line 45.
 1 SYSTEMPATH/Filters/Filters.php(180): App\Filters\Auth->before(Object(CodeIgniter\HTTP\IncomingRequest), null)
 2 SYSTEMPATH/CodeIgniter.php(466): CodeIgniter\Filters\Filters->run('1.0/auth/User/1/game/11', 'before')
 3 SYSTEMPATH/CodeIgniter.php(353): CodeIgniter\CodeIgniter->handleRequest(null, Object(Config\Cache), false)
 4 FCPATH/index.php(79): CodeIgniter\CodeIgniter->run()
WARNING - 2024-07-17 13:48:16 --> [DEPRECATED] Creation of dynamic property App\Controllers\Contest::$validation is deprecated in APPPATH/Controllers/BaseController.php on line 57.
 1 SYSTEMPATH/CodeIgniter.php(892): App\Controllers\BaseController->initController(Object(CodeIgniter\HTTP\IncomingRequest), Object(CodeIgniter\HTTP\Response), Object(CodeIgniter\Log\Logger))
 2 SYSTEMPATH/CodeIgniter.php(485): CodeIgniter\CodeIgniter->createController()
 3 SYSTEMPATH/CodeIgniter.php(353): CodeIgniter\CodeIgniter->handleRequest(null, Object(Config\Cache), false)
 4 FCPATH/index.php(79): CodeIgniter\CodeIgniter->run()
WARNING - 2024-07-17 13:48:17 --> [DEPRECATED] Creation of dynamic property CodeIgniter\HTTP\IncomingRequest::$token is deprecated in APPPATH/Filters/Auth.php on line 44.
 1 SYSTEMPATH/Filters/Filters.php(180): App\Filters\Auth->before(Object(CodeIgniter\HTTP\IncomingRequest), null)
 2 SYSTEMPATH/CodeIgniter.php(466): CodeIgniter\Filters\Filters->run('1.0/auth/User/1/game/11/finalSixPlayers', 'before')
 3 SYSTEMPATH/CodeIgniter.php(353): CodeIgniter\CodeIgniter->handleRequest(null, Object(Config\Cache), false)
 4 FCPATH/index.php(79): CodeIgniter\CodeIgniter->run()
WARNING - 2024-07-17 13:48:17 --> [DEPRECATED] Creation of dynamic property CodeIgniter\HTTP\IncomingRequest::$decoded is deprecated in APPPATH/Filters/Auth.php on line 45.
 1 SYSTEMPATH/Filters/Filters.php(180): App\Filters\Auth->before(Object(CodeIgniter\HTTP\IncomingRequest), null)
 2 SYSTEMPATH/CodeIgniter.php(466): CodeIgniter\Filters\Filters->run('1.0/auth/User/1/game/11/finalSixPlayers', 'before')
 3 SYSTEMPATH/CodeIgniter.php(353): CodeIgniter\CodeIgniter->handleRequest(null, Object(Config\Cache), false)
 4 FCPATH/index.php(79): CodeIgniter\CodeIgniter->run()
WARNING - 2024-07-17 13:48:17 --> [DEPRECATED] Creation of dynamic property App\Controllers\Contest::$validation is deprecated in APPPATH/Controllers/BaseController.php on line 57.
 1 SYSTEMPATH/CodeIgniter.php(892): App\Controllers\BaseController->initController(Object(CodeIgniter\HTTP\IncomingRequest), Object(CodeIgniter\HTTP\Response), Object(CodeIgniter\Log\Logger))
 2 SYSTEMPATH/CodeIgniter.php(485): CodeIgniter\CodeIgniter->createController()
 3 SYSTEMPATH/CodeIgniter.php(353): CodeIgniter\CodeIgniter->handleRequest(null, Object(Config\Cache), false)
 4 FCPATH/index.php(79): CodeIgniter\CodeIgniter->run()
WARNING - 2024-07-17 13:48:17 --> [DEPRECATED] Creation of dynamic property App\Models\ContestFinalPlayers::$finPlayTbl is deprecated in APPPATH/Models/ContestFinalPlayers.php on line 13.
 1 APPPATH/Controllers/Contest.php(2731): App\Models\ContestFinalPlayers->__construct()
 2 SYSTEMPATH/CodeIgniter.php(919): App\Controllers\Contest->gatfinalSixPlayers()
 3 SYSTEMPATH/CodeIgniter.php(494): CodeIgniter\CodeIgniter->runController(Object(App\Controllers\Contest))
 4 SYSTEMPATH/CodeIgniter.php(353): CodeIgniter\CodeIgniter->handleRequest(null, Object(Config\Cache), false)
 5 FCPATH/index.php(79): CodeIgniter\CodeIgniter->run()
WARNING - 2024-07-17 13:48:18 --> [DEPRECATED] Creation of dynamic property App\Controllers\ServerEvents::$validation is deprecated in APPPATH/Controllers/BaseController.php on line 57.
 1 SYSTEMPATH/CodeIgniter.php(892): App\Controllers\BaseController->initController(Object(CodeIgniter\HTTP\IncomingRequest), Object(CodeIgniter\HTTP\Response), Object(CodeIgniter\Log\Logger))
 2 SYSTEMPATH/CodeIgniter.php(485): CodeIgniter\CodeIgniter->createController()
 3 SYSTEMPATH/CodeIgniter.php(353): CodeIgniter\CodeIgniter->handleRequest(null, Object(Config\Cache), false)
 4 FCPATH/index.php(79): CodeIgniter\CodeIgniter->run()
WARNING - 2024-07-17 13:48:18 --> [DEPRECATED] Creation of dynamic property CodeIgniter\HTTP\IncomingRequest::$token is deprecated in APPPATH/Filters/Auth.php on line 44.
 1 SYSTEMPATH/Filters/Filters.php(180): App\Filters\Auth->before(Object(CodeIgniter\HTTP\IncomingRequest), null)
 2 SYSTEMPATH/CodeIgniter.php(466): CodeIgniter\Filters\Filters->run('1.0/auth/User/1/game/11/Players11', 'before')
 3 SYSTEMPATH/CodeIgniter.php(353): CodeIgniter\CodeIgniter->handleRequest(null, Object(Config\Cache), false)
 4 FCPATH/index.php(79): CodeIgniter\CodeIgniter->run()
WARNING - 2024-07-17 13:48:18 --> [DEPRECATED] Creation of dynamic property CodeIgniter\HTTP\IncomingRequest::$decoded is deprecated in APPPATH/Filters/Auth.php on line 45.
 1 SYSTEMPATH/Filters/Filters.php(180): App\Filters\Auth->before(Object(CodeIgniter\HTTP\IncomingRequest), null)
 2 SYSTEMPATH/CodeIgniter.php(466): CodeIgniter\Filters\Filters->run('1.0/auth/User/1/game/11/Players11', 'before')
 3 SYSTEMPATH/CodeIgniter.php(353): CodeIgniter\CodeIgniter->handleRequest(null, Object(Config\Cache), false)
 4 FCPATH/index.php(79): CodeIgniter\CodeIgniter->run()
WARNING - 2024-07-17 13:48:18 --> [DEPRECATED] Creation of dynamic property App\Controllers\Contest::$validation is deprecated in APPPATH/Controllers/BaseController.php on line 57.
 1 SYSTEMPATH/CodeIgniter.php(892): App\Controllers\BaseController->initController(Object(CodeIgniter\HTTP\IncomingRequest), Object(CodeIgniter\HTTP\Response), Object(CodeIgniter\Log\Logger))
 2 SYSTEMPATH/CodeIgniter.php(485): CodeIgniter\CodeIgniter->createController()
 3 SYSTEMPATH/CodeIgniter.php(353): CodeIgniter\CodeIgniter->handleRequest(null, Object(Config\Cache), false)
 4 FCPATH/index.php(79): CodeIgniter\CodeIgniter->run()
WARNING - 2024-07-17 13:48:18 --> [DEPRECATED] Creation of dynamic property App\Models\UserModel::$userBankAccoTbl is deprecated in APPPATH/Models/UserModel.php on line 18.
 1 APPPATH/Controllers/Contest.php(1927): App\Models\UserModel->__construct()
 2 SYSTEMPATH/CodeIgniter.php(919): App\Controllers\Contest->gatMatchPlayers11()
 3 SYSTEMPATH/CodeIgniter.php(494): CodeIgniter\CodeIgniter->runController(Object(App\Controllers\Contest))
 4 SYSTEMPATH/CodeIgniter.php(353): CodeIgniter\CodeIgniter->handleRequest(null, Object(Config\Cache), false)
 5 FCPATH/index.php(79): CodeIgniter\CodeIgniter->run()
WARNING - 2024-07-17 13:48:18 --> [DEPRECATED] Creation of dynamic property App\Models\ContestFinalPlayers::$finPlayTbl is deprecated in APPPATH/Models/ContestFinalPlayers.php on line 13.
 1 APPPATH/Controllers/Contest.php(1928): App\Models\ContestFinalPlayers->__construct()
 2 SYSTEMPATH/CodeIgniter.php(919): App\Controllers\Contest->gatMatchPlayers11()
 3 SYSTEMPATH/CodeIgniter.php(494): CodeIgniter\CodeIgniter->runController(Object(App\Controllers\Contest))
 4 SYSTEMPATH/CodeIgniter.php(353): CodeIgniter\CodeIgniter->handleRequest(null, Object(Config\Cache), false)
 5 FCPATH/index.php(79): CodeIgniter\CodeIgniter->run()
WARNING - 2024-07-17 13:48:19 --> [DEPRECATED] Creation of dynamic property CodeIgniter\HTTP\IncomingRequest::$token is deprecated in APPPATH/Filters/Auth.php on line 44.
 1 SYSTEMPATH/Filters/Filters.php(180): App\Filters\Auth->before(Object(CodeIgniter\HTTP\IncomingRequest), null)
 2 SYSTEMPATH/CodeIgniter.php(466): CodeIgniter\Filters\Filters->run('1.0/auth/User/1/game/11/finalSixPlayers', 'before')
 3 SYSTEMPATH/CodeIgniter.php(353): CodeIgniter\CodeIgniter->handleRequest(null, Object(Config\Cache), false)
 4 FCPATH/index.php(79): CodeIgniter\CodeIgniter->run()
WARNING - 2024-07-17 13:48:19 --> [DEPRECATED] Creation of dynamic property CodeIgniter\HTTP\IncomingRequest::$decoded is deprecated in APPPATH/Filters/Auth.php on line 45.
 1 SYSTEMPATH/Filters/Filters.php(180): App\Filters\Auth->before(Object(CodeIgniter\HTTP\IncomingRequest), null)
 2 SYSTEMPATH/CodeIgniter.php(466): CodeIgniter\Filters\Filters->run('1.0/auth/User/1/game/11/finalSixPlayers', 'before')
 3 SYSTEMPATH/CodeIgniter.php(353): CodeIgniter\CodeIgniter->handleRequest(null, Object(Config\Cache), false)
 4 FCPATH/index.php(79): CodeIgniter\CodeIgniter->run()
WARNING - 2024-07-17 13:48:19 --> [DEPRECATED] Creation of dynamic property App\Controllers\Contest::$validation is deprecated in APPPATH/Controllers/BaseController.php on line 57.
 1 SYSTEMPATH/CodeIgniter.php(892): App\Controllers\BaseController->initController(Object(CodeIgniter\HTTP\IncomingRequest), Object(CodeIgniter\HTTP\Response), Object(CodeIgniter\Log\Logger))
 2 SYSTEMPATH/CodeIgniter.php(485): CodeIgniter\CodeIgniter->createController()
 3 SYSTEMPATH/CodeIgniter.php(353): CodeIgniter\CodeIgniter->handleRequest(null, Object(Config\Cache), false)
 4 FCPATH/index.php(79): CodeIgniter\CodeIgniter->run()
WARNING - 2024-07-17 13:48:19 --> [DEPRECATED] Creation of dynamic property App\Models\ContestFinalPlayers::$finPlayTbl is deprecated in APPPATH/Models/ContestFinalPlayers.php on line 13.
 1 APPPATH/Controllers/Contest.php(2731): App\Models\ContestFinalPlayers->__construct()
 2 SYSTEMPATH/CodeIgniter.php(919): App\Controllers\Contest->gatfinalSixPlayers()
 3 SYSTEMPATH/CodeIgniter.php(494): CodeIgniter\CodeIgniter->runController(Object(App\Controllers\Contest))
 4 SYSTEMPATH/CodeIgniter.php(353): CodeIgniter\CodeIgniter->handleRequest(null, Object(Config\Cache), false)
 5 FCPATH/index.php(79): CodeIgniter\CodeIgniter->run()
WARNING - 2024-07-17 13:48:24 --> [DEPRECATED] Creation of dynamic property CodeIgniter\HTTP\IncomingRequest::$token is deprecated in APPPATH/Filters/Auth.php on line 44.
 1 SYSTEMPATH/Filters/Filters.php(180): App\Filters\Auth->before(Object(CodeIgniter\HTTP\IncomingRequest), null)
 2 SYSTEMPATH/CodeIgniter.php(466): CodeIgniter\Filters\Filters->run('1.0/auth/User/1/allRunningGames', 'before')
 3 SYSTEMPATH/CodeIgniter.php(353): CodeIgniter\CodeIgniter->handleRequest(null, Object(Config\Cache), false)
 4 FCPATH/index.php(79): CodeIgniter\CodeIgniter->run()
WARNING - 2024-07-17 13:48:24 --> [DEPRECATED] Creation of dynamic property CodeIgniter\HTTP\IncomingRequest::$decoded is deprecated in APPPATH/Filters/Auth.php on line 45.
 1 SYSTEMPATH/Filters/Filters.php(180): App\Filters\Auth->before(Object(CodeIgniter\HTTP\IncomingRequest), null)
 2 SYSTEMPATH/CodeIgniter.php(466): CodeIgniter\Filters\Filters->run('1.0/auth/User/1/allRunningGames', 'before')
 3 SYSTEMPATH/CodeIgniter.php(353): CodeIgniter\CodeIgniter->handleRequest(null, Object(Config\Cache), false)
 4 FCPATH/index.php(79): CodeIgniter\CodeIgniter->run()
WARNING - 2024-07-17 13:48:24 --> [DEPRECATED] Creation of dynamic property App\Controllers\Contest::$validation is deprecated in APPPATH/Controllers/BaseController.php on line 57.
 1 SYSTEMPATH/CodeIgniter.php(892): App\Controllers\BaseController->initController(Object(CodeIgniter\HTTP\IncomingRequest), Object(CodeIgniter\HTTP\Response), Object(CodeIgniter\Log\Logger))
 2 SYSTEMPATH/CodeIgniter.php(485): CodeIgniter\CodeIgniter->createController()
 3 SYSTEMPATH/CodeIgniter.php(353): CodeIgniter\CodeIgniter->handleRequest(null, Object(Config\Cache), false)
 4 FCPATH/index.php(79): CodeIgniter\CodeIgniter->run()
WARNING - 2024-07-17 13:48:26 --> [DEPRECATED] Creation of dynamic property CodeIgniter\HTTP\IncomingRequest::$token is deprecated in APPPATH/Filters/Auth.php on line 44.
 1 SYSTEMPATH/Filters/Filters.php(180): App\Filters\Auth->before(Object(CodeIgniter\HTTP\IncomingRequest), null)
 2 SYSTEMPATH/CodeIgniter.php(466): CodeIgniter\Filters\Filters->run('1.0/auth/User/1/game/11', 'before')
 3 SYSTEMPATH/CodeIgniter.php(353): CodeIgniter\CodeIgniter->handleRequest(null, Object(Config\Cache), false)
 4 FCPATH/index.php(79): CodeIgniter\CodeIgniter->run()
WARNING - 2024-07-17 13:48:26 --> [DEPRECATED] Creation of dynamic property CodeIgniter\HTTP\IncomingRequest::$decoded is deprecated in APPPATH/Filters/Auth.php on line 45.
 1 SYSTEMPATH/Filters/Filters.php(180): App\Filters\Auth->before(Object(CodeIgniter\HTTP\IncomingRequest), null)
 2 SYSTEMPATH/CodeIgniter.php(466): CodeIgniter\Filters\Filters->run('1.0/auth/User/1/game/11', 'before')
 3 SYSTEMPATH/CodeIgniter.php(353): CodeIgniter\CodeIgniter->handleRequest(null, Object(Config\Cache), false)
 4 FCPATH/index.php(79): CodeIgniter\CodeIgniter->run()
WARNING - 2024-07-17 13:48:26 --> [DEPRECATED] Creation of dynamic property App\Controllers\Contest::$validation is deprecated in APPPATH/Controllers/BaseController.php on line 57.
 1 SYSTEMPATH/CodeIgniter.php(892): App\Controllers\BaseController->initController(Object(CodeIgniter\HTTP\IncomingRequest), Object(CodeIgniter\HTTP\Response), Object(CodeIgniter\Log\Logger))
 2 SYSTEMPATH/CodeIgniter.php(485): CodeIgniter\CodeIgniter->createController()
 3 SYSTEMPATH/CodeIgniter.php(353): CodeIgniter\CodeIgniter->handleRequest(null, Object(Config\Cache), false)
 4 FCPATH/index.php(79): CodeIgniter\CodeIgniter->run()
WARNING - 2024-07-17 13:48:26 --> [DEPRECATED] Creation of dynamic property CodeIgniter\HTTP\IncomingRequest::$token is deprecated in APPPATH/Filters/Auth.php on line 44.
 1 SYSTEMPATH/Filters/Filters.php(180): App\Filters\Auth->before(Object(CodeIgniter\HTTP\IncomingRequest), null)
 2 SYSTEMPATH/CodeIgniter.php(466): CodeIgniter\Filters\Filters->run('1.0/auth/User/1/game/11', 'before')
 3 SYSTEMPATH/CodeIgniter.php(353): CodeIgniter\CodeIgniter->handleRequest(null, Object(Config\Cache), false)
 4 FCPATH/index.php(79): CodeIgniter\CodeIgniter->run()
WARNING - 2024-07-17 13:48:26 --> [DEPRECATED] Creation of dynamic property CodeIgniter\HTTP\IncomingRequest::$decoded is deprecated in APPPATH/Filters/Auth.php on line 45.
 1 SYSTEMPATH/Filters/Filters.php(180): App\Filters\Auth->before(Object(CodeIgniter\HTTP\IncomingRequest), null)
 2 SYSTEMPATH/CodeIgniter.php(466): CodeIgniter\Filters\Filters->run('1.0/auth/User/1/game/11', 'before')
 3 SYSTEMPATH/CodeIgniter.php(353): CodeIgniter\CodeIgniter->handleRequest(null, Object(Config\Cache), false)
 4 FCPATH/index.php(79): CodeIgniter\CodeIgniter->run()
WARNING - 2024-07-17 13:48:26 --> [DEPRECATED] Creation of dynamic property App\Controllers\Contest::$validation is deprecated in APPPATH/Controllers/BaseController.php on line 57.
 1 SYSTEMPATH/CodeIgniter.php(892): App\Controllers\BaseController->initController(Object(CodeIgniter\HTTP\IncomingRequest), Object(CodeIgniter\HTTP\Response), Object(CodeIgniter\Log\Logger))
 2 SYSTEMPATH/CodeIgniter.php(485): CodeIgniter\CodeIgniter->createController()
 3 SYSTEMPATH/CodeIgniter.php(353): CodeIgniter\CodeIgniter->handleRequest(null, Object(Config\Cache), false)
 4 FCPATH/index.php(79): CodeIgniter\CodeIgniter->run()
WARNING - 2024-07-17 13:48:27 --> [DEPRECATED] Creation of dynamic property App\Controllers\ServerEvents::$validation is deprecated in APPPATH/Controllers/BaseController.php on line 57.
 1 SYSTEMPATH/CodeIgniter.php(892): App\Controllers\BaseController->initController(Object(CodeIgniter\HTTP\IncomingRequest), Object(CodeIgniter\HTTP\Response), Object(CodeIgniter\Log\Logger))
 2 SYSTEMPATH/CodeIgniter.php(485): CodeIgniter\CodeIgniter->createController()
 3 SYSTEMPATH/CodeIgniter.php(353): CodeIgniter\CodeIgniter->handleRequest(null, Object(Config\Cache), false)
 4 FCPATH/index.php(79): CodeIgniter\CodeIgniter->run()
WARNING - 2024-07-17 13:48:27 --> [DEPRECATED] Creation of dynamic property CodeIgniter\HTTP\IncomingRequest::$token is deprecated in APPPATH/Filters/Auth.php on line 44.
 1 SYSTEMPATH/Filters/Filters.php(180): App\Filters\Auth->before(Object(CodeIgniter\HTTP\IncomingRequest), null)
 2 SYSTEMPATH/CodeIgniter.php(466): CodeIgniter\Filters\Filters->run('1.0/auth/User/1/game/11/Players11', 'before')
 3 SYSTEMPATH/CodeIgniter.php(353): CodeIgniter\CodeIgniter->handleRequest(null, Object(Config\Cache), false)
 4 FCPATH/index.php(79): CodeIgniter\CodeIgniter->run()
WARNING - 2024-07-17 13:48:27 --> [DEPRECATED] Creation of dynamic property CodeIgniter\HTTP\IncomingRequest::$decoded is deprecated in APPPATH/Filters/Auth.php on line 45.
 1 SYSTEMPATH/Filters/Filters.php(180): App\Filters\Auth->before(Object(CodeIgniter\HTTP\IncomingRequest), null)
 2 SYSTEMPATH/CodeIgniter.php(466): CodeIgniter\Filters\Filters->run('1.0/auth/User/1/game/11/Players11', 'before')
 3 SYSTEMPATH/CodeIgniter.php(353): CodeIgniter\CodeIgniter->handleRequest(null, Object(Config\Cache), false)
 4 FCPATH/index.php(79): CodeIgniter\CodeIgniter->run()
WARNING - 2024-07-17 13:48:27 --> [DEPRECATED] Creation of dynamic property App\Controllers\Contest::$validation is deprecated in APPPATH/Controllers/BaseController.php on line 57.
 1 SYSTEMPATH/CodeIgniter.php(892): App\Controllers\BaseController->initController(Object(CodeIgniter\HTTP\IncomingRequest), Object(CodeIgniter\HTTP\Response), Object(CodeIgniter\Log\Logger))
 2 SYSTEMPATH/CodeIgniter.php(485): CodeIgniter\CodeIgniter->createController()
 3 SYSTEMPATH/CodeIgniter.php(353): CodeIgniter\CodeIgniter->handleRequest(null, Object(Config\Cache), false)
 4 FCPATH/index.php(79): CodeIgniter\CodeIgniter->run()
WARNING - 2024-07-17 13:48:28 --> [DEPRECATED] Creation of dynamic property App\Models\UserModel::$userBankAccoTbl is deprecated in APPPATH/Models/UserModel.php on line 18.
 1 APPPATH/Controllers/Contest.php(1927): App\Models\UserModel->__construct()
 2 SYSTEMPATH/CodeIgniter.php(919): App\Controllers\Contest->gatMatchPlayers11()
 3 SYSTEMPATH/CodeIgniter.php(494): CodeIgniter\CodeIgniter->runController(Object(App\Controllers\Contest))
 4 SYSTEMPATH/CodeIgniter.php(353): CodeIgniter\CodeIgniter->handleRequest(null, Object(Config\Cache), false)
 5 FCPATH/index.php(79): CodeIgniter\CodeIgniter->run()
WARNING - 2024-07-17 13:48:28 --> [DEPRECATED] Creation of dynamic property App\Models\ContestFinalPlayers::$finPlayTbl is deprecated in APPPATH/Models/ContestFinalPlayers.php on line 13.
 1 APPPATH/Controllers/Contest.php(1928): App\Models\ContestFinalPlayers->__construct()
 2 SYSTEMPATH/CodeIgniter.php(919): App\Controllers\Contest->gatMatchPlayers11()
 3 SYSTEMPATH/CodeIgniter.php(494): CodeIgniter\CodeIgniter->runController(Object(App\Controllers\Contest))
 4 SYSTEMPATH/CodeIgniter.php(353): CodeIgniter\CodeIgniter->handleRequest(null, Object(Config\Cache), false)
 5 FCPATH/index.php(79): CodeIgniter\CodeIgniter->run()
WARNING - 2024-07-17 13:48:29 --> [DEPRECATED] Creation of dynamic property CodeIgniter\HTTP\IncomingRequest::$token is deprecated in APPPATH/Filters/Auth.php on line 44.
 1 SYSTEMPATH/Filters/Filters.php(180): App\Filters\Auth->before(Object(CodeIgniter\HTTP\IncomingRequest), null)
 2 SYSTEMPATH/CodeIgniter.php(466): CodeIgniter\Filters\Filters->run('1.0/auth/User/1/game/11/finalSixPlayers', 'before')
 3 SYSTEMPATH/CodeIgniter.php(353): CodeIgniter\CodeIgniter->handleRequest(null, Object(Config\Cache), false)
 4 FCPATH/index.php(79): CodeIgniter\CodeIgniter->run()
WARNING - 2024-07-17 13:48:29 --> [DEPRECATED] Creation of dynamic property CodeIgniter\HTTP\IncomingRequest::$decoded is deprecated in APPPATH/Filters/Auth.php on line 45.
 1 SYSTEMPATH/Filters/Filters.php(180): App\Filters\Auth->before(Object(CodeIgniter\HTTP\IncomingRequest), null)
 2 SYSTEMPATH/CodeIgniter.php(466): CodeIgniter\Filters\Filters->run('1.0/auth/User/1/game/11/finalSixPlayers', 'before')
 3 SYSTEMPATH/CodeIgniter.php(353): CodeIgniter\CodeIgniter->handleRequest(null, Object(Config\Cache), false)
 4 FCPATH/index.php(79): CodeIgniter\CodeIgniter->run()
WARNING - 2024-07-17 13:48:29 --> [DEPRECATED] Creation of dynamic property App\Controllers\Contest::$validation is deprecated in APPPATH/Controllers/BaseController.php on line 57.
 1 SYSTEMPATH/CodeIgniter.php(892): App\Controllers\BaseController->initController(Object(CodeIgniter\HTTP\IncomingRequest), Object(CodeIgniter\HTTP\Response), Object(CodeIgniter\Log\Logger))
 2 SYSTEMPATH/CodeIgniter.php(485): CodeIgniter\CodeIgniter->createController()
 3 SYSTEMPATH/CodeIgniter.php(353): CodeIgniter\CodeIgniter->handleRequest(null, Object(Config\Cache), false)
 4 FCPATH/index.php(79): CodeIgniter\CodeIgniter->run()
WARNING - 2024-07-17 13:48:29 --> [DEPRECATED] Creation of dynamic property App\Models\ContestFinalPlayers::$finPlayTbl is deprecated in APPPATH/Models/ContestFinalPlayers.php on line 13.
 1 APPPATH/Controllers/Contest.php(2731): App\Models\ContestFinalPlayers->__construct()
 2 SYSTEMPATH/CodeIgniter.php(919): App\Controllers\Contest->gatfinalSixPlayers()
 3 SYSTEMPATH/CodeIgniter.php(494): CodeIgniter\CodeIgniter->runController(Object(App\Controllers\Contest))
 4 SYSTEMPATH/CodeIgniter.php(353): CodeIgniter\CodeIgniter->handleRequest(null, Object(Config\Cache), false)
 5 FCPATH/index.php(79): CodeIgniter\CodeIgniter->run()
WARNING - 2024-07-17 13:48:31 --> [DEPRECATED] Creation of dynamic property CodeIgniter\HTTP\IncomingRequest::$token is deprecated in APPPATH/Filters/Auth.php on line 44.
 1 SYSTEMPATH/Filters/Filters.php(180): App\Filters\Auth->before(Object(CodeIgniter\HTTP\IncomingRequest), null)
 2 SYSTEMPATH/CodeIgniter.php(466): CodeIgniter\Filters\Filters->run('1.0/auth/User/1/game/11/selCaps', 'before')
 3 SYSTEMPATH/CodeIgniter.php(353): CodeIgniter\CodeIgniter->handleRequest(null, Object(Config\Cache), false)
 4 FCPATH/index.php(79): CodeIgniter\CodeIgniter->run()
WARNING - 2024-07-17 13:48:31 --> [DEPRECATED] Creation of dynamic property CodeIgniter\HTTP\IncomingRequest::$decoded is deprecated in APPPATH/Filters/Auth.php on line 45.
 1 SYSTEMPATH/Filters/Filters.php(180): App\Filters\Auth->before(Object(CodeIgniter\HTTP\IncomingRequest), null)
 2 SYSTEMPATH/CodeIgniter.php(466): CodeIgniter\Filters\Filters->run('1.0/auth/User/1/game/11/selCaps', 'before')
 3 SYSTEMPATH/CodeIgniter.php(353): CodeIgniter\CodeIgniter->handleRequest(null, Object(Config\Cache), false)
 4 FCPATH/index.php(79): CodeIgniter\CodeIgniter->run()
WARNING - 2024-07-17 13:48:31 --> [DEPRECATED] Creation of dynamic property App\Controllers\Contest::$validation is deprecated in APPPATH/Controllers/BaseController.php on line 57.
 1 SYSTEMPATH/CodeIgniter.php(892): App\Controllers\BaseController->initController(Object(CodeIgniter\HTTP\IncomingRequest), Object(CodeIgniter\HTTP\Response), Object(CodeIgniter\Log\Logger))
 2 SYSTEMPATH/CodeIgniter.php(485): CodeIgniter\CodeIgniter->createController()
 3 SYSTEMPATH/CodeIgniter.php(353): CodeIgniter\CodeIgniter->handleRequest(null, Object(Config\Cache), false)
 4 FCPATH/index.php(79): CodeIgniter\CodeIgniter->run()
WARNING - 2024-07-17 13:48:31 --> [DEPRECATED] Creation of dynamic property CodeIgniter\HTTP\IncomingRequest::$token is deprecated in APPPATH/Filters/Auth.php on line 44.
 1 SYSTEMPATH/Filters/Filters.php(180): App\Filters\Auth->before(Object(CodeIgniter\HTTP\IncomingRequest), null)
 2 SYSTEMPATH/CodeIgniter.php(466): CodeIgniter\Filters\Filters->run('1.0/auth/User/1/game/11/finalSixPlayers', 'before')
 3 SYSTEMPATH/CodeIgniter.php(353): CodeIgniter\CodeIgniter->handleRequest(null, Object(Config\Cache), false)
 4 FCPATH/index.php(79): CodeIgniter\CodeIgniter->run()
WARNING - 2024-07-17 13:48:31 --> [DEPRECATED] Creation of dynamic property CodeIgniter\HTTP\IncomingRequest::$decoded is deprecated in APPPATH/Filters/Auth.php on line 45.
 1 SYSTEMPATH/Filters/Filters.php(180): App\Filters\Auth->before(Object(CodeIgniter\HTTP\IncomingRequest), null)
 2 SYSTEMPATH/CodeIgniter.php(466): CodeIgniter\Filters\Filters->run('1.0/auth/User/1/game/11/finalSixPlayers', 'before')
 3 SYSTEMPATH/CodeIgniter.php(353): CodeIgniter\CodeIgniter->handleRequest(null, Object(Config\Cache), false)
 4 FCPATH/index.php(79): CodeIgniter\CodeIgniter->run()
WARNING - 2024-07-17 13:48:31 --> [DEPRECATED] Creation of dynamic property App\Controllers\Contest::$validation is deprecated in APPPATH/Controllers/BaseController.php on line 57.
 1 SYSTEMPATH/CodeIgniter.php(892): App\Controllers\BaseController->initController(Object(CodeIgniter\HTTP\IncomingRequest), Object(CodeIgniter\HTTP\Response), Object(CodeIgniter\Log\Logger))
 2 SYSTEMPATH/CodeIgniter.php(485): CodeIgniter\CodeIgniter->createController()
 3 SYSTEMPATH/CodeIgniter.php(353): CodeIgniter\CodeIgniter->handleRequest(null, Object(Config\Cache), false)
 4 FCPATH/index.php(79): CodeIgniter\CodeIgniter->run()
WARNING - 2024-07-17 13:48:31 --> [DEPRECATED] Creation of dynamic property App\Models\ContestFinalPlayers::$finPlayTbl is deprecated in APPPATH/Models/ContestFinalPlayers.php on line 13.
 1 APPPATH/Controllers/Contest.php(2731): App\Models\ContestFinalPlayers->__construct()
 2 SYSTEMPATH/CodeIgniter.php(919): App\Controllers\Contest->gatfinalSixPlayers()
 3 SYSTEMPATH/CodeIgniter.php(494): CodeIgniter\CodeIgniter->runController(Object(App\Controllers\Contest))
 4 SYSTEMPATH/CodeIgniter.php(353): CodeIgniter\CodeIgniter->handleRequest(null, Object(Config\Cache), false)
 5 FCPATH/index.php(79): CodeIgniter\CodeIgniter->run()
WARNING - 2024-07-17 13:48:34 --> [DEPRECATED] Creation of dynamic property CodeIgniter\HTTP\IncomingRequest::$token is deprecated in APPPATH/Filters/Auth.php on line 44.
 1 SYSTEMPATH/Filters/Filters.php(180): App\Filters\Auth->before(Object(CodeIgniter\HTTP\IncomingRequest), null)
 2 SYSTEMPATH/CodeIgniter.php(466): CodeIgniter\Filters\Filters->run('1.0/auth/User/1/allRunningGames', 'before')
 3 SYSTEMPATH/CodeIgniter.php(353): CodeIgniter\CodeIgniter->handleRequest(null, Object(Config\Cache), false)
 4 FCPATH/index.php(79): CodeIgniter\CodeIgniter->run()
WARNING - 2024-07-17 13:48:34 --> [DEPRECATED] Creation of dynamic property CodeIgniter\HTTP\IncomingRequest::$decoded is deprecated in APPPATH/Filters/Auth.php on line 45.
 1 SYSTEMPATH/Filters/Filters.php(180): App\Filters\Auth->before(Object(CodeIgniter\HTTP\IncomingRequest), null)
 2 SYSTEMPATH/CodeIgniter.php(466): CodeIgniter\Filters\Filters->run('1.0/auth/User/1/allRunningGames', 'before')
 3 SYSTEMPATH/CodeIgniter.php(353): CodeIgniter\CodeIgniter->handleRequest(null, Object(Config\Cache), false)
 4 FCPATH/index.php(79): CodeIgniter\CodeIgniter->run()
WARNING - 2024-07-17 13:48:34 --> [DEPRECATED] Creation of dynamic property App\Controllers\Contest::$validation is deprecated in APPPATH/Controllers/BaseController.php on line 57.
 1 SYSTEMPATH/CodeIgniter.php(892): App\Controllers\BaseController->initController(Object(CodeIgniter\HTTP\IncomingRequest), Object(CodeIgniter\HTTP\Response), Object(CodeIgniter\Log\Logger))
 2 SYSTEMPATH/CodeIgniter.php(485): CodeIgniter\CodeIgniter->createController()
 3 SYSTEMPATH/CodeIgniter.php(353): CodeIgniter\CodeIgniter->handleRequest(null, Object(Config\Cache), false)
 4 FCPATH/index.php(79): CodeIgniter\CodeIgniter->run()
WARNING - 2024-07-17 13:48:42 --> [DEPRECATED] Creation of dynamic property CodeIgniter\HTTP\IncomingRequest::$token is deprecated in APPPATH/Filters/Auth.php on line 44.
 1 SYSTEMPATH/Filters/Filters.php(180): App\Filters\Auth->before(Object(CodeIgniter\HTTP\IncomingRequest), null)
 2 SYSTEMPATH/CodeIgniter.php(466): CodeIgniter\Filters\Filters->run('1.0/auth/User/1/updateDeviceToken', 'before')
 3 SYSTEMPATH/CodeIgniter.php(353): CodeIgniter\CodeIgniter->handleRequest(null, Object(Config\Cache), false)
 4 FCPATH/index.php(79): CodeIgniter\CodeIgniter->run()
WARNING - 2024-07-17 13:48:42 --> [DEPRECATED] Creation of dynamic property CodeIgniter\HTTP\IncomingRequest::$decoded is deprecated in APPPATH/Filters/Auth.php on line 45.
 1 SYSTEMPATH/Filters/Filters.php(180): App\Filters\Auth->before(Object(CodeIgniter\HTTP\IncomingRequest), null)
 2 SYSTEMPATH/CodeIgniter.php(466): CodeIgniter\Filters\Filters->run('1.0/auth/User/1/updateDeviceToken', 'before')
 3 SYSTEMPATH/CodeIgniter.php(353): CodeIgniter\CodeIgniter->handleRequest(null, Object(Config\Cache), false)
 4 FCPATH/index.php(79): CodeIgniter\CodeIgniter->run()
WARNING - 2024-07-17 13:48:42 --> [DEPRECATED] Creation of dynamic property App\Controllers\User::$validation is deprecated in APPPATH/Controllers/BaseController.php on line 57.
 1 SYSTEMPATH/CodeIgniter.php(892): App\Controllers\BaseController->initController(Object(CodeIgniter\HTTP\IncomingRequest), Object(CodeIgniter\HTTP\Response), Object(CodeIgniter\Log\Logger))
 2 SYSTEMPATH/CodeIgniter.php(485): CodeIgniter\CodeIgniter->createController()
 3 SYSTEMPATH/CodeIgniter.php(353): CodeIgniter\CodeIgniter->handleRequest(null, Object(Config\Cache), false)
 4 FCPATH/index.php(79): CodeIgniter\CodeIgniter->run()
WARNING - 2024-07-17 13:48:42 --> [DEPRECATED] Creation of dynamic property App\Models\UserModel::$userBankAccoTbl is deprecated in APPPATH/Models/UserModel.php on line 18.
 1 APPPATH/Controllers/User.php(2635): App\Models\UserModel->__construct()
 2 SYSTEMPATH/CodeIgniter.php(919): App\Controllers\User->updateDeviceToken()
 3 SYSTEMPATH/CodeIgniter.php(494): CodeIgniter\CodeIgniter->runController(Object(App\Controllers\User))
 4 SYSTEMPATH/CodeIgniter.php(353): CodeIgniter\CodeIgniter->handleRequest(null, Object(Config\Cache), false)
 5 FCPATH/index.php(79): CodeIgniter\CodeIgniter->run()
WARNING - 2024-07-17 13:48:42 --> [DEPRECATED] Creation of dynamic property CodeIgniter\HTTP\IncomingRequest::$token is deprecated in APPPATH/Filters/Auth.php on line 44.
 1 SYSTEMPATH/Filters/Filters.php(180): App\Filters\Auth->before(Object(CodeIgniter\HTTP\IncomingRequest), null)
 2 SYSTEMPATH/CodeIgniter.php(466): CodeIgniter\Filters\Filters->run('1.0/auth/User/1/profile', 'before')
 3 SYSTEMPATH/CodeIgniter.php(353): CodeIgniter\CodeIgniter->handleRequest(null, Object(Config\Cache), false)
 4 FCPATH/index.php(79): CodeIgniter\CodeIgniter->run()
WARNING - 2024-07-17 13:48:42 --> [DEPRECATED] Creation of dynamic property CodeIgniter\HTTP\IncomingRequest::$decoded is deprecated in APPPATH/Filters/Auth.php on line 45.
 1 SYSTEMPATH/Filters/Filters.php(180): App\Filters\Auth->before(Object(CodeIgniter\HTTP\IncomingRequest), null)
 2 SYSTEMPATH/CodeIgniter.php(466): CodeIgniter\Filters\Filters->run('1.0/auth/User/1/profile', 'before')
 3 SYSTEMPATH/CodeIgniter.php(353): CodeIgniter\CodeIgniter->handleRequest(null, Object(Config\Cache), false)
 4 FCPATH/index.php(79): CodeIgniter\CodeIgniter->run()
WARNING - 2024-07-17 13:48:42 --> [DEPRECATED] Creation of dynamic property App\Controllers\User::$validation is deprecated in APPPATH/Controllers/BaseController.php on line 57.
 1 SYSTEMPATH/CodeIgniter.php(892): App\Controllers\BaseController->initController(Object(CodeIgniter\HTTP\IncomingRequest), Object(CodeIgniter\HTTP\Response), Object(CodeIgniter\Log\Logger))
 2 SYSTEMPATH/CodeIgniter.php(485): CodeIgniter\CodeIgniter->createController()
 3 SYSTEMPATH/CodeIgniter.php(353): CodeIgniter\CodeIgniter->handleRequest(null, Object(Config\Cache), false)
 4 FCPATH/index.php(79): CodeIgniter\CodeIgniter->run()
WARNING - 2024-07-17 13:48:42 --> [DEPRECATED] Creation of dynamic property App\Models\UserModel::$userBankAccoTbl is deprecated in APPPATH/Models/UserModel.php on line 18.
 1 APPPATH/Controllers/User.php(1348): App\Models\UserModel->__construct()
 2 SYSTEMPATH/CodeIgniter.php(919): App\Controllers\User->GetProfile()
 3 SYSTEMPATH/CodeIgniter.php(494): CodeIgniter\CodeIgniter->runController(Object(App\Controllers\User))
 4 SYSTEMPATH/CodeIgniter.php(353): CodeIgniter\CodeIgniter->handleRequest(null, Object(Config\Cache), false)
 5 FCPATH/index.php(79): CodeIgniter\CodeIgniter->run()
WARNING - 2024-07-17 13:48:43 --> [DEPRECATED] Creation of dynamic property CodeIgniter\HTTP\IncomingRequest::$token is deprecated in APPPATH/Filters/Auth.php on line 44.
 1 SYSTEMPATH/Filters/Filters.php(180): App\Filters\Auth->before(Object(CodeIgniter\HTTP\IncomingRequest), null)
 2 SYSTEMPATH/CodeIgniter.php(466): CodeIgniter\Filters\Filters->run('1.0/auth/User/1/onGoingMatches', 'before')
 3 SYSTEMPATH/CodeIgniter.php(353): CodeIgniter\CodeIgniter->handleRequest(null, Object(Config\Cache), false)
 4 FCPATH/index.php(79): CodeIgniter\CodeIgniter->run()
WARNING - 2024-07-17 13:48:43 --> [DEPRECATED] Creation of dynamic property CodeIgniter\HTTP\IncomingRequest::$decoded is deprecated in APPPATH/Filters/Auth.php on line 45.
 1 SYSTEMPATH/Filters/Filters.php(180): App\Filters\Auth->before(Object(CodeIgniter\HTTP\IncomingRequest), null)
 2 SYSTEMPATH/CodeIgniter.php(466): CodeIgniter\Filters\Filters->run('1.0/auth/User/1/onGoingMatches', 'before')
 3 SYSTEMPATH/CodeIgniter.php(353): CodeIgniter\CodeIgniter->handleRequest(null, Object(Config\Cache), false)
 4 FCPATH/index.php(79): CodeIgniter\CodeIgniter->run()
WARNING - 2024-07-17 13:48:43 --> [DEPRECATED] Creation of dynamic property CodeIgniter\HTTP\IncomingRequest::$token is deprecated in APPPATH/Filters/Auth.php on line 44.
 1 SYSTEMPATH/Filters/Filters.php(180): App\Filters\Auth->before(Object(CodeIgniter\HTTP\IncomingRequest), null)
 2 SYSTEMPATH/CodeIgniter.php(466): CodeIgniter\Filters\Filters->run('1.0/auth/User/1/appBanners', 'before')
 3 SYSTEMPATH/CodeIgniter.php(353): CodeIgniter\CodeIgniter->handleRequest(null, Object(Config\Cache), false)
 4 FCPATH/index.php(79): CodeIgniter\CodeIgniter->run()
WARNING - 2024-07-17 13:48:43 --> [DEPRECATED] Creation of dynamic property CodeIgniter\HTTP\IncomingRequest::$decoded is deprecated in APPPATH/Filters/Auth.php on line 45.
 1 SYSTEMPATH/Filters/Filters.php(180): App\Filters\Auth->before(Object(CodeIgniter\HTTP\IncomingRequest), null)
 2 SYSTEMPATH/CodeIgniter.php(466): CodeIgniter\Filters\Filters->run('1.0/auth/User/1/appBanners', 'before')
 3 SYSTEMPATH/CodeIgniter.php(353): CodeIgniter\CodeIgniter->handleRequest(null, Object(Config\Cache), false)
 4 FCPATH/index.php(79): CodeIgniter\CodeIgniter->run()
WARNING - 2024-07-17 13:48:43 --> [DEPRECATED] Creation of dynamic property App\Controllers\Matches::$validation is deprecated in APPPATH/Controllers/BaseController.php on line 57.
 1 SYSTEMPATH/CodeIgniter.php(892): App\Controllers\BaseController->initController(Object(CodeIgniter\HTTP\IncomingRequest), Object(CodeIgniter\HTTP\Response), Object(CodeIgniter\Log\Logger))
 2 SYSTEMPATH/CodeIgniter.php(485): CodeIgniter\CodeIgniter->createController()
 3 SYSTEMPATH/CodeIgniter.php(353): CodeIgniter\CodeIgniter->handleRequest(null, Object(Config\Cache), false)
 4 FCPATH/index.php(79): CodeIgniter\CodeIgniter->run()
WARNING - 2024-07-17 13:48:43 --> [DEPRECATED] Creation of dynamic property App\Controllers\User::$validation is deprecated in APPPATH/Controllers/BaseController.php on line 57.
 1 SYSTEMPATH/CodeIgniter.php(892): App\Controllers\BaseController->initController(Object(CodeIgniter\HTTP\IncomingRequest), Object(CodeIgniter\HTTP\Response), Object(CodeIgniter\Log\Logger))
 2 SYSTEMPATH/CodeIgniter.php(485): CodeIgniter\CodeIgniter->createController()
 3 SYSTEMPATH/CodeIgniter.php(353): CodeIgniter\CodeIgniter->handleRequest(null, Object(Config\Cache), false)
 4 FCPATH/index.php(79): CodeIgniter\CodeIgniter->run()
WARNING - 2024-07-17 13:48:43 --> [DEPRECATED] Creation of dynamic property App\Models\UserModel::$userBankAccoTbl is deprecated in APPPATH/Models/UserModel.php on line 18.
 1 APPPATH/Controllers/User.php(1516): App\Models\UserModel->__construct()
 2 SYSTEMPATH/CodeIgniter.php(919): App\Controllers\User->appBanners()
 3 SYSTEMPATH/CodeIgniter.php(494): CodeIgniter\CodeIgniter->runController(Object(App\Controllers\User))
 4 SYSTEMPATH/CodeIgniter.php(353): CodeIgniter\CodeIgniter->handleRequest(null, Object(Config\Cache), false)
 5 FCPATH/index.php(79): CodeIgniter\CodeIgniter->run()
WARNING - 2024-07-17 13:48:43 --> [DEPRECATED] Creation of dynamic property CodeIgniter\HTTP\IncomingRequest::$token is deprecated in APPPATH/Filters/Auth.php on line 44.
 1 SYSTEMPATH/Filters/Filters.php(180): App\Filters\Auth->before(Object(CodeIgniter\HTTP\IncomingRequest), null)
 2 SYSTEMPATH/CodeIgniter.php(466): CodeIgniter\Filters\Filters->run('1.0/auth/User/1/upComingMatches', 'before')
 3 SYSTEMPATH/CodeIgniter.php(353): CodeIgniter\CodeIgniter->handleRequest(null, Object(Config\Cache), false)
 4 FCPATH/index.php(79): CodeIgniter\CodeIgniter->run()
WARNING - 2024-07-17 13:48:43 --> [DEPRECATED] Creation of dynamic property CodeIgniter\HTTP\IncomingRequest::$decoded is deprecated in APPPATH/Filters/Auth.php on line 45.
 1 SYSTEMPATH/Filters/Filters.php(180): App\Filters\Auth->before(Object(CodeIgniter\HTTP\IncomingRequest), null)
 2 SYSTEMPATH/CodeIgniter.php(466): CodeIgniter\Filters\Filters->run('1.0/auth/User/1/upComingMatches', 'before')
 3 SYSTEMPATH/CodeIgniter.php(353): CodeIgniter\CodeIgniter->handleRequest(null, Object(Config\Cache), false)
 4 FCPATH/index.php(79): CodeIgniter\CodeIgniter->run()
WARNING - 2024-07-17 13:48:43 --> [DEPRECATED] Creation of dynamic property App\Controllers\Matches::$validation is deprecated in APPPATH/Controllers/BaseController.php on line 57.
 1 SYSTEMPATH/CodeIgniter.php(892): App\Controllers\BaseController->initController(Object(CodeIgniter\HTTP\IncomingRequest), Object(CodeIgniter\HTTP\Response), Object(CodeIgniter\Log\Logger))
 2 SYSTEMPATH/CodeIgniter.php(485): CodeIgniter\CodeIgniter->createController()
 3 SYSTEMPATH/CodeIgniter.php(353): CodeIgniter\CodeIgniter->handleRequest(null, Object(Config\Cache), false)
 4 FCPATH/index.php(79): CodeIgniter\CodeIgniter->run()
WARNING - 2024-07-17 13:48:44 --> [DEPRECATED] Creation of dynamic property CodeIgniter\HTTP\IncomingRequest::$token is deprecated in APPPATH/Filters/Auth.php on line 44.
 1 SYSTEMPATH/Filters/Filters.php(180): App\Filters\Auth->before(Object(CodeIgniter\HTTP\IncomingRequest), null)
 2 SYSTEMPATH/CodeIgniter.php(466): CodeIgniter\Filters\Filters->run('1.0/auth/User/1/allRunningGames', 'before')
 3 SYSTEMPATH/CodeIgniter.php(353): CodeIgniter\CodeIgniter->handleRequest(null, Object(Config\Cache), false)
 4 FCPATH/index.php(79): CodeIgniter\CodeIgniter->run()
WARNING - 2024-07-17 13:48:44 --> [DEPRECATED] Creation of dynamic property CodeIgniter\HTTP\IncomingRequest::$decoded is deprecated in APPPATH/Filters/Auth.php on line 45.
 1 SYSTEMPATH/Filters/Filters.php(180): App\Filters\Auth->before(Object(CodeIgniter\HTTP\IncomingRequest), null)
 2 SYSTEMPATH/CodeIgniter.php(466): CodeIgniter\Filters\Filters->run('1.0/auth/User/1/allRunningGames', 'before')
 3 SYSTEMPATH/CodeIgniter.php(353): CodeIgniter\CodeIgniter->handleRequest(null, Object(Config\Cache), false)
 4 FCPATH/index.php(79): CodeIgniter\CodeIgniter->run()
WARNING - 2024-07-17 13:48:44 --> [DEPRECATED] Creation of dynamic property App\Controllers\Contest::$validation is deprecated in APPPATH/Controllers/BaseController.php on line 57.
 1 SYSTEMPATH/CodeIgniter.php(892): App\Controllers\BaseController->initController(Object(CodeIgniter\HTTP\IncomingRequest), Object(CodeIgniter\HTTP\Response), Object(CodeIgniter\Log\Logger))
 2 SYSTEMPATH/CodeIgniter.php(485): CodeIgniter\CodeIgniter->createController()
 3 SYSTEMPATH/CodeIgniter.php(353): CodeIgniter\CodeIgniter->handleRequest(null, Object(Config\Cache), false)
 4 FCPATH/index.php(79): CodeIgniter\CodeIgniter->run()
WARNING - 2024-07-17 13:48:48 --> [DEPRECATED] Creation of dynamic property CodeIgniter\HTTP\IncomingRequest::$token is deprecated in APPPATH/Filters/Auth.php on line 44.
 1 SYSTEMPATH/Filters/Filters.php(180): App\Filters\Auth->before(Object(CodeIgniter\HTTP\IncomingRequest), null)
 2 SYSTEMPATH/CodeIgniter.php(466): CodeIgniter\Filters\Filters->run('1.0/auth/User/1/game/11', 'before')
 3 SYSTEMPATH/CodeIgniter.php(353): CodeIgniter\CodeIgniter->handleRequest(null, Object(Config\Cache), false)
 4 FCPATH/index.php(79): CodeIgniter\CodeIgniter->run()
WARNING - 2024-07-17 13:48:48 --> [DEPRECATED] Creation of dynamic property CodeIgniter\HTTP\IncomingRequest::$decoded is deprecated in APPPATH/Filters/Auth.php on line 45.
 1 SYSTEMPATH/Filters/Filters.php(180): App\Filters\Auth->before(Object(CodeIgniter\HTTP\IncomingRequest), null)
 2 SYSTEMPATH/CodeIgniter.php(466): CodeIgniter\Filters\Filters->run('1.0/auth/User/1/game/11', 'before')
 3 SYSTEMPATH/CodeIgniter.php(353): CodeIgniter\CodeIgniter->handleRequest(null, Object(Config\Cache), false)
 4 FCPATH/index.php(79): CodeIgniter\CodeIgniter->run()
WARNING - 2024-07-17 13:48:48 --> [DEPRECATED] Creation of dynamic property App\Controllers\Contest::$validation is deprecated in APPPATH/Controllers/BaseController.php on line 57.
 1 SYSTEMPATH/CodeIgniter.php(892): App\Controllers\BaseController->initController(Object(CodeIgniter\HTTP\IncomingRequest), Object(CodeIgniter\HTTP\Response), Object(CodeIgniter\Log\Logger))
 2 SYSTEMPATH/CodeIgniter.php(485): CodeIgniter\CodeIgniter->createController()
 3 SYSTEMPATH/CodeIgniter.php(353): CodeIgniter\CodeIgniter->handleRequest(null, Object(Config\Cache), false)
 4 FCPATH/index.php(79): CodeIgniter\CodeIgniter->run()
WARNING - 2024-07-17 13:48:48 --> [DEPRECATED] Creation of dynamic property CodeIgniter\HTTP\IncomingRequest::$token is deprecated in APPPATH/Filters/Auth.php on line 44.
 1 SYSTEMPATH/Filters/Filters.php(180): App\Filters\Auth->before(Object(CodeIgniter\HTTP\IncomingRequest), null)
 2 SYSTEMPATH/CodeIgniter.php(466): CodeIgniter\Filters\Filters->run('1.0/auth/User/1/game/11', 'before')
 3 SYSTEMPATH/CodeIgniter.php(353): CodeIgniter\CodeIgniter->handleRequest(null, Object(Config\Cache), false)
 4 FCPATH/index.php(79): CodeIgniter\CodeIgniter->run()
WARNING - 2024-07-17 13:48:48 --> [DEPRECATED] Creation of dynamic property CodeIgniter\HTTP\IncomingRequest::$decoded is deprecated in APPPATH/Filters/Auth.php on line 45.
 1 SYSTEMPATH/Filters/Filters.php(180): App\Filters\Auth->before(Object(CodeIgniter\HTTP\IncomingRequest), null)
 2 SYSTEMPATH/CodeIgniter.php(466): CodeIgniter\Filters\Filters->run('1.0/auth/User/1/game/11', 'before')
 3 SYSTEMPATH/CodeIgniter.php(353): CodeIgniter\CodeIgniter->handleRequest(null, Object(Config\Cache), false)
 4 FCPATH/index.php(79): CodeIgniter\CodeIgniter->run()
WARNING - 2024-07-17 13:48:48 --> [DEPRECATED] Creation of dynamic property App\Controllers\Contest::$validation is deprecated in APPPATH/Controllers/BaseController.php on line 57.
 1 SYSTEMPATH/CodeIgniter.php(892): App\Controllers\BaseController->initController(Object(CodeIgniter\HTTP\IncomingRequest), Object(CodeIgniter\HTTP\Response), Object(CodeIgniter\Log\Logger))
 2 SYSTEMPATH/CodeIgniter.php(485): CodeIgniter\CodeIgniter->createController()
 3 SYSTEMPATH/CodeIgniter.php(353): CodeIgniter\CodeIgniter->handleRequest(null, Object(Config\Cache), false)
 4 FCPATH/index.php(79): CodeIgniter\CodeIgniter->run()
WARNING - 2024-07-17 13:48:50 --> [DEPRECATED] Creation of dynamic property App\Controllers\ServerEvents::$validation is deprecated in APPPATH/Controllers/BaseController.php on line 57.
 1 SYSTEMPATH/CodeIgniter.php(892): App\Controllers\BaseController->initController(Object(CodeIgniter\HTTP\IncomingRequest), Object(CodeIgniter\HTTP\Response), Object(CodeIgniter\Log\Logger))
 2 SYSTEMPATH/CodeIgniter.php(485): CodeIgniter\CodeIgniter->createController()
 3 SYSTEMPATH/CodeIgniter.php(353): CodeIgniter\CodeIgniter->handleRequest(null, Object(Config\Cache), false)
 4 FCPATH/index.php(79): CodeIgniter\CodeIgniter->run()
WARNING - 2024-07-17 13:48:50 --> [DEPRECATED] Creation of dynamic property CodeIgniter\HTTP\IncomingRequest::$token is deprecated in APPPATH/Filters/Auth.php on line 44.
 1 SYSTEMPATH/Filters/Filters.php(180): App\Filters\Auth->before(Object(CodeIgniter\HTTP\IncomingRequest), null)
 2 SYSTEMPATH/CodeIgniter.php(466): CodeIgniter\Filters\Filters->run('1.0/auth/User/1/game/11/Players11', 'before')
 3 SYSTEMPATH/CodeIgniter.php(353): CodeIgniter\CodeIgniter->handleRequest(null, Object(Config\Cache), false)
 4 FCPATH/index.php(79): CodeIgniter\CodeIgniter->run()
WARNING - 2024-07-17 13:48:50 --> [DEPRECATED] Creation of dynamic property CodeIgniter\HTTP\IncomingRequest::$decoded is deprecated in APPPATH/Filters/Auth.php on line 45.
 1 SYSTEMPATH/Filters/Filters.php(180): App\Filters\Auth->before(Object(CodeIgniter\HTTP\IncomingRequest), null)
 2 SYSTEMPATH/CodeIgniter.php(466): CodeIgniter\Filters\Filters->run('1.0/auth/User/1/game/11/Players11', 'before')
 3 SYSTEMPATH/CodeIgniter.php(353): CodeIgniter\CodeIgniter->handleRequest(null, Object(Config\Cache), false)
 4 FCPATH/index.php(79): CodeIgniter\CodeIgniter->run()
WARNING - 2024-07-17 13:48:50 --> [DEPRECATED] Creation of dynamic property App\Controllers\Contest::$validation is deprecated in APPPATH/Controllers/BaseController.php on line 57.
 1 SYSTEMPATH/CodeIgniter.php(892): App\Controllers\BaseController->initController(Object(CodeIgniter\HTTP\IncomingRequest), Object(CodeIgniter\HTTP\Response), Object(CodeIgniter\Log\Logger))
 2 SYSTEMPATH/CodeIgniter.php(485): CodeIgniter\CodeIgniter->createController()
 3 SYSTEMPATH/CodeIgniter.php(353): CodeIgniter\CodeIgniter->handleRequest(null, Object(Config\Cache), false)
 4 FCPATH/index.php(79): CodeIgniter\CodeIgniter->run()
WARNING - 2024-07-17 13:48:50 --> [DEPRECATED] Creation of dynamic property App\Models\UserModel::$userBankAccoTbl is deprecated in APPPATH/Models/UserModel.php on line 18.
 1 APPPATH/Controllers/Contest.php(1927): App\Models\UserModel->__construct()
 2 SYSTEMPATH/CodeIgniter.php(919): App\Controllers\Contest->gatMatchPlayers11()
 3 SYSTEMPATH/CodeIgniter.php(494): CodeIgniter\CodeIgniter->runController(Object(App\Controllers\Contest))
 4 SYSTEMPATH/CodeIgniter.php(353): CodeIgniter\CodeIgniter->handleRequest(null, Object(Config\Cache), false)
 5 FCPATH/index.php(79): CodeIgniter\CodeIgniter->run()
WARNING - 2024-07-17 13:48:50 --> [DEPRECATED] Creation of dynamic property App\Models\ContestFinalPlayers::$finPlayTbl is deprecated in APPPATH/Models/ContestFinalPlayers.php on line 13.
 1 APPPATH/Controllers/Contest.php(1928): App\Models\ContestFinalPlayers->__construct()
 2 SYSTEMPATH/CodeIgniter.php(919): App\Controllers\Contest->gatMatchPlayers11()
 3 SYSTEMPATH/CodeIgniter.php(494): CodeIgniter\CodeIgniter->runController(Object(App\Controllers\Contest))
 4 SYSTEMPATH/CodeIgniter.php(353): CodeIgniter\CodeIgniter->handleRequest(null, Object(Config\Cache), false)
 5 FCPATH/index.php(79): CodeIgniter\CodeIgniter->run()
WARNING - 2024-07-17 13:48:51 --> [DEPRECATED] Creation of dynamic property CodeIgniter\HTTP\IncomingRequest::$token is deprecated in APPPATH/Filters/Auth.php on line 44.
 1 SYSTEMPATH/Filters/Filters.php(180): App\Filters\Auth->before(Object(CodeIgniter\HTTP\IncomingRequest), null)
 2 SYSTEMPATH/CodeIgniter.php(466): CodeIgniter\Filters\Filters->run('1.0/auth/User/1/game/11/finalSixPlayers', 'before')
 3 SYSTEMPATH/CodeIgniter.php(353): CodeIgniter\CodeIgniter->handleRequest(null, Object(Config\Cache), false)
 4 FCPATH/index.php(79): CodeIgniter\CodeIgniter->run()
WARNING - 2024-07-17 13:48:51 --> [DEPRECATED] Creation of dynamic property CodeIgniter\HTTP\IncomingRequest::$decoded is deprecated in APPPATH/Filters/Auth.php on line 45.
 1 SYSTEMPATH/Filters/Filters.php(180): App\Filters\Auth->before(Object(CodeIgniter\HTTP\IncomingRequest), null)
 2 SYSTEMPATH/CodeIgniter.php(466): CodeIgniter\Filters\Filters->run('1.0/auth/User/1/game/11/finalSixPlayers', 'before')
 3 SYSTEMPATH/CodeIgniter.php(353): CodeIgniter\CodeIgniter->handleRequest(null, Object(Config\Cache), false)
 4 FCPATH/index.php(79): CodeIgniter\CodeIgniter->run()
WARNING - 2024-07-17 13:48:51 --> [DEPRECATED] Creation of dynamic property App\Controllers\Contest::$validation is deprecated in APPPATH/Controllers/BaseController.php on line 57.
 1 SYSTEMPATH/CodeIgniter.php(892): App\Controllers\BaseController->initController(Object(CodeIgniter\HTTP\IncomingRequest), Object(CodeIgniter\HTTP\Response), Object(CodeIgniter\Log\Logger))
 2 SYSTEMPATH/CodeIgniter.php(485): CodeIgniter\CodeIgniter->createController()
 3 SYSTEMPATH/CodeIgniter.php(353): CodeIgniter\CodeIgniter->handleRequest(null, Object(Config\Cache), false)
 4 FCPATH/index.php(79): CodeIgniter\CodeIgniter->run()
WARNING - 2024-07-17 13:48:51 --> [DEPRECATED] Creation of dynamic property App\Models\ContestFinalPlayers::$finPlayTbl is deprecated in APPPATH/Models/ContestFinalPlayers.php on line 13.
 1 APPPATH/Controllers/Contest.php(2731): App\Models\ContestFinalPlayers->__construct()
 2 SYSTEMPATH/CodeIgniter.php(919): App\Controllers\Contest->gatfinalSixPlayers()
 3 SYSTEMPATH/CodeIgniter.php(494): CodeIgniter\CodeIgniter->runController(Object(App\Controllers\Contest))
 4 SYSTEMPATH/CodeIgniter.php(353): CodeIgniter\CodeIgniter->handleRequest(null, Object(Config\Cache), false)
 5 FCPATH/index.php(79): CodeIgniter\CodeIgniter->run()
WARNING - 2024-07-17 13:48:54 --> [DEPRECATED] Creation of dynamic property CodeIgniter\HTTP\IncomingRequest::$token is deprecated in APPPATH/Filters/Auth.php on line 44.
 1 SYSTEMPATH/Filters/Filters.php(180): App\Filters\Auth->before(Object(CodeIgniter\HTTP\IncomingRequest), null)
 2 SYSTEMPATH/CodeIgniter.php(466): CodeIgniter\Filters\Filters->run('1.0/auth/User/1/allRunningGames', 'before')
 3 SYSTEMPATH/CodeIgniter.php(353): CodeIgniter\CodeIgniter->handleRequest(null, Object(Config\Cache), false)
 4 FCPATH/index.php(79): CodeIgniter\CodeIgniter->run()
WARNING - 2024-07-17 13:48:54 --> [DEPRECATED] Creation of dynamic property CodeIgniter\HTTP\IncomingRequest::$decoded is deprecated in APPPATH/Filters/Auth.php on line 45.
 1 SYSTEMPATH/Filters/Filters.php(180): App\Filters\Auth->before(Object(CodeIgniter\HTTP\IncomingRequest), null)
 2 SYSTEMPATH/CodeIgniter.php(466): CodeIgniter\Filters\Filters->run('1.0/auth/User/1/allRunningGames', 'before')
 3 SYSTEMPATH/CodeIgniter.php(353): CodeIgniter\CodeIgniter->handleRequest(null, Object(Config\Cache), false)
 4 FCPATH/index.php(79): CodeIgniter\CodeIgniter->run()
WARNING - 2024-07-17 13:48:54 --> [DEPRECATED] Creation of dynamic property App\Controllers\Contest::$validation is deprecated in APPPATH/Controllers/BaseController.php on line 57.
 1 SYSTEMPATH/CodeIgniter.php(892): App\Controllers\BaseController->initController(Object(CodeIgniter\HTTP\IncomingRequest), Object(CodeIgniter\HTTP\Response), Object(CodeIgniter\Log\Logger))
 2 SYSTEMPATH/CodeIgniter.php(485): CodeIgniter\CodeIgniter->createController()
 3 SYSTEMPATH/CodeIgniter.php(353): CodeIgniter\CodeIgniter->handleRequest(null, Object(Config\Cache), false)
 4 FCPATH/index.php(79): CodeIgniter\CodeIgniter->run()
WARNING - 2024-07-17 13:48:56 --> [DEPRECATED] Creation of dynamic property CodeIgniter\HTTP\IncomingRequest::$token is deprecated in APPPATH/Filters/Auth.php on line 44.
 1 SYSTEMPATH/Filters/Filters.php(180): App\Filters\Auth->before(Object(CodeIgniter\HTTP\IncomingRequest), null)
 2 SYSTEMPATH/CodeIgniter.php(466): CodeIgniter\Filters\Filters->run('1.0/auth/User/1/game/16', 'before')
 3 SYSTEMPATH/CodeIgniter.php(353): CodeIgniter\CodeIgniter->handleRequest(null, Object(Config\Cache), false)
 4 FCPATH/index.php(79): CodeIgniter\CodeIgniter->run()
WARNING - 2024-07-17 13:48:56 --> [DEPRECATED] Creation of dynamic property CodeIgniter\HTTP\IncomingRequest::$decoded is deprecated in APPPATH/Filters/Auth.php on line 45.
 1 SYSTEMPATH/Filters/Filters.php(180): App\Filters\Auth->before(Object(CodeIgniter\HTTP\IncomingRequest), null)
 2 SYSTEMPATH/CodeIgniter.php(466): CodeIgniter\Filters\Filters->run('1.0/auth/User/1/game/16', 'before')
 3 SYSTEMPATH/CodeIgniter.php(353): CodeIgniter\CodeIgniter->handleRequest(null, Object(Config\Cache), false)
 4 FCPATH/index.php(79): CodeIgniter\CodeIgniter->run()
WARNING - 2024-07-17 13:48:56 --> [DEPRECATED] Creation of dynamic property App\Controllers\Contest::$validation is deprecated in APPPATH/Controllers/BaseController.php on line 57.
 1 SYSTEMPATH/CodeIgniter.php(892): App\Controllers\BaseController->initController(Object(CodeIgniter\HTTP\IncomingRequest), Object(CodeIgniter\HTTP\Response), Object(CodeIgniter\Log\Logger))
 2 SYSTEMPATH/CodeIgniter.php(485): CodeIgniter\CodeIgniter->createController()
 3 SYSTEMPATH/CodeIgniter.php(353): CodeIgniter\CodeIgniter->handleRequest(null, Object(Config\Cache), false)
 4 FCPATH/index.php(79): CodeIgniter\CodeIgniter->run()
WARNING - 2024-07-17 13:48:56 --> [DEPRECATED] Creation of dynamic property CodeIgniter\HTTP\IncomingRequest::$token is deprecated in APPPATH/Filters/Auth.php on line 44.
 1 SYSTEMPATH/Filters/Filters.php(180): App\Filters\Auth->before(Object(CodeIgniter\HTTP\IncomingRequest), null)
 2 SYSTEMPATH/CodeIgniter.php(466): CodeIgniter\Filters\Filters->run('1.0/auth/User/1/game/16', 'before')
 3 SYSTEMPATH/CodeIgniter.php(353): CodeIgniter\CodeIgniter->handleRequest(null, Object(Config\Cache), false)
 4 FCPATH/index.php(79): CodeIgniter\CodeIgniter->run()
WARNING - 2024-07-17 13:48:56 --> [DEPRECATED] Creation of dynamic property CodeIgniter\HTTP\IncomingRequest::$decoded is deprecated in APPPATH/Filters/Auth.php on line 45.
 1 SYSTEMPATH/Filters/Filters.php(180): App\Filters\Auth->before(Object(CodeIgniter\HTTP\IncomingRequest), null)
 2 SYSTEMPATH/CodeIgniter.php(466): CodeIgniter\Filters\Filters->run('1.0/auth/User/1/game/16', 'before')
 3 SYSTEMPATH/CodeIgniter.php(353): CodeIgniter\CodeIgniter->handleRequest(null, Object(Config\Cache), false)
 4 FCPATH/index.php(79): CodeIgniter\CodeIgniter->run()
WARNING - 2024-07-17 13:48:56 --> [DEPRECATED] Creation of dynamic property App\Controllers\Contest::$validation is deprecated in APPPATH/Controllers/BaseController.php on line 57.
 1 SYSTEMPATH/CodeIgniter.php(892): App\Controllers\BaseController->initController(Object(CodeIgniter\HTTP\IncomingRequest), Object(CodeIgniter\HTTP\Response), Object(CodeIgniter\Log\Logger))
 2 SYSTEMPATH/CodeIgniter.php(485): CodeIgniter\CodeIgniter->createController()
 3 SYSTEMPATH/CodeIgniter.php(353): CodeIgniter\CodeIgniter->handleRequest(null, Object(Config\Cache), false)
 4 FCPATH/index.php(79): CodeIgniter\CodeIgniter->run()
WARNING - 2024-07-17 13:48:58 --> [DEPRECATED] Creation of dynamic property CodeIgniter\HTTP\IncomingRequest::$token is deprecated in APPPATH/Filters/Auth.php on line 44.
 1 SYSTEMPATH/Filters/Filters.php(180): App\Filters\Auth->before(Object(CodeIgniter\HTTP\IncomingRequest), null)
 2 SYSTEMPATH/CodeIgniter.php(466): CodeIgniter\Filters\Filters->run('1.0/auth/User/1/game/16/Players11', 'before')
 3 SYSTEMPATH/CodeIgniter.php(353): CodeIgniter\CodeIgniter->handleRequest(null, Object(Config\Cache), false)
 4 FCPATH/index.php(79): CodeIgniter\CodeIgniter->run()
WARNING - 2024-07-17 13:48:58 --> [DEPRECATED] Creation of dynamic property CodeIgniter\HTTP\IncomingRequest::$decoded is deprecated in APPPATH/Filters/Auth.php on line 45.
 1 SYSTEMPATH/Filters/Filters.php(180): App\Filters\Auth->before(Object(CodeIgniter\HTTP\IncomingRequest), null)
 2 SYSTEMPATH/CodeIgniter.php(466): CodeIgniter\Filters\Filters->run('1.0/auth/User/1/game/16/Players11', 'before')
 3 SYSTEMPATH/CodeIgniter.php(353): CodeIgniter\CodeIgniter->handleRequest(null, Object(Config\Cache), false)
 4 FCPATH/index.php(79): CodeIgniter\CodeIgniter->run()
WARNING - 2024-07-17 13:48:58 --> [DEPRECATED] Creation of dynamic property App\Controllers\ServerEvents::$validation is deprecated in APPPATH/Controllers/BaseController.php on line 57.
 1 SYSTEMPATH/CodeIgniter.php(892): App\Controllers\BaseController->initController(Object(CodeIgniter\HTTP\IncomingRequest), Object(CodeIgniter\HTTP\Response), Object(CodeIgniter\Log\Logger))
 2 SYSTEMPATH/CodeIgniter.php(485): CodeIgniter\CodeIgniter->createController()
 3 SYSTEMPATH/CodeIgniter.php(353): CodeIgniter\CodeIgniter->handleRequest(null, Object(Config\Cache), false)
 4 FCPATH/index.php(79): CodeIgniter\CodeIgniter->run()
WARNING - 2024-07-17 13:48:58 --> [DEPRECATED] Creation of dynamic property App\Controllers\Contest::$validation is deprecated in APPPATH/Controllers/BaseController.php on line 57.
 1 SYSTEMPATH/CodeIgniter.php(892): App\Controllers\BaseController->initController(Object(CodeIgniter\HTTP\IncomingRequest), Object(CodeIgniter\HTTP\Response), Object(CodeIgniter\Log\Logger))
 2 SYSTEMPATH/CodeIgniter.php(485): CodeIgniter\CodeIgniter->createController()
 3 SYSTEMPATH/CodeIgniter.php(353): CodeIgniter\CodeIgniter->handleRequest(null, Object(Config\Cache), false)
 4 FCPATH/index.php(79): CodeIgniter\CodeIgniter->run()
WARNING - 2024-07-17 13:48:58 --> [DEPRECATED] Creation of dynamic property App\Models\UserModel::$userBankAccoTbl is deprecated in APPPATH/Models/UserModel.php on line 18.
 1 APPPATH/Controllers/Contest.php(1927): App\Models\UserModel->__construct()
 2 SYSTEMPATH/CodeIgniter.php(919): App\Controllers\Contest->gatMatchPlayers11()
 3 SYSTEMPATH/CodeIgniter.php(494): CodeIgniter\CodeIgniter->runController(Object(App\Controllers\Contest))
 4 SYSTEMPATH/CodeIgniter.php(353): CodeIgniter\CodeIgniter->handleRequest(null, Object(Config\Cache), false)
 5 FCPATH/index.php(79): CodeIgniter\CodeIgniter->run()
WARNING - 2024-07-17 13:48:58 --> [DEPRECATED] Creation of dynamic property App\Models\ContestFinalPlayers::$finPlayTbl is deprecated in APPPATH/Models/ContestFinalPlayers.php on line 13.
 1 APPPATH/Controllers/Contest.php(1928): App\Models\ContestFinalPlayers->__construct()
 2 SYSTEMPATH/CodeIgniter.php(919): App\Controllers\Contest->gatMatchPlayers11()
 3 SYSTEMPATH/CodeIgniter.php(494): CodeIgniter\CodeIgniter->runController(Object(App\Controllers\Contest))
 4 SYSTEMPATH/CodeIgniter.php(353): CodeIgniter\CodeIgniter->handleRequest(null, Object(Config\Cache), false)
 5 FCPATH/index.php(79): CodeIgniter\CodeIgniter->run()
WARNING - 2024-07-17 13:48:59 --> [DEPRECATED] Creation of dynamic property CodeIgniter\HTTP\IncomingRequest::$token is deprecated in APPPATH/Filters/Auth.php on line 44.
 1 SYSTEMPATH/Filters/Filters.php(180): App\Filters\Auth->before(Object(CodeIgniter\HTTP\IncomingRequest), null)
 2 SYSTEMPATH/CodeIgniter.php(466): CodeIgniter\Filters\Filters->run('1.0/auth/User/1/game/16/finalSixPlayers', 'before')
 3 SYSTEMPATH/CodeIgniter.php(353): CodeIgniter\CodeIgniter->handleRequest(null, Object(Config\Cache), false)
 4 FCPATH/index.php(79): CodeIgniter\CodeIgniter->run()
WARNING - 2024-07-17 13:48:59 --> [DEPRECATED] Creation of dynamic property CodeIgniter\HTTP\IncomingRequest::$decoded is deprecated in APPPATH/Filters/Auth.php on line 45.
 1 SYSTEMPATH/Filters/Filters.php(180): App\Filters\Auth->before(Object(CodeIgniter\HTTP\IncomingRequest), null)
 2 SYSTEMPATH/CodeIgniter.php(466): CodeIgniter\Filters\Filters->run('1.0/auth/User/1/game/16/finalSixPlayers', 'before')
 3 SYSTEMPATH/CodeIgniter.php(353): CodeIgniter\CodeIgniter->handleRequest(null, Object(Config\Cache), false)
 4 FCPATH/index.php(79): CodeIgniter\CodeIgniter->run()
WARNING - 2024-07-17 13:48:59 --> [DEPRECATED] Creation of dynamic property App\Controllers\Contest::$validation is deprecated in APPPATH/Controllers/BaseController.php on line 57.
 1 SYSTEMPATH/CodeIgniter.php(892): App\Controllers\BaseController->initController(Object(CodeIgniter\HTTP\IncomingRequest), Object(CodeIgniter\HTTP\Response), Object(CodeIgniter\Log\Logger))
 2 SYSTEMPATH/CodeIgniter.php(485): CodeIgniter\CodeIgniter->createController()
 3 SYSTEMPATH/CodeIgniter.php(353): CodeIgniter\CodeIgniter->handleRequest(null, Object(Config\Cache), false)
 4 FCPATH/index.php(79): CodeIgniter\CodeIgniter->run()
WARNING - 2024-07-17 13:48:59 --> [DEPRECATED] Creation of dynamic property App\Models\ContestFinalPlayers::$finPlayTbl is deprecated in APPPATH/Models/ContestFinalPlayers.php on line 13.
 1 APPPATH/Controllers/Contest.php(2731): App\Models\ContestFinalPlayers->__construct()
 2 SYSTEMPATH/CodeIgniter.php(919): App\Controllers\Contest->gatfinalSixPlayers()
 3 SYSTEMPATH/CodeIgniter.php(494): CodeIgniter\CodeIgniter->runController(Object(App\Controllers\Contest))
 4 SYSTEMPATH/CodeIgniter.php(353): CodeIgniter\CodeIgniter->handleRequest(null, Object(Config\Cache), false)
 5 FCPATH/index.php(79): CodeIgniter\CodeIgniter->run()
WARNING - 2024-07-17 13:49:02 --> [DEPRECATED] Creation of dynamic property CodeIgniter\HTTP\IncomingRequest::$token is deprecated in APPPATH/Filters/Auth.php on line 44.
 1 SYSTEMPATH/Filters/Filters.php(180): App\Filters\Auth->before(Object(CodeIgniter\HTTP\IncomingRequest), null)
 2 SYSTEMPATH/CodeIgniter.php(466): CodeIgniter\Filters\Filters->run('1.0/auth/User/1/game/16/selCaps', 'before')
 3 SYSTEMPATH/CodeIgniter.php(353): CodeIgniter\CodeIgniter->handleRequest(null, Object(Config\Cache), false)
 4 FCPATH/index.php(79): CodeIgniter\CodeIgniter->run()
WARNING - 2024-07-17 13:49:02 --> [DEPRECATED] Creation of dynamic property CodeIgniter\HTTP\IncomingRequest::$decoded is deprecated in APPPATH/Filters/Auth.php on line 45.
 1 SYSTEMPATH/Filters/Filters.php(180): App\Filters\Auth->before(Object(CodeIgniter\HTTP\IncomingRequest), null)
 2 SYSTEMPATH/CodeIgniter.php(466): CodeIgniter\Filters\Filters->run('1.0/auth/User/1/game/16/selCaps', 'before')
 3 SYSTEMPATH/CodeIgniter.php(353): CodeIgniter\CodeIgniter->handleRequest(null, Object(Config\Cache), false)
 4 FCPATH/index.php(79): CodeIgniter\CodeIgniter->run()
WARNING - 2024-07-17 13:49:02 --> [DEPRECATED] Creation of dynamic property App\Controllers\Contest::$validation is deprecated in APPPATH/Controllers/BaseController.php on line 57.
 1 SYSTEMPATH/CodeIgniter.php(892): App\Controllers\BaseController->initController(Object(CodeIgniter\HTTP\IncomingRequest), Object(CodeIgniter\HTTP\Response), Object(CodeIgniter\Log\Logger))
 2 SYSTEMPATH/CodeIgniter.php(485): CodeIgniter\CodeIgniter->createController()
 3 SYSTEMPATH/CodeIgniter.php(353): CodeIgniter\CodeIgniter->handleRequest(null, Object(Config\Cache), false)
 4 FCPATH/index.php(79): CodeIgniter\CodeIgniter->run()
WARNING - 2024-07-17 13:49:02 --> [DEPRECATED] Creation of dynamic property App\Models\ContestFinalPlayers::$finPlayTbl is deprecated in APPPATH/Models/ContestFinalPlayers.php on line 13.
 1 APPPATH/Controllers/Contest.php(2857): App\Models\ContestFinalPlayers->__construct()
 2 SYSTEMPATH/CodeIgniter.php(919): App\Controllers\Contest->updateCaptain()
 3 SYSTEMPATH/CodeIgniter.php(494): CodeIgniter\CodeIgniter->runController(Object(App\Controllers\Contest))
 4 SYSTEMPATH/CodeIgniter.php(353): CodeIgniter\CodeIgniter->handleRequest(null, Object(Config\Cache), false)
 5 FCPATH/index.php(79): CodeIgniter\CodeIgniter->run()
WARNING - 2024-07-17 13:49:02 --> [DEPRECATED] Creation of dynamic property CodeIgniter\HTTP\IncomingRequest::$token is deprecated in APPPATH/Filters/Auth.php on line 44.
 1 SYSTEMPATH/Filters/Filters.php(180): App\Filters\Auth->before(Object(CodeIgniter\HTTP\IncomingRequest), null)
 2 SYSTEMPATH/CodeIgniter.php(466): CodeIgniter\Filters\Filters->run('1.0/auth/User/1/game/16/finalSixPlayers', 'before')
 3 SYSTEMPATH/CodeIgniter.php(353): CodeIgniter\CodeIgniter->handleRequest(null, Object(Config\Cache), false)
 4 FCPATH/index.php(79): CodeIgniter\CodeIgniter->run()
WARNING - 2024-07-17 13:49:02 --> [DEPRECATED] Creation of dynamic property CodeIgniter\HTTP\IncomingRequest::$decoded is deprecated in APPPATH/Filters/Auth.php on line 45.
 1 SYSTEMPATH/Filters/Filters.php(180): App\Filters\Auth->before(Object(CodeIgniter\HTTP\IncomingRequest), null)
 2 SYSTEMPATH/CodeIgniter.php(466): CodeIgniter\Filters\Filters->run('1.0/auth/User/1/game/16/finalSixPlayers', 'before')
 3 SYSTEMPATH/CodeIgniter.php(353): CodeIgniter\CodeIgniter->handleRequest(null, Object(Config\Cache), false)
 4 FCPATH/index.php(79): CodeIgniter\CodeIgniter->run()
WARNING - 2024-07-17 13:49:02 --> [DEPRECATED] Creation of dynamic property App\Controllers\Contest::$validation is deprecated in APPPATH/Controllers/BaseController.php on line 57.
 1 SYSTEMPATH/CodeIgniter.php(892): App\Controllers\BaseController->initController(Object(CodeIgniter\HTTP\IncomingRequest), Object(CodeIgniter\HTTP\Response), Object(CodeIgniter\Log\Logger))
 2 SYSTEMPATH/CodeIgniter.php(485): CodeIgniter\CodeIgniter->createController()
 3 SYSTEMPATH/CodeIgniter.php(353): CodeIgniter\CodeIgniter->handleRequest(null, Object(Config\Cache), false)
 4 FCPATH/index.php(79): CodeIgniter\CodeIgniter->run()
WARNING - 2024-07-17 13:49:02 --> [DEPRECATED] Creation of dynamic property App\Models\ContestFinalPlayers::$finPlayTbl is deprecated in APPPATH/Models/ContestFinalPlayers.php on line 13.
 1 APPPATH/Controllers/Contest.php(2731): App\Models\ContestFinalPlayers->__construct()
 2 SYSTEMPATH/CodeIgniter.php(919): App\Controllers\Contest->gatfinalSixPlayers()
 3 SYSTEMPATH/CodeIgniter.php(494): CodeIgniter\CodeIgniter->runController(Object(App\Controllers\Contest))
 4 SYSTEMPATH/CodeIgniter.php(353): CodeIgniter\CodeIgniter->handleRequest(null, Object(Config\Cache), false)
 5 FCPATH/index.php(79): CodeIgniter\CodeIgniter->run()
WARNING - 2024-07-17 13:49:04 --> [DEPRECATED] Creation of dynamic property App\Controllers\ServerEvents::$validation is deprecated in APPPATH/Controllers/BaseController.php on line 57.
 1 SYSTEMPATH/CodeIgniter.php(892): App\Controllers\BaseController->initController(Object(CodeIgniter\HTTP\IncomingRequest), Object(CodeIgniter\HTTP\Response), Object(CodeIgniter\Log\Logger))
 2 SYSTEMPATH/CodeIgniter.php(485): CodeIgniter\CodeIgniter->createController()
 3 SYSTEMPATH/CodeIgniter.php(353): CodeIgniter\CodeIgniter->handleRequest(null, Object(Config\Cache), false)
 4 FCPATH/index.php(79): CodeIgniter\CodeIgniter->run()
WARNING - 2024-07-17 13:49:04 --> [DEPRECATED] Creation of dynamic property CodeIgniter\HTTP\IncomingRequest::$token is deprecated in APPPATH/Filters/Auth.php on line 44.
 1 SYSTEMPATH/Filters/Filters.php(180): App\Filters\Auth->before(Object(CodeIgniter\HTTP\IncomingRequest), null)
 2 SYSTEMPATH/CodeIgniter.php(466): CodeIgniter\Filters\Filters->run('1.0/auth/User/1/game/16/Scores', 'before')
 3 SYSTEMPATH/CodeIgniter.php(353): CodeIgniter\CodeIgniter->handleRequest(null, Object(Config\Cache), false)
 4 FCPATH/index.php(79): CodeIgniter\CodeIgniter->run()
WARNING - 2024-07-17 13:49:04 --> [DEPRECATED] Creation of dynamic property CodeIgniter\HTTP\IncomingRequest::$decoded is deprecated in APPPATH/Filters/Auth.php on line 45.
 1 SYSTEMPATH/Filters/Filters.php(180): App\Filters\Auth->before(Object(CodeIgniter\HTTP\IncomingRequest), null)
 2 SYSTEMPATH/CodeIgniter.php(466): CodeIgniter\Filters\Filters->run('1.0/auth/User/1/game/16/Scores', 'before')
 3 SYSTEMPATH/CodeIgniter.php(353): CodeIgniter\CodeIgniter->handleRequest(null, Object(Config\Cache), false)
 4 FCPATH/index.php(79): CodeIgniter\CodeIgniter->run()
WARNING - 2024-07-17 13:49:04 --> [DEPRECATED] Creation of dynamic property App\Controllers\Contest::$validation is deprecated in APPPATH/Controllers/BaseController.php on line 57.
 1 SYSTEMPATH/CodeIgniter.php(892): App\Controllers\BaseController->initController(Object(CodeIgniter\HTTP\IncomingRequest), Object(CodeIgniter\HTTP\Response), Object(CodeIgniter\Log\Logger))
 2 SYSTEMPATH/CodeIgniter.php(485): CodeIgniter\CodeIgniter->createController()
 3 SYSTEMPATH/CodeIgniter.php(353): CodeIgniter\CodeIgniter->handleRequest(null, Object(Config\Cache), false)
 4 FCPATH/index.php(79): CodeIgniter\CodeIgniter->run()
WARNING - 2024-07-17 13:49:04 --> [DEPRECATED] Creation of dynamic property App\Models\ContestFinalPlayers::$finPlayTbl is deprecated in APPPATH/Models/ContestFinalPlayers.php on line 13.
 1 APPPATH/Controllers/Contest.php(2983): App\Models\ContestFinalPlayers->__construct()
 2 SYSTEMPATH/CodeIgniter.php(919): App\Controllers\Contest->getGameScores()
 3 SYSTEMPATH/CodeIgniter.php(494): CodeIgniter\CodeIgniter->runController(Object(App\Controllers\Contest))
 4 SYSTEMPATH/CodeIgniter.php(353): CodeIgniter\CodeIgniter->handleRequest(null, Object(Config\Cache), false)
 5 FCPATH/index.php(79): CodeIgniter\CodeIgniter->run()
WARNING - 2024-07-17 13:49:04 --> [DEPRECATED] Creation of dynamic property App\Models\UserModel::$userBankAccoTbl is deprecated in APPPATH/Models/UserModel.php on line 18.
 1 APPPATH/Controllers/Contest.php(2988): App\Models\UserModel->__construct()
 2 SYSTEMPATH/CodeIgniter.php(919): App\Controllers\Contest->getGameScores()
 3 SYSTEMPATH/CodeIgniter.php(494): CodeIgniter\CodeIgniter->runController(Object(App\Controllers\Contest))
 4 SYSTEMPATH/CodeIgniter.php(353): CodeIgniter\CodeIgniter->handleRequest(null, Object(Config\Cache), false)
 5 FCPATH/index.php(79): CodeIgniter\CodeIgniter->run()
WARNING - 2024-07-17 13:49:04 --> [DEPRECATED] Creation of dynamic property CodeIgniter\HTTP\IncomingRequest::$token is deprecated in APPPATH/Filters/Auth.php on line 44.
 1 SYSTEMPATH/Filters/Filters.php(180): App\Filters\Auth->before(Object(CodeIgniter\HTTP\IncomingRequest), null)
 2 SYSTEMPATH/CodeIgniter.php(466): CodeIgniter\Filters\Filters->run('1.0/auth/User/1/Matche/89/Scores', 'before')
 3 SYSTEMPATH/CodeIgniter.php(353): CodeIgniter\CodeIgniter->handleRequest(null, Object(Config\Cache), false)
 4 FCPATH/index.php(79): CodeIgniter\CodeIgniter->run()
WARNING - 2024-07-17 13:49:04 --> [DEPRECATED] Creation of dynamic property CodeIgniter\HTTP\IncomingRequest::$decoded is deprecated in APPPATH/Filters/Auth.php on line 45.
 1 SYSTEMPATH/Filters/Filters.php(180): App\Filters\Auth->before(Object(CodeIgniter\HTTP\IncomingRequest), null)
 2 SYSTEMPATH/CodeIgniter.php(466): CodeIgniter\Filters\Filters->run('1.0/auth/User/1/Matche/89/Scores', 'before')
 3 SYSTEMPATH/CodeIgniter.php(353): CodeIgniter\CodeIgniter->handleRequest(null, Object(Config\Cache), false)
 4 FCPATH/index.php(79): CodeIgniter\CodeIgniter->run()
WARNING - 2024-07-17 13:49:04 --> [DEPRECATED] Creation of dynamic property App\Controllers\Matches::$validation is deprecated in APPPATH/Controllers/BaseController.php on line 57.
 1 SYSTEMPATH/CodeIgniter.php(892): App\Controllers\BaseController->initController(Object(CodeIgniter\HTTP\IncomingRequest), Object(CodeIgniter\HTTP\Response), Object(CodeIgniter\Log\Logger))
 2 SYSTEMPATH/CodeIgniter.php(485): CodeIgniter\CodeIgniter->createController()
 3 SYSTEMPATH/CodeIgniter.php(353): CodeIgniter\CodeIgniter->handleRequest(null, Object(Config\Cache), false)
 4 FCPATH/index.php(79): CodeIgniter\CodeIgniter->run()
WARNING - 2024-07-17 13:49:06 --> [DEPRECATED] Creation of dynamic property CodeIgniter\HTTP\IncomingRequest::$token is deprecated in APPPATH/Filters/Auth.php on line 44.
 1 SYSTEMPATH/Filters/Filters.php(180): App\Filters\Auth->before(Object(CodeIgniter\HTTP\IncomingRequest), null)
 2 SYSTEMPATH/CodeIgniter.php(466): CodeIgniter\Filters\Filters->run('1.0/auth/User/1/allRunningGames', 'before')
 3 SYSTEMPATH/CodeIgniter.php(353): CodeIgniter\CodeIgniter->handleRequest(null, Object(Config\Cache), false)
 4 FCPATH/index.php(79): CodeIgniter\CodeIgniter->run()
WARNING - 2024-07-17 13:49:06 --> [DEPRECATED] Creation of dynamic property CodeIgniter\HTTP\IncomingRequest::$decoded is deprecated in APPPATH/Filters/Auth.php on line 45.
 1 SYSTEMPATH/Filters/Filters.php(180): App\Filters\Auth->before(Object(CodeIgniter\HTTP\IncomingRequest), null)
 2 SYSTEMPATH/CodeIgniter.php(466): CodeIgniter\Filters\Filters->run('1.0/auth/User/1/allRunningGames', 'before')
 3 SYSTEMPATH/CodeIgniter.php(353): CodeIgniter\CodeIgniter->handleRequest(null, Object(Config\Cache), false)
 4 FCPATH/index.php(79): CodeIgniter\CodeIgniter->run()
WARNING - 2024-07-17 13:49:06 --> [DEPRECATED] Creation of dynamic property App\Controllers\Contest::$validation is deprecated in APPPATH/Controllers/BaseController.php on line 57.
 1 SYSTEMPATH/CodeIgniter.php(892): App\Controllers\BaseController->initController(Object(CodeIgniter\HTTP\IncomingRequest), Object(CodeIgniter\HTTP\Response), Object(CodeIgniter\Log\Logger))
 2 SYSTEMPATH/CodeIgniter.php(485): CodeIgniter\CodeIgniter->createController()
 3 SYSTEMPATH/CodeIgniter.php(353): CodeIgniter\CodeIgniter->handleRequest(null, Object(Config\Cache), false)
 4 FCPATH/index.php(79): CodeIgniter\CodeIgniter->run()
WARNING - 2024-07-17 13:49:08 --> [DEPRECATED] Creation of dynamic property CodeIgniter\HTTP\IncomingRequest::$token is deprecated in APPPATH/Filters/Auth.php on line 44.
 1 SYSTEMPATH/Filters/Filters.php(180): App\Filters\Auth->before(Object(CodeIgniter\HTTP\IncomingRequest), null)
 2 SYSTEMPATH/CodeIgniter.php(466): CodeIgniter\Filters\Filters->run('1.0/auth/User/1/game/10', 'before')
 3 SYSTEMPATH/CodeIgniter.php(353): CodeIgniter\CodeIgniter->handleRequest(null, Object(Config\Cache), false)
 4 FCPATH/index.php(79): CodeIgniter\CodeIgniter->run()
WARNING - 2024-07-17 13:49:08 --> [DEPRECATED] Creation of dynamic property CodeIgniter\HTTP\IncomingRequest::$decoded is deprecated in APPPATH/Filters/Auth.php on line 45.
 1 SYSTEMPATH/Filters/Filters.php(180): App\Filters\Auth->before(Object(CodeIgniter\HTTP\IncomingRequest), null)
 2 SYSTEMPATH/CodeIgniter.php(466): CodeIgniter\Filters\Filters->run('1.0/auth/User/1/game/10', 'before')
 3 SYSTEMPATH/CodeIgniter.php(353): CodeIgniter\CodeIgniter->handleRequest(null, Object(Config\Cache), false)
 4 FCPATH/index.php(79): CodeIgniter\CodeIgniter->run()
WARNING - 2024-07-17 13:49:08 --> [DEPRECATED] Creation of dynamic property CodeIgniter\HTTP\IncomingRequest::$token is deprecated in APPPATH/Filters/Auth.php on line 44.
 1 SYSTEMPATH/Filters/Filters.php(180): App\Filters\Auth->before(Object(CodeIgniter\HTTP\IncomingRequest), null)
 2 SYSTEMPATH/CodeIgniter.php(466): CodeIgniter\Filters\Filters->run('1.0/auth/User/1/game/10', 'before')
 3 SYSTEMPATH/CodeIgniter.php(353): CodeIgniter\CodeIgniter->handleRequest(null, Object(Config\Cache), false)
 4 FCPATH/index.php(79): CodeIgniter\CodeIgniter->run()
WARNING - 2024-07-17 13:49:08 --> [DEPRECATED] Creation of dynamic property CodeIgniter\HTTP\IncomingRequest::$decoded is deprecated in APPPATH/Filters/Auth.php on line 45.
 1 SYSTEMPATH/Filters/Filters.php(180): App\Filters\Auth->before(Object(CodeIgniter\HTTP\IncomingRequest), null)
 2 SYSTEMPATH/CodeIgniter.php(466): CodeIgniter\Filters\Filters->run('1.0/auth/User/1/game/10', 'before')
 3 SYSTEMPATH/CodeIgniter.php(353): CodeIgniter\CodeIgniter->handleRequest(null, Object(Config\Cache), false)
 4 FCPATH/index.php(79): CodeIgniter\CodeIgniter->run()
WARNING - 2024-07-17 13:49:08 --> [DEPRECATED] Creation of dynamic property App\Controllers\Contest::$validation is deprecated in APPPATH/Controllers/BaseController.php on line 57.
 1 SYSTEMPATH/CodeIgniter.php(892): App\Controllers\BaseController->initController(Object(CodeIgniter\HTTP\IncomingRequest), Object(CodeIgniter\HTTP\Response), Object(CodeIgniter\Log\Logger))
 2 SYSTEMPATH/CodeIgniter.php(485): CodeIgniter\CodeIgniter->createController()
 3 SYSTEMPATH/CodeIgniter.php(353): CodeIgniter\CodeIgniter->handleRequest(null, Object(Config\Cache), false)
 4 FCPATH/index.php(79): CodeIgniter\CodeIgniter->run()
WARNING - 2024-07-17 13:49:08 --> [DEPRECATED] Creation of dynamic property App\Controllers\Contest::$validation is deprecated in APPPATH/Controllers/BaseController.php on line 57.
 1 SYSTEMPATH/CodeIgniter.php(892): App\Controllers\BaseController->initController(Object(CodeIgniter\HTTP\IncomingRequest), Object(CodeIgniter\HTTP\Response), Object(CodeIgniter\Log\Logger))
 2 SYSTEMPATH/CodeIgniter.php(485): CodeIgniter\CodeIgniter->createController()
 3 SYSTEMPATH/CodeIgniter.php(353): CodeIgniter\CodeIgniter->handleRequest(null, Object(Config\Cache), false)
 4 FCPATH/index.php(79): CodeIgniter\CodeIgniter->run()
WARNING - 2024-07-17 13:49:09 --> [DEPRECATED] Creation of dynamic property App\Controllers\ServerEvents::$validation is deprecated in APPPATH/Controllers/BaseController.php on line 57.
 1 SYSTEMPATH/CodeIgniter.php(892): App\Controllers\BaseController->initController(Object(CodeIgniter\HTTP\IncomingRequest), Object(CodeIgniter\HTTP\Response), Object(CodeIgniter\Log\Logger))
 2 SYSTEMPATH/CodeIgniter.php(485): CodeIgniter\CodeIgniter->createController()
 3 SYSTEMPATH/CodeIgniter.php(353): CodeIgniter\CodeIgniter->handleRequest(null, Object(Config\Cache), false)
 4 FCPATH/index.php(79): CodeIgniter\CodeIgniter->run()
WARNING - 2024-07-17 13:49:09 --> [DEPRECATED] Creation of dynamic property CodeIgniter\HTTP\IncomingRequest::$token is deprecated in APPPATH/Filters/Auth.php on line 44.
 1 SYSTEMPATH/Filters/Filters.php(180): App\Filters\Auth->before(Object(CodeIgniter\HTTP\IncomingRequest), null)
 2 SYSTEMPATH/CodeIgniter.php(466): CodeIgniter\Filters\Filters->run('1.0/auth/User/1/game/10/Players11', 'before')
 3 SYSTEMPATH/CodeIgniter.php(353): CodeIgniter\CodeIgniter->handleRequest(null, Object(Config\Cache), false)
 4 FCPATH/index.php(79): CodeIgniter\CodeIgniter->run()
WARNING - 2024-07-17 13:49:09 --> [DEPRECATED] Creation of dynamic property CodeIgniter\HTTP\IncomingRequest::$decoded is deprecated in APPPATH/Filters/Auth.php on line 45.
 1 SYSTEMPATH/Filters/Filters.php(180): App\Filters\Auth->before(Object(CodeIgniter\HTTP\IncomingRequest), null)
 2 SYSTEMPATH/CodeIgniter.php(466): CodeIgniter\Filters\Filters->run('1.0/auth/User/1/game/10/Players11', 'before')
 3 SYSTEMPATH/CodeIgniter.php(353): CodeIgniter\CodeIgniter->handleRequest(null, Object(Config\Cache), false)
 4 FCPATH/index.php(79): CodeIgniter\CodeIgniter->run()
WARNING - 2024-07-17 13:49:09 --> [DEPRECATED] Creation of dynamic property App\Controllers\Contest::$validation is deprecated in APPPATH/Controllers/BaseController.php on line 57.
 1 SYSTEMPATH/CodeIgniter.php(892): App\Controllers\BaseController->initController(Object(CodeIgniter\HTTP\IncomingRequest), Object(CodeIgniter\HTTP\Response), Object(CodeIgniter\Log\Logger))
 2 SYSTEMPATH/CodeIgniter.php(485): CodeIgniter\CodeIgniter->createController()
 3 SYSTEMPATH/CodeIgniter.php(353): CodeIgniter\CodeIgniter->handleRequest(null, Object(Config\Cache), false)
 4 FCPATH/index.php(79): CodeIgniter\CodeIgniter->run()
WARNING - 2024-07-17 13:49:09 --> [DEPRECATED] Creation of dynamic property App\Models\UserModel::$userBankAccoTbl is deprecated in APPPATH/Models/UserModel.php on line 18.
 1 APPPATH/Controllers/Contest.php(1927): App\Models\UserModel->__construct()
 2 SYSTEMPATH/CodeIgniter.php(919): App\Controllers\Contest->gatMatchPlayers11()
 3 SYSTEMPATH/CodeIgniter.php(494): CodeIgniter\CodeIgniter->runController(Object(App\Controllers\Contest))
 4 SYSTEMPATH/CodeIgniter.php(353): CodeIgniter\CodeIgniter->handleRequest(null, Object(Config\Cache), false)
 5 FCPATH/index.php(79): CodeIgniter\CodeIgniter->run()
WARNING - 2024-07-17 13:49:09 --> [DEPRECATED] Creation of dynamic property App\Models\ContestFinalPlayers::$finPlayTbl is deprecated in APPPATH/Models/ContestFinalPlayers.php on line 13.
 1 APPPATH/Controllers/Contest.php(1928): App\Models\ContestFinalPlayers->__construct()
 2 SYSTEMPATH/CodeIgniter.php(919): App\Controllers\Contest->gatMatchPlayers11()
 3 SYSTEMPATH/CodeIgniter.php(494): CodeIgniter\CodeIgniter->runController(Object(App\Controllers\Contest))
 4 SYSTEMPATH/CodeIgniter.php(353): CodeIgniter\CodeIgniter->handleRequest(null, Object(Config\Cache), false)
 5 FCPATH/index.php(79): CodeIgniter\CodeIgniter->run()
WARNING - 2024-07-17 13:49:11 --> [DEPRECATED] Creation of dynamic property CodeIgniter\HTTP\IncomingRequest::$token is deprecated in APPPATH/Filters/Auth.php on line 44.
 1 SYSTEMPATH/Filters/Filters.php(180): App\Filters\Auth->before(Object(CodeIgniter\HTTP\IncomingRequest), null)
 2 SYSTEMPATH/CodeIgniter.php(466): CodeIgniter\Filters\Filters->run('1.0/auth/User/1/game/10/finalSixPlayers', 'before')
 3 SYSTEMPATH/CodeIgniter.php(353): CodeIgniter\CodeIgniter->handleRequest(null, Object(Config\Cache), false)
 4 FCPATH/index.php(79): CodeIgniter\CodeIgniter->run()
WARNING - 2024-07-17 13:49:11 --> [DEPRECATED] Creation of dynamic property CodeIgniter\HTTP\IncomingRequest::$decoded is deprecated in APPPATH/Filters/Auth.php on line 45.
 1 SYSTEMPATH/Filters/Filters.php(180): App\Filters\Auth->before(Object(CodeIgniter\HTTP\IncomingRequest), null)
 2 SYSTEMPATH/CodeIgniter.php(466): CodeIgniter\Filters\Filters->run('1.0/auth/User/1/game/10/finalSixPlayers', 'before')
 3 SYSTEMPATH/CodeIgniter.php(353): CodeIgniter\CodeIgniter->handleRequest(null, Object(Config\Cache), false)
 4 FCPATH/index.php(79): CodeIgniter\CodeIgniter->run()
WARNING - 2024-07-17 13:49:11 --> [DEPRECATED] Creation of dynamic property App\Controllers\Contest::$validation is deprecated in APPPATH/Controllers/BaseController.php on line 57.
 1 SYSTEMPATH/CodeIgniter.php(892): App\Controllers\BaseController->initController(Object(CodeIgniter\HTTP\IncomingRequest), Object(CodeIgniter\HTTP\Response), Object(CodeIgniter\Log\Logger))
 2 SYSTEMPATH/CodeIgniter.php(485): CodeIgniter\CodeIgniter->createController()
 3 SYSTEMPATH/CodeIgniter.php(353): CodeIgniter\CodeIgniter->handleRequest(null, Object(Config\Cache), false)
 4 FCPATH/index.php(79): CodeIgniter\CodeIgniter->run()
WARNING - 2024-07-17 13:49:11 --> [DEPRECATED] Creation of dynamic property App\Models\ContestFinalPlayers::$finPlayTbl is deprecated in APPPATH/Models/ContestFinalPlayers.php on line 13.
 1 APPPATH/Controllers/Contest.php(2731): App\Models\ContestFinalPlayers->__construct()
 2 SYSTEMPATH/CodeIgniter.php(919): App\Controllers\Contest->gatfinalSixPlayers()
 3 SYSTEMPATH/CodeIgniter.php(494): CodeIgniter\CodeIgniter->runController(Object(App\Controllers\Contest))
 4 SYSTEMPATH/CodeIgniter.php(353): CodeIgniter\CodeIgniter->handleRequest(null, Object(Config\Cache), false)
 5 FCPATH/index.php(79): CodeIgniter\CodeIgniter->run()
WARNING - 2024-07-17 13:49:12 --> [DEPRECATED] Creation of dynamic property CodeIgniter\HTTP\IncomingRequest::$token is deprecated in APPPATH/Filters/Auth.php on line 44.
 1 SYSTEMPATH/Filters/Filters.php(180): App\Filters\Auth->before(Object(CodeIgniter\HTTP\IncomingRequest), null)
 2 SYSTEMPATH/CodeIgniter.php(466): CodeIgniter\Filters\Filters->run('1.0/auth/User/1/game/10/selCaps', 'before')
 3 SYSTEMPATH/CodeIgniter.php(353): CodeIgniter\CodeIgniter->handleRequest(null, Object(Config\Cache), false)
 4 FCPATH/index.php(79): CodeIgniter\CodeIgniter->run()
WARNING - 2024-07-17 13:49:12 --> [DEPRECATED] Creation of dynamic property CodeIgniter\HTTP\IncomingRequest::$decoded is deprecated in APPPATH/Filters/Auth.php on line 45.
 1 SYSTEMPATH/Filters/Filters.php(180): App\Filters\Auth->before(Object(CodeIgniter\HTTP\IncomingRequest), null)
 2 SYSTEMPATH/CodeIgniter.php(466): CodeIgniter\Filters\Filters->run('1.0/auth/User/1/game/10/selCaps', 'before')
 3 SYSTEMPATH/CodeIgniter.php(353): CodeIgniter\CodeIgniter->handleRequest(null, Object(Config\Cache), false)
 4 FCPATH/index.php(79): CodeIgniter\CodeIgniter->run()
WARNING - 2024-07-17 13:49:12 --> [DEPRECATED] Creation of dynamic property App\Controllers\Contest::$validation is deprecated in APPPATH/Controllers/BaseController.php on line 57.
 1 SYSTEMPATH/CodeIgniter.php(892): App\Controllers\BaseController->initController(Object(CodeIgniter\HTTP\IncomingRequest), Object(CodeIgniter\HTTP\Response), Object(CodeIgniter\Log\Logger))
 2 SYSTEMPATH/CodeIgniter.php(485): CodeIgniter\CodeIgniter->createController()
 3 SYSTEMPATH/CodeIgniter.php(353): CodeIgniter\CodeIgniter->handleRequest(null, Object(Config\Cache), false)
 4 FCPATH/index.php(79): CodeIgniter\CodeIgniter->run()
WARNING - 2024-07-17 13:49:13 --> [DEPRECATED] Creation of dynamic property CodeIgniter\HTTP\IncomingRequest::$token is deprecated in APPPATH/Filters/Auth.php on line 44.
 1 SYSTEMPATH/Filters/Filters.php(180): App\Filters\Auth->before(Object(CodeIgniter\HTTP\IncomingRequest), null)
 2 SYSTEMPATH/CodeIgniter.php(466): CodeIgniter\Filters\Filters->run('1.0/auth/User/1/game/10/finalSixPlayers', 'before')
 3 SYSTEMPATH/CodeIgniter.php(353): CodeIgniter\CodeIgniter->handleRequest(null, Object(Config\Cache), false)
 4 FCPATH/index.php(79): CodeIgniter\CodeIgniter->run()
WARNING - 2024-07-17 13:49:13 --> [DEPRECATED] Creation of dynamic property CodeIgniter\HTTP\IncomingRequest::$decoded is deprecated in APPPATH/Filters/Auth.php on line 45.
 1 SYSTEMPATH/Filters/Filters.php(180): App\Filters\Auth->before(Object(CodeIgniter\HTTP\IncomingRequest), null)
 2 SYSTEMPATH/CodeIgniter.php(466): CodeIgniter\Filters\Filters->run('1.0/auth/User/1/game/10/finalSixPlayers', 'before')
 3 SYSTEMPATH/CodeIgniter.php(353): CodeIgniter\CodeIgniter->handleRequest(null, Object(Config\Cache), false)
 4 FCPATH/index.php(79): CodeIgniter\CodeIgniter->run()
WARNING - 2024-07-17 13:49:13 --> [DEPRECATED] Creation of dynamic property App\Controllers\Contest::$validation is deprecated in APPPATH/Controllers/BaseController.php on line 57.
 1 SYSTEMPATH/CodeIgniter.php(892): App\Controllers\BaseController->initController(Object(CodeIgniter\HTTP\IncomingRequest), Object(CodeIgniter\HTTP\Response), Object(CodeIgniter\Log\Logger))
 2 SYSTEMPATH/CodeIgniter.php(485): CodeIgniter\CodeIgniter->createController()
 3 SYSTEMPATH/CodeIgniter.php(353): CodeIgniter\CodeIgniter->handleRequest(null, Object(Config\Cache), false)
 4 FCPATH/index.php(79): CodeIgniter\CodeIgniter->run()
WARNING - 2024-07-17 13:49:13 --> [DEPRECATED] Creation of dynamic property App\Models\ContestFinalPlayers::$finPlayTbl is deprecated in APPPATH/Models/ContestFinalPlayers.php on line 13.
 1 APPPATH/Controllers/Contest.php(2731): App\Models\ContestFinalPlayers->__construct()
 2 SYSTEMPATH/CodeIgniter.php(919): App\Controllers\Contest->gatfinalSixPlayers()
 3 SYSTEMPATH/CodeIgniter.php(494): CodeIgniter\CodeIgniter->runController(Object(App\Controllers\Contest))
 4 SYSTEMPATH/CodeIgniter.php(353): CodeIgniter\CodeIgniter->handleRequest(null, Object(Config\Cache), false)
 5 FCPATH/index.php(79): CodeIgniter\CodeIgniter->run()
WARNING - 2024-07-17 13:49:14 --> [DEPRECATED] Creation of dynamic property App\Controllers\ServerEvents::$validation is deprecated in APPPATH/Controllers/BaseController.php on line 57.
 1 SYSTEMPATH/CodeIgniter.php(892): App\Controllers\BaseController->initController(Object(CodeIgniter\HTTP\IncomingRequest), Object(CodeIgniter\HTTP\Response), Object(CodeIgniter\Log\Logger))
 2 SYSTEMPATH/CodeIgniter.php(485): CodeIgniter\CodeIgniter->createController()
 3 SYSTEMPATH/CodeIgniter.php(353): CodeIgniter\CodeIgniter->handleRequest(null, Object(Config\Cache), false)
 4 FCPATH/index.php(79): CodeIgniter\CodeIgniter->run()
WARNING - 2024-07-17 13:49:14 --> [DEPRECATED] Creation of dynamic property CodeIgniter\HTTP\IncomingRequest::$token is deprecated in APPPATH/Filters/Auth.php on line 44.
 1 SYSTEMPATH/Filters/Filters.php(180): App\Filters\Auth->before(Object(CodeIgniter\HTTP\IncomingRequest), null)
 2 SYSTEMPATH/CodeIgniter.php(466): CodeIgniter\Filters\Filters->run('1.0/auth/User/1/game/10/Scores', 'before')
 3 SYSTEMPATH/CodeIgniter.php(353): CodeIgniter\CodeIgniter->handleRequest(null, Object(Config\Cache), false)
 4 FCPATH/index.php(79): CodeIgniter\CodeIgniter->run()
WARNING - 2024-07-17 13:49:14 --> [DEPRECATED] Creation of dynamic property CodeIgniter\HTTP\IncomingRequest::$decoded is deprecated in APPPATH/Filters/Auth.php on line 45.
 1 SYSTEMPATH/Filters/Filters.php(180): App\Filters\Auth->before(Object(CodeIgniter\HTTP\IncomingRequest), null)
 2 SYSTEMPATH/CodeIgniter.php(466): CodeIgniter\Filters\Filters->run('1.0/auth/User/1/game/10/Scores', 'before')
 3 SYSTEMPATH/CodeIgniter.php(353): CodeIgniter\CodeIgniter->handleRequest(null, Object(Config\Cache), false)
 4 FCPATH/index.php(79): CodeIgniter\CodeIgniter->run()
WARNING - 2024-07-17 13:49:14 --> [DEPRECATED] Creation of dynamic property App\Controllers\Contest::$validation is deprecated in APPPATH/Controllers/BaseController.php on line 57.
 1 SYSTEMPATH/CodeIgniter.php(892): App\Controllers\BaseController->initController(Object(CodeIgniter\HTTP\IncomingRequest), Object(CodeIgniter\HTTP\Response), Object(CodeIgniter\Log\Logger))
 2 SYSTEMPATH/CodeIgniter.php(485): CodeIgniter\CodeIgniter->createController()
 3 SYSTEMPATH/CodeIgniter.php(353): CodeIgniter\CodeIgniter->handleRequest(null, Object(Config\Cache), false)
 4 FCPATH/index.php(79): CodeIgniter\CodeIgniter->run()
WARNING - 2024-07-17 13:49:14 --> [DEPRECATED] Creation of dynamic property CodeIgniter\HTTP\IncomingRequest::$token is deprecated in APPPATH/Filters/Auth.php on line 44.
 1 SYSTEMPATH/Filters/Filters.php(180): App\Filters\Auth->before(Object(CodeIgniter\HTTP\IncomingRequest), null)
 2 SYSTEMPATH/CodeIgniter.php(466): CodeIgniter\Filters\Filters->run('1.0/auth/User/1/Matche/11/Scores', 'before')
 3 SYSTEMPATH/CodeIgniter.php(353): CodeIgniter\CodeIgniter->handleRequest(null, Object(Config\Cache), false)
 4 FCPATH/index.php(79): CodeIgniter\CodeIgniter->run()
WARNING - 2024-07-17 13:49:14 --> [DEPRECATED] Creation of dynamic property CodeIgniter\HTTP\IncomingRequest::$decoded is deprecated in APPPATH/Filters/Auth.php on line 45.
 1 SYSTEMPATH/Filters/Filters.php(180): App\Filters\Auth->before(Object(CodeIgniter\HTTP\IncomingRequest), null)
 2 SYSTEMPATH/CodeIgniter.php(466): CodeIgniter\Filters\Filters->run('1.0/auth/User/1/Matche/11/Scores', 'before')
 3 SYSTEMPATH/CodeIgniter.php(353): CodeIgniter\CodeIgniter->handleRequest(null, Object(Config\Cache), false)
 4 FCPATH/index.php(79): CodeIgniter\CodeIgniter->run()
WARNING - 2024-07-17 13:49:14 --> [DEPRECATED] Creation of dynamic property App\Models\ContestFinalPlayers::$finPlayTbl is deprecated in APPPATH/Models/ContestFinalPlayers.php on line 13.
 1 APPPATH/Controllers/Contest.php(2983): App\Models\ContestFinalPlayers->__construct()
 2 SYSTEMPATH/CodeIgniter.php(919): App\Controllers\Contest->getGameScores()
 3 SYSTEMPATH/CodeIgniter.php(494): CodeIgniter\CodeIgniter->runController(Object(App\Controllers\Contest))
 4 SYSTEMPATH/CodeIgniter.php(353): CodeIgniter\CodeIgniter->handleRequest(null, Object(Config\Cache), false)
 5 FCPATH/index.php(79): CodeIgniter\CodeIgniter->run()
WARNING - 2024-07-17 13:49:14 --> [DEPRECATED] Creation of dynamic property App\Controllers\Matches::$validation is deprecated in APPPATH/Controllers/BaseController.php on line 57.
 1 SYSTEMPATH/CodeIgniter.php(892): App\Controllers\BaseController->initController(Object(CodeIgniter\HTTP\IncomingRequest), Object(CodeIgniter\HTTP\Response), Object(CodeIgniter\Log\Logger))
 2 SYSTEMPATH/CodeIgniter.php(485): CodeIgniter\CodeIgniter->createController()
 3 SYSTEMPATH/CodeIgniter.php(353): CodeIgniter\CodeIgniter->handleRequest(null, Object(Config\Cache), false)
 4 FCPATH/index.php(79): CodeIgniter\CodeIgniter->run()
WARNING - 2024-07-17 13:49:14 --> [DEPRECATED] Creation of dynamic property App\Models\UserModel::$userBankAccoTbl is deprecated in APPPATH/Models/UserModel.php on line 18.
 1 APPPATH/Controllers/Contest.php(2988): App\Models\UserModel->__construct()
 2 SYSTEMPATH/CodeIgniter.php(919): App\Controllers\Contest->getGameScores()
 3 SYSTEMPATH/CodeIgniter.php(494): CodeIgniter\CodeIgniter->runController(Object(App\Controllers\Contest))
 4 SYSTEMPATH/CodeIgniter.php(353): CodeIgniter\CodeIgniter->handleRequest(null, Object(Config\Cache), false)
 5 FCPATH/index.php(79): CodeIgniter\CodeIgniter->run()
WARNING - 2024-07-17 13:49:16 --> [DEPRECATED] Creation of dynamic property CodeIgniter\HTTP\IncomingRequest::$token is deprecated in APPPATH/Filters/Auth.php on line 44.
 1 SYSTEMPATH/Filters/Filters.php(180): App\Filters\Auth->before(Object(CodeIgniter\HTTP\IncomingRequest), null)
 2 SYSTEMPATH/CodeIgniter.php(466): CodeIgniter\Filters\Filters->run('1.0/auth/User/1/allRunningGames', 'before')
 3 SYSTEMPATH/CodeIgniter.php(353): CodeIgniter\CodeIgniter->handleRequest(null, Object(Config\Cache), false)
 4 FCPATH/index.php(79): CodeIgniter\CodeIgniter->run()
WARNING - 2024-07-17 13:49:16 --> [DEPRECATED] Creation of dynamic property CodeIgniter\HTTP\IncomingRequest::$decoded is deprecated in APPPATH/Filters/Auth.php on line 45.
 1 SYSTEMPATH/Filters/Filters.php(180): App\Filters\Auth->before(Object(CodeIgniter\HTTP\IncomingRequest), null)
 2 SYSTEMPATH/CodeIgniter.php(466): CodeIgniter\Filters\Filters->run('1.0/auth/User/1/allRunningGames', 'before')
 3 SYSTEMPATH/CodeIgniter.php(353): CodeIgniter\CodeIgniter->handleRequest(null, Object(Config\Cache), false)
 4 FCPATH/index.php(79): CodeIgniter\CodeIgniter->run()
WARNING - 2024-07-17 13:49:16 --> [DEPRECATED] Creation of dynamic property App\Controllers\Contest::$validation is deprecated in APPPATH/Controllers/BaseController.php on line 57.
 1 SYSTEMPATH/CodeIgniter.php(892): App\Controllers\BaseController->initController(Object(CodeIgniter\HTTP\IncomingRequest), Object(CodeIgniter\HTTP\Response), Object(CodeIgniter\Log\Logger))
 2 SYSTEMPATH/CodeIgniter.php(485): CodeIgniter\CodeIgniter->createController()
 3 SYSTEMPATH/CodeIgniter.php(353): CodeIgniter\CodeIgniter->handleRequest(null, Object(Config\Cache), false)
 4 FCPATH/index.php(79): CodeIgniter\CodeIgniter->run()
WARNING - 2024-07-17 13:49:18 --> [DEPRECATED] Creation of dynamic property CodeIgniter\HTTP\IncomingRequest::$token is deprecated in APPPATH/Filters/Auth.php on line 44.
 1 SYSTEMPATH/Filters/Filters.php(180): App\Filters\Auth->before(Object(CodeIgniter\HTTP\IncomingRequest), null)
 2 SYSTEMPATH/CodeIgniter.php(466): CodeIgniter\Filters\Filters->run('1.0/auth/User/1/game/10', 'before')
 3 SYSTEMPATH/CodeIgniter.php(353): CodeIgniter\CodeIgniter->handleRequest(null, Object(Config\Cache), false)
 4 FCPATH/index.php(79): CodeIgniter\CodeIgniter->run()
WARNING - 2024-07-17 13:49:18 --> [DEPRECATED] Creation of dynamic property CodeIgniter\HTTP\IncomingRequest::$decoded is deprecated in APPPATH/Filters/Auth.php on line 45.
 1 SYSTEMPATH/Filters/Filters.php(180): App\Filters\Auth->before(Object(CodeIgniter\HTTP\IncomingRequest), null)
 2 SYSTEMPATH/CodeIgniter.php(466): CodeIgniter\Filters\Filters->run('1.0/auth/User/1/game/10', 'before')
 3 SYSTEMPATH/CodeIgniter.php(353): CodeIgniter\CodeIgniter->handleRequest(null, Object(Config\Cache), false)
 4 FCPATH/index.php(79): CodeIgniter\CodeIgniter->run()
WARNING - 2024-07-17 13:49:18 --> [DEPRECATED] Creation of dynamic property CodeIgniter\HTTP\IncomingRequest::$token is deprecated in APPPATH/Filters/Auth.php on line 44.
 1 SYSTEMPATH/Filters/Filters.php(180): App\Filters\Auth->before(Object(CodeIgniter\HTTP\IncomingRequest), null)
 2 SYSTEMPATH/CodeIgniter.php(466): CodeIgniter\Filters\Filters->run('1.0/auth/User/1/game/10', 'before')
 3 SYSTEMPATH/CodeIgniter.php(353): CodeIgniter\CodeIgniter->handleRequest(null, Object(Config\Cache), false)
 4 FCPATH/index.php(79): CodeIgniter\CodeIgniter->run()
WARNING - 2024-07-17 13:49:18 --> [DEPRECATED] Creation of dynamic property CodeIgniter\HTTP\IncomingRequest::$decoded is deprecated in APPPATH/Filters/Auth.php on line 45.
 1 SYSTEMPATH/Filters/Filters.php(180): App\Filters\Auth->before(Object(CodeIgniter\HTTP\IncomingRequest), null)
 2 SYSTEMPATH/CodeIgniter.php(466): CodeIgniter\Filters\Filters->run('1.0/auth/User/1/game/10', 'before')
 3 SYSTEMPATH/CodeIgniter.php(353): CodeIgniter\CodeIgniter->handleRequest(null, Object(Config\Cache), false)
 4 FCPATH/index.php(79): CodeIgniter\CodeIgniter->run()
WARNING - 2024-07-17 13:49:18 --> [DEPRECATED] Creation of dynamic property App\Controllers\Contest::$validation is deprecated in APPPATH/Controllers/BaseController.php on line 57.
 1 SYSTEMPATH/CodeIgniter.php(892): App\Controllers\BaseController->initController(Object(CodeIgniter\HTTP\IncomingRequest), Object(CodeIgniter\HTTP\Response), Object(CodeIgniter\Log\Logger))
 2 SYSTEMPATH/CodeIgniter.php(485): CodeIgniter\CodeIgniter->createController()
 3 SYSTEMPATH/CodeIgniter.php(353): CodeIgniter\CodeIgniter->handleRequest(null, Object(Config\Cache), false)
 4 FCPATH/index.php(79): CodeIgniter\CodeIgniter->run()
WARNING - 2024-07-17 13:49:18 --> [DEPRECATED] Creation of dynamic property App\Controllers\Contest::$validation is deprecated in APPPATH/Controllers/BaseController.php on line 57.
 1 SYSTEMPATH/CodeIgniter.php(892): App\Controllers\BaseController->initController(Object(CodeIgniter\HTTP\IncomingRequest), Object(CodeIgniter\HTTP\Response), Object(CodeIgniter\Log\Logger))
 2 SYSTEMPATH/CodeIgniter.php(485): CodeIgniter\CodeIgniter->createController()
 3 SYSTEMPATH/CodeIgniter.php(353): CodeIgniter\CodeIgniter->handleRequest(null, Object(Config\Cache), false)
 4 FCPATH/index.php(79): CodeIgniter\CodeIgniter->run()
WARNING - 2024-07-17 13:49:20 --> [DEPRECATED] Creation of dynamic property CodeIgniter\HTTP\IncomingRequest::$token is deprecated in APPPATH/Filters/Auth.php on line 44.
 1 SYSTEMPATH/Filters/Filters.php(180): App\Filters\Auth->before(Object(CodeIgniter\HTTP\IncomingRequest), null)
 2 SYSTEMPATH/CodeIgniter.php(466): CodeIgniter\Filters\Filters->run('1.0/auth/User/1/game/10/Players11', 'before')
 3 SYSTEMPATH/CodeIgniter.php(353): CodeIgniter\CodeIgniter->handleRequest(null, Object(Config\Cache), false)
 4 FCPATH/index.php(79): CodeIgniter\CodeIgniter->run()
WARNING - 2024-07-17 13:49:20 --> [DEPRECATED] Creation of dynamic property CodeIgniter\HTTP\IncomingRequest::$decoded is deprecated in APPPATH/Filters/Auth.php on line 45.
 1 SYSTEMPATH/Filters/Filters.php(180): App\Filters\Auth->before(Object(CodeIgniter\HTTP\IncomingRequest), null)
 2 SYSTEMPATH/CodeIgniter.php(466): CodeIgniter\Filters\Filters->run('1.0/auth/User/1/game/10/Players11', 'before')
 3 SYSTEMPATH/CodeIgniter.php(353): CodeIgniter\CodeIgniter->handleRequest(null, Object(Config\Cache), false)
 4 FCPATH/index.php(79): CodeIgniter\CodeIgniter->run()
WARNING - 2024-07-17 13:49:20 --> [DEPRECATED] Creation of dynamic property App\Controllers\Contest::$validation is deprecated in APPPATH/Controllers/BaseController.php on line 57.
 1 SYSTEMPATH/CodeIgniter.php(892): App\Controllers\BaseController->initController(Object(CodeIgniter\HTTP\IncomingRequest), Object(CodeIgniter\HTTP\Response), Object(CodeIgniter\Log\Logger))
 2 SYSTEMPATH/CodeIgniter.php(485): CodeIgniter\CodeIgniter->createController()
 3 SYSTEMPATH/CodeIgniter.php(353): CodeIgniter\CodeIgniter->handleRequest(null, Object(Config\Cache), false)
 4 FCPATH/index.php(79): CodeIgniter\CodeIgniter->run()
WARNING - 2024-07-17 13:49:20 --> [DEPRECATED] Creation of dynamic property App\Models\UserModel::$userBankAccoTbl is deprecated in APPPATH/Models/UserModel.php on line 18.
 1 APPPATH/Controllers/Contest.php(1927): App\Models\UserModel->__construct()
 2 SYSTEMPATH/CodeIgniter.php(919): App\Controllers\Contest->gatMatchPlayers11()
 3 SYSTEMPATH/CodeIgniter.php(494): CodeIgniter\CodeIgniter->runController(Object(App\Controllers\Contest))
 4 SYSTEMPATH/CodeIgniter.php(353): CodeIgniter\CodeIgniter->handleRequest(null, Object(Config\Cache), false)
 5 FCPATH/index.php(79): CodeIgniter\CodeIgniter->run()
WARNING - 2024-07-17 13:49:20 --> [DEPRECATED] Creation of dynamic property App\Models\ContestFinalPlayers::$finPlayTbl is deprecated in APPPATH/Models/ContestFinalPlayers.php on line 13.
 1 APPPATH/Controllers/Contest.php(1928): App\Models\ContestFinalPlayers->__construct()
 2 SYSTEMPATH/CodeIgniter.php(919): App\Controllers\Contest->gatMatchPlayers11()
 3 SYSTEMPATH/CodeIgniter.php(494): CodeIgniter\CodeIgniter->runController(Object(App\Controllers\Contest))
 4 SYSTEMPATH/CodeIgniter.php(353): CodeIgniter\CodeIgniter->handleRequest(null, Object(Config\Cache), false)
 5 FCPATH/index.php(79): CodeIgniter\CodeIgniter->run()
WARNING - 2024-07-17 13:49:20 --> [DEPRECATED] Creation of dynamic property App\Controllers\ServerEvents::$validation is deprecated in APPPATH/Controllers/BaseController.php on line 57.
 1 SYSTEMPATH/CodeIgniter.php(892): App\Controllers\BaseController->initController(Object(CodeIgniter\HTTP\IncomingRequest), Object(CodeIgniter\HTTP\Response), Object(CodeIgniter\Log\Logger))
 2 SYSTEMPATH/CodeIgniter.php(485): CodeIgniter\CodeIgniter->createController()
 3 SYSTEMPATH/CodeIgniter.php(353): CodeIgniter\CodeIgniter->handleRequest(null, Object(Config\Cache), false)
 4 FCPATH/index.php(79): CodeIgniter\CodeIgniter->run()
WARNING - 2024-07-17 13:49:21 --> [DEPRECATED] Creation of dynamic property CodeIgniter\HTTP\IncomingRequest::$token is deprecated in APPPATH/Filters/Auth.php on line 44.
 1 SYSTEMPATH/Filters/Filters.php(180): App\Filters\Auth->before(Object(CodeIgniter\HTTP\IncomingRequest), null)
 2 SYSTEMPATH/CodeIgniter.php(466): CodeIgniter\Filters\Filters->run('1.0/auth/User/1/game/10/finalSixPlayers', 'before')
 3 SYSTEMPATH/CodeIgniter.php(353): CodeIgniter\CodeIgniter->handleRequest(null, Object(Config\Cache), false)
 4 FCPATH/index.php(79): CodeIgniter\CodeIgniter->run()
WARNING - 2024-07-17 13:49:21 --> [DEPRECATED] Creation of dynamic property CodeIgniter\HTTP\IncomingRequest::$decoded is deprecated in APPPATH/Filters/Auth.php on line 45.
 1 SYSTEMPATH/Filters/Filters.php(180): App\Filters\Auth->before(Object(CodeIgniter\HTTP\IncomingRequest), null)
 2 SYSTEMPATH/CodeIgniter.php(466): CodeIgniter\Filters\Filters->run('1.0/auth/User/1/game/10/finalSixPlayers', 'before')
 3 SYSTEMPATH/CodeIgniter.php(353): CodeIgniter\CodeIgniter->handleRequest(null, Object(Config\Cache), false)
 4 FCPATH/index.php(79): CodeIgniter\CodeIgniter->run()
WARNING - 2024-07-17 13:49:21 --> [DEPRECATED] Creation of dynamic property App\Controllers\Contest::$validation is deprecated in APPPATH/Controllers/BaseController.php on line 57.
 1 SYSTEMPATH/CodeIgniter.php(892): App\Controllers\BaseController->initController(Object(CodeIgniter\HTTP\IncomingRequest), Object(CodeIgniter\HTTP\Response), Object(CodeIgniter\Log\Logger))
 2 SYSTEMPATH/CodeIgniter.php(485): CodeIgniter\CodeIgniter->createController()
 3 SYSTEMPATH/CodeIgniter.php(353): CodeIgniter\CodeIgniter->handleRequest(null, Object(Config\Cache), false)
 4 FCPATH/index.php(79): CodeIgniter\CodeIgniter->run()
WARNING - 2024-07-17 13:49:21 --> [DEPRECATED] Creation of dynamic property App\Models\ContestFinalPlayers::$finPlayTbl is deprecated in APPPATH/Models/ContestFinalPlayers.php on line 13.
 1 APPPATH/Controllers/Contest.php(2731): App\Models\ContestFinalPlayers->__construct()
 2 SYSTEMPATH/CodeIgniter.php(919): App\Controllers\Contest->gatfinalSixPlayers()
 3 SYSTEMPATH/CodeIgniter.php(494): CodeIgniter\CodeIgniter->runController(Object(App\Controllers\Contest))
 4 SYSTEMPATH/CodeIgniter.php(353): CodeIgniter\CodeIgniter->handleRequest(null, Object(Config\Cache), false)
 5 FCPATH/index.php(79): CodeIgniter\CodeIgniter->run()
WARNING - 2024-07-17 13:49:25 --> [DEPRECATED] Creation of dynamic property CodeIgniter\HTTP\IncomingRequest::$token is deprecated in APPPATH/Filters/Auth.php on line 44.
 1 SYSTEMPATH/Filters/Filters.php(180): App\Filters\Auth->before(Object(CodeIgniter\HTTP\IncomingRequest), null)
 2 SYSTEMPATH/CodeIgniter.php(466): CodeIgniter\Filters\Filters->run('1.0/auth/User/1/game/10/selCaps', 'before')
 3 SYSTEMPATH/CodeIgniter.php(353): CodeIgniter\CodeIgniter->handleRequest(null, Object(Config\Cache), false)
 4 FCPATH/index.php(79): CodeIgniter\CodeIgniter->run()
WARNING - 2024-07-17 13:49:25 --> [DEPRECATED] Creation of dynamic property CodeIgniter\HTTP\IncomingRequest::$decoded is deprecated in APPPATH/Filters/Auth.php on line 45.
 1 SYSTEMPATH/Filters/Filters.php(180): App\Filters\Auth->before(Object(CodeIgniter\HTTP\IncomingRequest), null)
 2 SYSTEMPATH/CodeIgniter.php(466): CodeIgniter\Filters\Filters->run('1.0/auth/User/1/game/10/selCaps', 'before')
 3 SYSTEMPATH/CodeIgniter.php(353): CodeIgniter\CodeIgniter->handleRequest(null, Object(Config\Cache), false)
 4 FCPATH/index.php(79): CodeIgniter\CodeIgniter->run()
WARNING - 2024-07-17 13:49:25 --> [DEPRECATED] Creation of dynamic property App\Controllers\Contest::$validation is deprecated in APPPATH/Controllers/BaseController.php on line 57.
 1 SYSTEMPATH/CodeIgniter.php(892): App\Controllers\BaseController->initController(Object(CodeIgniter\HTTP\IncomingRequest), Object(CodeIgniter\HTTP\Response), Object(CodeIgniter\Log\Logger))
 2 SYSTEMPATH/CodeIgniter.php(485): CodeIgniter\CodeIgniter->createController()
 3 SYSTEMPATH/CodeIgniter.php(353): CodeIgniter\CodeIgniter->handleRequest(null, Object(Config\Cache), false)
 4 FCPATH/index.php(79): CodeIgniter\CodeIgniter->run()
WARNING - 2024-07-17 13:49:25 --> [DEPRECATED] Creation of dynamic property App\Models\ContestFinalPlayers::$finPlayTbl is deprecated in APPPATH/Models/ContestFinalPlayers.php on line 13.
 1 APPPATH/Controllers/Contest.php(2857): App\Models\ContestFinalPlayers->__construct()
 2 SYSTEMPATH/CodeIgniter.php(919): App\Controllers\Contest->updateCaptain()
 3 SYSTEMPATH/CodeIgniter.php(494): CodeIgniter\CodeIgniter->runController(Object(App\Controllers\Contest))
 4 SYSTEMPATH/CodeIgniter.php(353): CodeIgniter\CodeIgniter->handleRequest(null, Object(Config\Cache), false)
 5 FCPATH/index.php(79): CodeIgniter\CodeIgniter->run()
WARNING - 2024-07-17 13:49:25 --> [DEPRECATED] Creation of dynamic property CodeIgniter\HTTP\IncomingRequest::$token is deprecated in APPPATH/Filters/Auth.php on line 44.
 1 SYSTEMPATH/Filters/Filters.php(180): App\Filters\Auth->before(Object(CodeIgniter\HTTP\IncomingRequest), null)
 2 SYSTEMPATH/CodeIgniter.php(466): CodeIgniter\Filters\Filters->run('1.0/auth/User/1/game/10/finalSixPlayers', 'before')
 3 SYSTEMPATH/CodeIgniter.php(353): CodeIgniter\CodeIgniter->handleRequest(null, Object(Config\Cache), false)
 4 FCPATH/index.php(79): CodeIgniter\CodeIgniter->run()
WARNING - 2024-07-17 13:49:25 --> [DEPRECATED] Creation of dynamic property CodeIgniter\HTTP\IncomingRequest::$decoded is deprecated in APPPATH/Filters/Auth.php on line 45.
 1 SYSTEMPATH/Filters/Filters.php(180): App\Filters\Auth->before(Object(CodeIgniter\HTTP\IncomingRequest), null)
 2 SYSTEMPATH/CodeIgniter.php(466): CodeIgniter\Filters\Filters->run('1.0/auth/User/1/game/10/finalSixPlayers', 'before')
 3 SYSTEMPATH/CodeIgniter.php(353): CodeIgniter\CodeIgniter->handleRequest(null, Object(Config\Cache), false)
 4 FCPATH/index.php(79): CodeIgniter\CodeIgniter->run()
WARNING - 2024-07-17 13:49:25 --> [DEPRECATED] Creation of dynamic property App\Controllers\Contest::$validation is deprecated in APPPATH/Controllers/BaseController.php on line 57.
 1 SYSTEMPATH/CodeIgniter.php(892): App\Controllers\BaseController->initController(Object(CodeIgniter\HTTP\IncomingRequest), Object(CodeIgniter\HTTP\Response), Object(CodeIgniter\Log\Logger))
 2 SYSTEMPATH/CodeIgniter.php(485): CodeIgniter\CodeIgniter->createController()
 3 SYSTEMPATH/CodeIgniter.php(353): CodeIgniter\CodeIgniter->handleRequest(null, Object(Config\Cache), false)
 4 FCPATH/index.php(79): CodeIgniter\CodeIgniter->run()
WARNING - 2024-07-17 13:49:25 --> [DEPRECATED] Creation of dynamic property App\Models\ContestFinalPlayers::$finPlayTbl is deprecated in APPPATH/Models/ContestFinalPlayers.php on line 13.
 1 APPPATH/Controllers/Contest.php(2731): App\Models\ContestFinalPlayers->__construct()
 2 SYSTEMPATH/CodeIgniter.php(919): App\Controllers\Contest->gatfinalSixPlayers()
 3 SYSTEMPATH/CodeIgniter.php(494): CodeIgniter\CodeIgniter->runController(Object(App\Controllers\Contest))
 4 SYSTEMPATH/CodeIgniter.php(353): CodeIgniter\CodeIgniter->handleRequest(null, Object(Config\Cache), false)
 5 FCPATH/index.php(79): CodeIgniter\CodeIgniter->run()
WARNING - 2024-07-17 13:49:26 --> [DEPRECATED] Creation of dynamic property App\Controllers\ServerEvents::$validation is deprecated in APPPATH/Controllers/BaseController.php on line 57.
 1 SYSTEMPATH/CodeIgniter.php(892): App\Controllers\BaseController->initController(Object(CodeIgniter\HTTP\IncomingRequest), Object(CodeIgniter\HTTP\Response), Object(CodeIgniter\Log\Logger))
 2 SYSTEMPATH/CodeIgniter.php(485): CodeIgniter\CodeIgniter->createController()
 3 SYSTEMPATH/CodeIgniter.php(353): CodeIgniter\CodeIgniter->handleRequest(null, Object(Config\Cache), false)
 4 FCPATH/index.php(79): CodeIgniter\CodeIgniter->run()
WARNING - 2024-07-17 13:49:26 --> [DEPRECATED] Creation of dynamic property CodeIgniter\HTTP\IncomingRequest::$token is deprecated in APPPATH/Filters/Auth.php on line 44.
 1 SYSTEMPATH/Filters/Filters.php(180): App\Filters\Auth->before(Object(CodeIgniter\HTTP\IncomingRequest), null)
 2 SYSTEMPATH/CodeIgniter.php(466): CodeIgniter\Filters\Filters->run('1.0/auth/User/1/game/10/Scores', 'before')
 3 SYSTEMPATH/CodeIgniter.php(353): CodeIgniter\CodeIgniter->handleRequest(null, Object(Config\Cache), false)
 4 FCPATH/index.php(79): CodeIgniter\CodeIgniter->run()
WARNING - 2024-07-17 13:49:26 --> [DEPRECATED] Creation of dynamic property CodeIgniter\HTTP\IncomingRequest::$decoded is deprecated in APPPATH/Filters/Auth.php on line 45.
 1 SYSTEMPATH/Filters/Filters.php(180): App\Filters\Auth->before(Object(CodeIgniter\HTTP\IncomingRequest), null)
 2 SYSTEMPATH/CodeIgniter.php(466): CodeIgniter\Filters\Filters->run('1.0/auth/User/1/game/10/Scores', 'before')
 3 SYSTEMPATH/CodeIgniter.php(353): CodeIgniter\CodeIgniter->handleRequest(null, Object(Config\Cache), false)
 4 FCPATH/index.php(79): CodeIgniter\CodeIgniter->run()
WARNING - 2024-07-17 13:49:26 --> [DEPRECATED] Creation of dynamic property CodeIgniter\HTTP\IncomingRequest::$token is deprecated in APPPATH/Filters/Auth.php on line 44.
 1 SYSTEMPATH/Filters/Filters.php(180): App\Filters\Auth->before(Object(CodeIgniter\HTTP\IncomingRequest), null)
 2 SYSTEMPATH/CodeIgniter.php(466): CodeIgniter\Filters\Filters->run('1.0/auth/User/1/Matche/11/Scores', 'before')
 3 SYSTEMPATH/CodeIgniter.php(353): CodeIgniter\CodeIgniter->handleRequest(null, Object(Config\Cache), false)
 4 FCPATH/index.php(79): CodeIgniter\CodeIgniter->run()
WARNING - 2024-07-17 13:49:26 --> [DEPRECATED] Creation of dynamic property CodeIgniter\HTTP\IncomingRequest::$decoded is deprecated in APPPATH/Filters/Auth.php on line 45.
 1 SYSTEMPATH/Filters/Filters.php(180): App\Filters\Auth->before(Object(CodeIgniter\HTTP\IncomingRequest), null)
 2 SYSTEMPATH/CodeIgniter.php(466): CodeIgniter\Filters\Filters->run('1.0/auth/User/1/Matche/11/Scores', 'before')
 3 SYSTEMPATH/CodeIgniter.php(353): CodeIgniter\CodeIgniter->handleRequest(null, Object(Config\Cache), false)
 4 FCPATH/index.php(79): CodeIgniter\CodeIgniter->run()
WARNING - 2024-07-17 13:49:26 --> [DEPRECATED] Creation of dynamic property App\Controllers\Contest::$validation is deprecated in APPPATH/Controllers/BaseController.php on line 57.
 1 SYSTEMPATH/CodeIgniter.php(892): App\Controllers\BaseController->initController(Object(CodeIgniter\HTTP\IncomingRequest), Object(CodeIgniter\HTTP\Response), Object(CodeIgniter\Log\Logger))
 2 SYSTEMPATH/CodeIgniter.php(485): CodeIgniter\CodeIgniter->createController()
 3 SYSTEMPATH/CodeIgniter.php(353): CodeIgniter\CodeIgniter->handleRequest(null, Object(Config\Cache), false)
 4 FCPATH/index.php(79): CodeIgniter\CodeIgniter->run()
WARNING - 2024-07-17 13:49:26 --> [DEPRECATED] Creation of dynamic property App\Controllers\Matches::$validation is deprecated in APPPATH/Controllers/BaseController.php on line 57.
 1 SYSTEMPATH/CodeIgniter.php(892): App\Controllers\BaseController->initController(Object(CodeIgniter\HTTP\IncomingRequest), Object(CodeIgniter\HTTP\Response), Object(CodeIgniter\Log\Logger))
 2 SYSTEMPATH/CodeIgniter.php(485): CodeIgniter\CodeIgniter->createController()
 3 SYSTEMPATH/CodeIgniter.php(353): CodeIgniter\CodeIgniter->handleRequest(null, Object(Config\Cache), false)
 4 FCPATH/index.php(79): CodeIgniter\CodeIgniter->run()
WARNING - 2024-07-17 13:49:26 --> [DEPRECATED] Creation of dynamic property App\Models\ContestFinalPlayers::$finPlayTbl is deprecated in APPPATH/Models/ContestFinalPlayers.php on line 13.
 1 APPPATH/Controllers/Contest.php(2983): App\Models\ContestFinalPlayers->__construct()
 2 SYSTEMPATH/CodeIgniter.php(919): App\Controllers\Contest->getGameScores()
 3 SYSTEMPATH/CodeIgniter.php(494): CodeIgniter\CodeIgniter->runController(Object(App\Controllers\Contest))
 4 SYSTEMPATH/CodeIgniter.php(353): CodeIgniter\CodeIgniter->handleRequest(null, Object(Config\Cache), false)
 5 FCPATH/index.php(79): CodeIgniter\CodeIgniter->run()
WARNING - 2024-07-17 13:49:26 --> [DEPRECATED] Creation of dynamic property App\Models\UserModel::$userBankAccoTbl is deprecated in APPPATH/Models/UserModel.php on line 18.
 1 APPPATH/Controllers/Contest.php(2988): App\Models\UserModel->__construct()
 2 SYSTEMPATH/CodeIgniter.php(919): App\Controllers\Contest->getGameScores()
 3 SYSTEMPATH/CodeIgniter.php(494): CodeIgniter\CodeIgniter->runController(Object(App\Controllers\Contest))
 4 SYSTEMPATH/CodeIgniter.php(353): CodeIgniter\CodeIgniter->handleRequest(null, Object(Config\Cache), false)
 5 FCPATH/index.php(79): CodeIgniter\CodeIgniter->run()
WARNING - 2024-07-17 13:52:37 --> [DEPRECATED] Creation of dynamic property App\Controllers\Matches::$validation is deprecated in APPPATH/Controllers/BaseController.php on line 57.
 1 SYSTEMPATH/CodeIgniter.php(892): App\Controllers\BaseController->initController(Object(CodeIgniter\HTTP\IncomingRequest), Object(CodeIgniter\HTTP\Response), Object(CodeIgniter\Log\Logger))
 2 SYSTEMPATH/CodeIgniter.php(485): CodeIgniter\CodeIgniter->createController()
 3 SYSTEMPATH/CodeIgniter.php(353): CodeIgniter\CodeIgniter->handleRequest(null, Object(Config\Cache), false)
 4 FCPATH/index.php(79): CodeIgniter\CodeIgniter->run()
WARNING - 2024-07-17 13:52:37 --> [DEPRECATED] Creation of dynamic property App\Controllers\Matches::$validation is deprecated in APPPATH/Controllers/BaseController.php on line 57.
 1 SYSTEMPATH/CodeIgniter.php(892): App\Controllers\BaseController->initController(Object(CodeIgniter\HTTP\IncomingRequest), Object(CodeIgniter\HTTP\Response), Object(CodeIgniter\Log\Logger))
 2 SYSTEMPATH/CodeIgniter.php(485): CodeIgniter\CodeIgniter->createController()
 3 SYSTEMPATH/CodeIgniter.php(353): CodeIgniter\CodeIgniter->handleRequest(null, Object(Config\Cache), false)
 4 FCPATH/index.php(79): CodeIgniter\CodeIgniter->run()
WARNING - 2024-07-17 13:52:37 --> [DEPRECATED] Creation of dynamic property App\Controllers\Cron\News::$validation is deprecated in APPPATH/Controllers/BaseController.php on line 57.
 1 SYSTEMPATH/CodeIgniter.php(892): App\Controllers\BaseController->initController(Object(CodeIgniter\HTTP\IncomingRequest), Object(CodeIgniter\HTTP\Response), Object(CodeIgniter\Log\Logger))
 2 SYSTEMPATH/CodeIgniter.php(485): CodeIgniter\CodeIgniter->createController()
 3 SYSTEMPATH/CodeIgniter.php(353): CodeIgniter\CodeIgniter->handleRequest(null, Object(Config\Cache), false)
 4 FCPATH/index.php(79): CodeIgniter\CodeIgniter->run()
WARNING - 2024-07-17 13:52:38 --> [DEPRECATED] Creation of dynamic property App\Controllers\Matches::$validation is deprecated in APPPATH/Controllers/BaseController.php on line 57.
 1 SYSTEMPATH/CodeIgniter.php(892): App\Controllers\BaseController->initController(Object(CodeIgniter\HTTP\IncomingRequest), Object(CodeIgniter\HTTP\Response), Object(CodeIgniter\Log\Logger))
 2 SYSTEMPATH/CodeIgniter.php(485): CodeIgniter\CodeIgniter->createController()
 3 SYSTEMPATH/CodeIgniter.php(353): CodeIgniter\CodeIgniter->handleRequest(null, Object(Config\Cache), false)
 4 FCPATH/index.php(79): CodeIgniter\CodeIgniter->run()
WARNING - 2024-07-17 13:52:41 --> [DEPRECATED] Creation of dynamic property App\Controllers\Matches::$validation is deprecated in APPPATH/Controllers/BaseController.php on line 57.
 1 SYSTEMPATH/CodeIgniter.php(892): App\Controllers\BaseController->initController(Object(CodeIgniter\HTTP\IncomingRequest), Object(CodeIgniter\HTTP\Response), Object(CodeIgniter\Log\Logger))
 2 SYSTEMPATH/CodeIgniter.php(485): CodeIgniter\CodeIgniter->createController()
 3 SYSTEMPATH/CodeIgniter.php(353): CodeIgniter\CodeIgniter->handleRequest(null, Object(Config\Cache), false)
 4 FCPATH/index.php(79): CodeIgniter\CodeIgniter->run()
WARNING - 2024-07-17 13:54:16 --> [DEPRECATED] Creation of dynamic property App\Controllers\Matches::$validation is deprecated in APPPATH/Controllers/BaseController.php on line 57.
 1 SYSTEMPATH/CodeIgniter.php(892): App\Controllers\BaseController->initController(Object(CodeIgniter\HTTP\IncomingRequest), Object(CodeIgniter\HTTP\Response), Object(CodeIgniter\Log\Logger))
 2 SYSTEMPATH/CodeIgniter.php(485): CodeIgniter\CodeIgniter->createController()
 3 SYSTEMPATH/CodeIgniter.php(353): CodeIgniter\CodeIgniter->handleRequest(null, Object(Config\Cache), false)
 4 FCPATH/index.php(79): CodeIgniter\CodeIgniter->run()
WARNING - 2024-07-17 13:54:16 --> [DEPRECATED] Creation of dynamic property App\Controllers\Matches::$validation is deprecated in APPPATH/Controllers/BaseController.php on line 57.
 1 SYSTEMPATH/CodeIgniter.php(892): App\Controllers\BaseController->initController(Object(CodeIgniter\HTTP\IncomingRequest), Object(CodeIgniter\HTTP\Response), Object(CodeIgniter\Log\Logger))
 2 SYSTEMPATH/CodeIgniter.php(485): CodeIgniter\CodeIgniter->createController()
 3 SYSTEMPATH/CodeIgniter.php(353): CodeIgniter\CodeIgniter->handleRequest(null, Object(Config\Cache), false)
 4 FCPATH/index.php(79): CodeIgniter\CodeIgniter->run()
WARNING - 2024-07-17 13:54:16 --> [DEPRECATED] Creation of dynamic property App\Controllers\Cron\News::$validation is deprecated in APPPATH/Controllers/BaseController.php on line 57.
 1 SYSTEMPATH/CodeIgniter.php(892): App\Controllers\BaseController->initController(Object(CodeIgniter\HTTP\IncomingRequest), Object(CodeIgniter\HTTP\Response), Object(CodeIgniter\Log\Logger))
 2 SYSTEMPATH/CodeIgniter.php(485): CodeIgniter\CodeIgniter->createController()
 3 SYSTEMPATH/CodeIgniter.php(353): CodeIgniter\CodeIgniter->handleRequest(null, Object(Config\Cache), false)
 4 FCPATH/index.php(79): CodeIgniter\CodeIgniter->run()
WARNING - 2024-07-17 13:54:16 --> [DEPRECATED] Creation of dynamic property App\Controllers\Matches::$validation is deprecated in APPPATH/Controllers/BaseController.php on line 57.
 1 SYSTEMPATH/CodeIgniter.php(892): App\Controllers\BaseController->initController(Object(CodeIgniter\HTTP\IncomingRequest), Object(CodeIgniter\HTTP\Response), Object(CodeIgniter\Log\Logger))
 2 SYSTEMPATH/CodeIgniter.php(485): CodeIgniter\CodeIgniter->createController()
 3 SYSTEMPATH/CodeIgniter.php(353): CodeIgniter\CodeIgniter->handleRequest(null, Object(Config\Cache), false)
 4 FCPATH/index.php(79): CodeIgniter\CodeIgniter->run()
WARNING - 2024-07-17 13:54:19 --> [DEPRECATED] Creation of dynamic property App\Controllers\Matches::$validation is deprecated in APPPATH/Controllers/BaseController.php on line 57.
 1 SYSTEMPATH/CodeIgniter.php(892): App\Controllers\BaseController->initController(Object(CodeIgniter\HTTP\IncomingRequest), Object(CodeIgniter\HTTP\Response), Object(CodeIgniter\Log\Logger))
 2 SYSTEMPATH/CodeIgniter.php(485): CodeIgniter\CodeIgniter->createController()
 3 SYSTEMPATH/CodeIgniter.php(353): CodeIgniter\CodeIgniter->handleRequest(null, Object(Config\Cache), false)
 4 FCPATH/index.php(79): CodeIgniter\CodeIgniter->run()
WARNING - 2024-07-17 14:01:00 --> [DEPRECATED] Creation of dynamic property App\Controllers\Cron\News::$validation is deprecated in APPPATH/Controllers/BaseController.php on line 57.
 1 SYSTEMPATH/CodeIgniter.php(892): App\Controllers\BaseController->initController(Object(CodeIgniter\HTTP\IncomingRequest), Object(CodeIgniter\HTTP\Response), Object(CodeIgniter\Log\Logger))
 2 SYSTEMPATH/CodeIgniter.php(485): CodeIgniter\CodeIgniter->createController()
 3 SYSTEMPATH/CodeIgniter.php(353): CodeIgniter\CodeIgniter->handleRequest(null, Object(Config\Cache), false)
 4 FCPATH/index.php(79): CodeIgniter\CodeIgniter->run()
WARNING - 2024-07-17 14:01:00 --> [DEPRECATED] Creation of dynamic property App\Controllers\Matches::$validation is deprecated in APPPATH/Controllers/BaseController.php on line 57.
 1 SYSTEMPATH/CodeIgniter.php(892): App\Controllers\BaseController->initController(Object(CodeIgniter\HTTP\IncomingRequest), Object(CodeIgniter\HTTP\Response), Object(CodeIgniter\Log\Logger))
 2 SYSTEMPATH/CodeIgniter.php(485): CodeIgniter\CodeIgniter->createController()
 3 SYSTEMPATH/CodeIgniter.php(353): CodeIgniter\CodeIgniter->handleRequest(null, Object(Config\Cache), false)
 4 FCPATH/index.php(79): CodeIgniter\CodeIgniter->run()
WARNING - 2024-07-17 14:01:00 --> [DEPRECATED] Creation of dynamic property App\Controllers\Matches::$validation is deprecated in APPPATH/Controllers/BaseController.php on line 57.
 1 SYSTEMPATH/CodeIgniter.php(892): App\Controllers\BaseController->initController(Object(CodeIgniter\HTTP\IncomingRequest), Object(CodeIgniter\HTTP\Response), Object(CodeIgniter\Log\Logger))
 2 SYSTEMPATH/CodeIgniter.php(485): CodeIgniter\CodeIgniter->createController()
 3 SYSTEMPATH/CodeIgniter.php(353): CodeIgniter\CodeIgniter->handleRequest(null, Object(Config\Cache), false)
 4 FCPATH/index.php(79): CodeIgniter\CodeIgniter->run()
WARNING - 2024-07-17 14:01:00 --> [DEPRECATED] Creation of dynamic property App\Controllers\Matches::$validation is deprecated in APPPATH/Controllers/BaseController.php on line 57.
 1 SYSTEMPATH/CodeIgniter.php(892): App\Controllers\BaseController->initController(Object(CodeIgniter\HTTP\IncomingRequest), Object(CodeIgniter\HTTP\Response), Object(CodeIgniter\Log\Logger))
 2 SYSTEMPATH/CodeIgniter.php(485): CodeIgniter\CodeIgniter->createController()
 3 SYSTEMPATH/CodeIgniter.php(353): CodeIgniter\CodeIgniter->handleRequest(null, Object(Config\Cache), false)
 4 FCPATH/index.php(79): CodeIgniter\CodeIgniter->run()
WARNING - 2024-07-17 14:01:03 --> [DEPRECATED] Creation of dynamic property App\Controllers\Matches::$validation is deprecated in APPPATH/Controllers/BaseController.php on line 57.
 1 SYSTEMPATH/CodeIgniter.php(892): App\Controllers\BaseController->initController(Object(CodeIgniter\HTTP\IncomingRequest), Object(CodeIgniter\HTTP\Response), Object(CodeIgniter\Log\Logger))
 2 SYSTEMPATH/CodeIgniter.php(485): CodeIgniter\CodeIgniter->createController()
 3 SYSTEMPATH/CodeIgniter.php(353): CodeIgniter\CodeIgniter->handleRequest(null, Object(Config\Cache), false)
 4 FCPATH/index.php(79): CodeIgniter\CodeIgniter->run()
WARNING - 2024-07-17 14:01:45 --> [DEPRECATED] Creation of dynamic property App\Controllers\Matches::$validation is deprecated in APPPATH/Controllers/BaseController.php on line 57.
 1 SYSTEMPATH/CodeIgniter.php(892): App\Controllers\BaseController->initController(Object(CodeIgniter\HTTP\IncomingRequest), Object(CodeIgniter\HTTP\Response), Object(CodeIgniter\Log\Logger))
 2 SYSTEMPATH/CodeIgniter.php(485): CodeIgniter\CodeIgniter->createController()
 3 SYSTEMPATH/CodeIgniter.php(353): CodeIgniter\CodeIgniter->handleRequest(null, Object(Config\Cache), false)
 4 FCPATH/index.php(79): CodeIgniter\CodeIgniter->run()
WARNING - 2024-07-17 14:01:45 --> [DEPRECATED] Creation of dynamic property App\Controllers\Matches::$validation is deprecated in APPPATH/Controllers/BaseController.php on line 57.
 1 SYSTEMPATH/CodeIgniter.php(892): App\Controllers\BaseController->initController(Object(CodeIgniter\HTTP\IncomingRequest), Object(CodeIgniter\HTTP\Response), Object(CodeIgniter\Log\Logger))
 2 SYSTEMPATH/CodeIgniter.php(485): CodeIgniter\CodeIgniter->createController()
 3 SYSTEMPATH/CodeIgniter.php(353): CodeIgniter\CodeIgniter->handleRequest(null, Object(Config\Cache), false)
 4 FCPATH/index.php(79): CodeIgniter\CodeIgniter->run()
WARNING - 2024-07-17 14:01:45 --> [DEPRECATED] Creation of dynamic property App\Controllers\Cron\News::$validation is deprecated in APPPATH/Controllers/BaseController.php on line 57.
 1 SYSTEMPATH/CodeIgniter.php(892): App\Controllers\BaseController->initController(Object(CodeIgniter\HTTP\IncomingRequest), Object(CodeIgniter\HTTP\Response), Object(CodeIgniter\Log\Logger))
 2 SYSTEMPATH/CodeIgniter.php(485): CodeIgniter\CodeIgniter->createController()
 3 SYSTEMPATH/CodeIgniter.php(353): CodeIgniter\CodeIgniter->handleRequest(null, Object(Config\Cache), false)
 4 FCPATH/index.php(79): CodeIgniter\CodeIgniter->run()
WARNING - 2024-07-17 14:01:45 --> [DEPRECATED] Creation of dynamic property App\Controllers\Matches::$validation is deprecated in APPPATH/Controllers/BaseController.php on line 57.
 1 SYSTEMPATH/CodeIgniter.php(892): App\Controllers\BaseController->initController(Object(CodeIgniter\HTTP\IncomingRequest), Object(CodeIgniter\HTTP\Response), Object(CodeIgniter\Log\Logger))
 2 SYSTEMPATH/CodeIgniter.php(485): CodeIgniter\CodeIgniter->createController()
 3 SYSTEMPATH/CodeIgniter.php(353): CodeIgniter\CodeIgniter->handleRequest(null, Object(Config\Cache), false)
 4 FCPATH/index.php(79): CodeIgniter\CodeIgniter->run()
WARNING - 2024-07-17 14:01:48 --> [DEPRECATED] Creation of dynamic property App\Controllers\Matches::$validation is deprecated in APPPATH/Controllers/BaseController.php on line 57.
 1 SYSTEMPATH/CodeIgniter.php(892): App\Controllers\BaseController->initController(Object(CodeIgniter\HTTP\IncomingRequest), Object(CodeIgniter\HTTP\Response), Object(CodeIgniter\Log\Logger))
 2 SYSTEMPATH/CodeIgniter.php(485): CodeIgniter\CodeIgniter->createController()
 3 SYSTEMPATH/CodeIgniter.php(353): CodeIgniter\CodeIgniter->handleRequest(null, Object(Config\Cache), false)
 4 FCPATH/index.php(79): CodeIgniter\CodeIgniter->run()
WARNING - 2024-07-17 14:02:27 --> [DEPRECATED] Creation of dynamic property App\Controllers\Matches::$validation is deprecated in APPPATH/Controllers/BaseController.php on line 57.
 1 SYSTEMPATH/CodeIgniter.php(892): App\Controllers\BaseController->initController(Object(CodeIgniter\HTTP\IncomingRequest), Object(CodeIgniter\HTTP\Response), Object(CodeIgniter\Log\Logger))
 2 SYSTEMPATH/CodeIgniter.php(485): CodeIgniter\CodeIgniter->createController()
 3 SYSTEMPATH/CodeIgniter.php(353): CodeIgniter\CodeIgniter->handleRequest(null, Object(Config\Cache), false)
 4 FCPATH/index.php(79): CodeIgniter\CodeIgniter->run()
WARNING - 2024-07-17 14:03:23 --> [DEPRECATED] Creation of dynamic property App\Controllers\Matches::$validation is deprecated in APPPATH/Controllers/BaseController.php on line 57.
 1 SYSTEMPATH/CodeIgniter.php(892): App\Controllers\BaseController->initController(Object(CodeIgniter\HTTP\IncomingRequest), Object(CodeIgniter\HTTP\Response), Object(CodeIgniter\Log\Logger))
 2 SYSTEMPATH/CodeIgniter.php(485): CodeIgniter\CodeIgniter->createController()
 3 SYSTEMPATH/CodeIgniter.php(353): CodeIgniter\CodeIgniter->handleRequest(null, Object(Config\Cache), false)
 4 FCPATH/index.php(79): CodeIgniter\CodeIgniter->run()
WARNING - 2024-07-17 14:03:23 --> [DEPRECATED] Creation of dynamic property App\Controllers\Matches::$validation is deprecated in APPPATH/Controllers/BaseController.php on line 57.
 1 SYSTEMPATH/CodeIgniter.php(892): App\Controllers\BaseController->initController(Object(CodeIgniter\HTTP\IncomingRequest), Object(CodeIgniter\HTTP\Response), Object(CodeIgniter\Log\Logger))
 2 SYSTEMPATH/CodeIgniter.php(485): CodeIgniter\CodeIgniter->createController()
 3 SYSTEMPATH/CodeIgniter.php(353): CodeIgniter\CodeIgniter->handleRequest(null, Object(Config\Cache), false)
 4 FCPATH/index.php(79): CodeIgniter\CodeIgniter->run()
WARNING - 2024-07-17 14:03:23 --> [DEPRECATED] Creation of dynamic property App\Controllers\Cron\News::$validation is deprecated in APPPATH/Controllers/BaseController.php on line 57.
 1 SYSTEMPATH/CodeIgniter.php(892): App\Controllers\BaseController->initController(Object(CodeIgniter\HTTP\IncomingRequest), Object(CodeIgniter\HTTP\Response), Object(CodeIgniter\Log\Logger))
 2 SYSTEMPATH/CodeIgniter.php(485): CodeIgniter\CodeIgniter->createController()
 3 SYSTEMPATH/CodeIgniter.php(353): CodeIgniter\CodeIgniter->handleRequest(null, Object(Config\Cache), false)
 4 FCPATH/index.php(79): CodeIgniter\CodeIgniter->run()
WARNING - 2024-07-17 14:03:24 --> [DEPRECATED] Creation of dynamic property App\Controllers\Matches::$validation is deprecated in APPPATH/Controllers/BaseController.php on line 57.
 1 SYSTEMPATH/CodeIgniter.php(892): App\Controllers\BaseController->initController(Object(CodeIgniter\HTTP\IncomingRequest), Object(CodeIgniter\HTTP\Response), Object(CodeIgniter\Log\Logger))
 2 SYSTEMPATH/CodeIgniter.php(485): CodeIgniter\CodeIgniter->createController()
 3 SYSTEMPATH/CodeIgniter.php(353): CodeIgniter\CodeIgniter->handleRequest(null, Object(Config\Cache), false)
 4 FCPATH/index.php(79): CodeIgniter\CodeIgniter->run()
WARNING - 2024-07-17 14:03:27 --> [DEPRECATED] Creation of dynamic property App\Controllers\Matches::$validation is deprecated in APPPATH/Controllers/BaseController.php on line 57.
 1 SYSTEMPATH/CodeIgniter.php(892): App\Controllers\BaseController->initController(Object(CodeIgniter\HTTP\IncomingRequest), Object(CodeIgniter\HTTP\Response), Object(CodeIgniter\Log\Logger))
 2 SYSTEMPATH/CodeIgniter.php(485): CodeIgniter\CodeIgniter->createController()
 3 SYSTEMPATH/CodeIgniter.php(353): CodeIgniter\CodeIgniter->handleRequest(null, Object(Config\Cache), false)
 4 FCPATH/index.php(79): CodeIgniter\CodeIgniter->run()
WARNING - 2024-07-17 15:30:02 --> [DEPRECATED] Creation of dynamic property App\Controllers\Cron\Players::$validation is deprecated in APPPATH/Controllers/BaseController.php on line 57.
 1 SYSTEMPATH/CodeIgniter.php(892): App\Controllers\BaseController->initController(Object(CodeIgniter\HTTP\IncomingRequest), Object(CodeIgniter\HTTP\Response), Object(CodeIgniter\Log\Logger))
 2 SYSTEMPATH/CodeIgniter.php(485): CodeIgniter\CodeIgniter->createController()
 3 SYSTEMPATH/CodeIgniter.php(353): CodeIgniter\CodeIgniter->handleRequest(null, Object(Config\Cache), false)
 4 FCPATH/index.php(79): CodeIgniter\CodeIgniter->run()
WARNING - 2024-07-17 15:30:02 --> [DEPRECATED] Creation of dynamic property App\Controllers\Cron\Matches::$validation is deprecated in APPPATH/Controllers/BaseController.php on line 57.
 1 SYSTEMPATH/CodeIgniter.php(892): App\Controllers\BaseController->initController(Object(CodeIgniter\HTTP\IncomingRequest), Object(CodeIgniter\HTTP\Response), Object(CodeIgniter\Log\Logger))
 2 SYSTEMPATH/CodeIgniter.php(485): CodeIgniter\CodeIgniter->createController()
 3 SYSTEMPATH/CodeIgniter.php(353): CodeIgniter\CodeIgniter->handleRequest(null, Object(Config\Cache), false)
 4 FCPATH/index.php(79): CodeIgniter\CodeIgniter->run()
WARNING - 2024-07-17 15:30:02 --> [DEPRECATED] Creation of dynamic property App\Models\UserModel::$userBankAccoTbl is deprecated in APPPATH/Models/UserModel.php on line 18.
 1 APPPATH/Controllers/Cron/Players.php(34): App\Models\UserModel->__construct()
 2 SYSTEMPATH/CodeIgniter.php(919): App\Controllers\Cron\Players->getMatchPlayers()
 3 SYSTEMPATH/CodeIgniter.php(494): CodeIgniter\CodeIgniter->runController(Object(App\Controllers\Cron\Players))
 4 SYSTEMPATH/CodeIgniter.php(353): CodeIgniter\CodeIgniter->handleRequest(null, Object(Config\Cache), false)
 5 FCPATH/index.php(79): CodeIgniter\CodeIgniter->run()
WARNING - 2024-07-17 15:36:21 --> [DEPRECATED] Creation of dynamic property App\Controllers\Cron\News::$validation is deprecated in APPPATH/Controllers/BaseController.php on line 57.
 1 SYSTEMPATH/CodeIgniter.php(892): App\Controllers\BaseController->initController(Object(CodeIgniter\HTTP\IncomingRequest), Object(CodeIgniter\HTTP\Response), Object(CodeIgniter\Log\Logger))
 2 SYSTEMPATH/CodeIgniter.php(485): CodeIgniter\CodeIgniter->createController()
 3 SYSTEMPATH/CodeIgniter.php(353): CodeIgniter\CodeIgniter->handleRequest(null, Object(Config\Cache), false)
 4 FCPATH/index.php(79): CodeIgniter\CodeIgniter->run()
WARNING - 2024-07-17 15:42:46 --> [DEPRECATED] Creation of dynamic property App\Controllers\Matches::$validation is deprecated in APPPATH/Controllers/BaseController.php on line 57.
 1 SYSTEMPATH/CodeIgniter.php(892): App\Controllers\BaseController->initController(Object(CodeIgniter\HTTP\IncomingRequest), Object(CodeIgniter\HTTP\Response), Object(CodeIgniter\Log\Logger))
 2 SYSTEMPATH/CodeIgniter.php(485): CodeIgniter\CodeIgniter->createController()
 3 SYSTEMPATH/CodeIgniter.php(353): CodeIgniter\CodeIgniter->handleRequest(null, Object(Config\Cache), false)
 4 FCPATH/index.php(79): CodeIgniter\CodeIgniter->run()
WARNING - 2024-07-17 15:42:46 --> [DEPRECATED] Creation of dynamic property App\Controllers\Matches::$validation is deprecated in APPPATH/Controllers/BaseController.php on line 57.
 1 SYSTEMPATH/CodeIgniter.php(892): App\Controllers\BaseController->initController(Object(CodeIgniter\HTTP\IncomingRequest), Object(CodeIgniter\HTTP\Response), Object(CodeIgniter\Log\Logger))
 2 SYSTEMPATH/CodeIgniter.php(485): CodeIgniter\CodeIgniter->createController()
 3 SYSTEMPATH/CodeIgniter.php(353): CodeIgniter\CodeIgniter->handleRequest(null, Object(Config\Cache), false)
 4 FCPATH/index.php(79): CodeIgniter\CodeIgniter->run()
WARNING - 2024-07-17 15:42:46 --> [DEPRECATED] Creation of dynamic property App\Controllers\Cron\News::$validation is deprecated in APPPATH/Controllers/BaseController.php on line 57.
 1 SYSTEMPATH/CodeIgniter.php(892): App\Controllers\BaseController->initController(Object(CodeIgniter\HTTP\IncomingRequest), Object(CodeIgniter\HTTP\Response), Object(CodeIgniter\Log\Logger))
 2 SYSTEMPATH/CodeIgniter.php(485): CodeIgniter\CodeIgniter->createController()
 3 SYSTEMPATH/CodeIgniter.php(353): CodeIgniter\CodeIgniter->handleRequest(null, Object(Config\Cache), false)
 4 FCPATH/index.php(79): CodeIgniter\CodeIgniter->run()
WARNING - 2024-07-17 15:42:47 --> [DEPRECATED] Creation of dynamic property App\Controllers\Matches::$validation is deprecated in APPPATH/Controllers/BaseController.php on line 57.
 1 SYSTEMPATH/CodeIgniter.php(892): App\Controllers\BaseController->initController(Object(CodeIgniter\HTTP\IncomingRequest), Object(CodeIgniter\HTTP\Response), Object(CodeIgniter\Log\Logger))
 2 SYSTEMPATH/CodeIgniter.php(485): CodeIgniter\CodeIgniter->createController()
 3 SYSTEMPATH/CodeIgniter.php(353): CodeIgniter\CodeIgniter->handleRequest(null, Object(Config\Cache), false)
 4 FCPATH/index.php(79): CodeIgniter\CodeIgniter->run()
WARNING - 2024-07-17 17:33:38 --> [DEPRECATED] Creation of dynamic property App\Controllers\Cron\News::$validation is deprecated in APPPATH/Controllers/BaseController.php on line 57.
 1 SYSTEMPATH/CodeIgniter.php(892): App\Controllers\BaseController->initController(Object(CodeIgniter\HTTP\IncomingRequest), Object(CodeIgniter\HTTP\Response), Object(CodeIgniter\Log\Logger))
 2 SYSTEMPATH/CodeIgniter.php(485): CodeIgniter\CodeIgniter->createController()
 3 SYSTEMPATH/CodeIgniter.php(353): CodeIgniter\CodeIgniter->handleRequest(null, Object(Config\Cache), false)
 4 FCPATH/index.php(79): CodeIgniter\CodeIgniter->run()
WARNING - 2024-07-17 18:30:02 --> [DEPRECATED] Creation of dynamic property App\Controllers\Cron\Toss::$validation is deprecated in APPPATH/Controllers/BaseController.php on line 57.
 1 SYSTEMPATH/CodeIgniter.php(892): App\Controllers\BaseController->initController(Object(CodeIgniter\HTTP\IncomingRequest), Object(CodeIgniter\HTTP\Response), Object(CodeIgniter\Log\Logger))
 2 SYSTEMPATH/CodeIgniter.php(485): CodeIgniter\CodeIgniter->createController()
 3 SYSTEMPATH/CodeIgniter.php(353): CodeIgniter\CodeIgniter->handleRequest(null, Object(Config\Cache), false)
 4 FCPATH/index.php(79): CodeIgniter\CodeIgniter->run()
WARNING - 2024-07-17 18:30:02 --> [DEPRECATED] Creation of dynamic property App\Controllers\Cron\Matches::$validation is deprecated in APPPATH/Controllers/BaseController.php on line 57.
 1 SYSTEMPATH/CodeIgniter.php(892): App\Controllers\BaseController->initController(Object(CodeIgniter\HTTP\IncomingRequest), Object(CodeIgniter\HTTP\Response), Object(CodeIgniter\Log\Logger))
 2 SYSTEMPATH/CodeIgniter.php(485): CodeIgniter\CodeIgniter->createController()
 3 SYSTEMPATH/CodeIgniter.php(353): CodeIgniter\CodeIgniter->handleRequest(null, Object(Config\Cache), false)
 4 FCPATH/index.php(79): CodeIgniter\CodeIgniter->run()
WARNING - 2024-07-17 18:30:02 --> [DEPRECATED] Creation of dynamic property App\Controllers\Cron\Players::$validation is deprecated in APPPATH/Controllers/BaseController.php on line 57.
 1 SYSTEMPATH/CodeIgniter.php(892): App\Controllers\BaseController->initController(Object(CodeIgniter\HTTP\IncomingRequest), Object(CodeIgniter\HTTP\Response), Object(CodeIgniter\Log\Logger))
 2 SYSTEMPATH/CodeIgniter.php(485): CodeIgniter\CodeIgniter->createController()
 3 SYSTEMPATH/CodeIgniter.php(353): CodeIgniter\CodeIgniter->handleRequest(null, Object(Config\Cache), false)
 4 FCPATH/index.php(79): CodeIgniter\CodeIgniter->run()
WARNING - 2024-07-17 18:30:03 --> [DEPRECATED] Creation of dynamic property App\Models\UserModel::$userBankAccoTbl is deprecated in APPPATH/Models/UserModel.php on line 18.
 1 APPPATH/Controllers/Cron/Players.php(34): App\Models\UserModel->__construct()
 2 SYSTEMPATH/CodeIgniter.php(919): App\Controllers\Cron\Players->getMatchPlayers()
 3 SYSTEMPATH/CodeIgniter.php(494): CodeIgniter\CodeIgniter->runController(Object(App\Controllers\Cron\Players))
 4 SYSTEMPATH/CodeIgniter.php(353): CodeIgniter\CodeIgniter->handleRequest(null, Object(Config\Cache), false)
 5 FCPATH/index.php(79): CodeIgniter\CodeIgniter->run()
WARNING - 2024-07-17 19:23:46 --> [DEPRECATED] Creation of dynamic property App\Controllers\Cron\News::$validation is deprecated in APPPATH/Controllers/BaseController.php on line 57.
 1 SYSTEMPATH/CodeIgniter.php(892): App\Controllers\BaseController->initController(Object(CodeIgniter\HTTP\IncomingRequest), Object(CodeIgniter\HTTP\Response), Object(CodeIgniter\Log\Logger))
 2 SYSTEMPATH/CodeIgniter.php(485): CodeIgniter\CodeIgniter->createController()
 3 SYSTEMPATH/CodeIgniter.php(353): CodeIgniter\CodeIgniter->handleRequest(null, Object(Config\Cache), false)
 4 FCPATH/index.php(79): CodeIgniter\CodeIgniter->run()
WARNING - 2024-07-17 19:23:46 --> [DEPRECATED] Creation of dynamic property App\Controllers\Matches::$validation is deprecated in APPPATH/Controllers/BaseController.php on line 57.
 1 SYSTEMPATH/CodeIgniter.php(892): App\Controllers\BaseController->initController(Object(CodeIgniter\HTTP\IncomingRequest), Object(CodeIgniter\HTTP\Response), Object(CodeIgniter\Log\Logger))
 2 SYSTEMPATH/CodeIgniter.php(485): CodeIgniter\CodeIgniter->createController()
 3 SYSTEMPATH/CodeIgniter.php(353): CodeIgniter\CodeIgniter->handleRequest(null, Object(Config\Cache), false)
 4 FCPATH/index.php(79): CodeIgniter\CodeIgniter->run()
WARNING - 2024-07-17 19:23:46 --> [DEPRECATED] Creation of dynamic property App\Controllers\Matches::$validation is deprecated in APPPATH/Controllers/BaseController.php on line 57.
 1 SYSTEMPATH/CodeIgniter.php(892): App\Controllers\BaseController->initController(Object(CodeIgniter\HTTP\IncomingRequest), Object(CodeIgniter\HTTP\Response), Object(CodeIgniter\Log\Logger))
 2 SYSTEMPATH/CodeIgniter.php(485): CodeIgniter\CodeIgniter->createController()
 3 SYSTEMPATH/CodeIgniter.php(353): CodeIgniter\CodeIgniter->handleRequest(null, Object(Config\Cache), false)
 4 FCPATH/index.php(79): CodeIgniter\CodeIgniter->run()
WARNING - 2024-07-17 19:23:46 --> [DEPRECATED] Creation of dynamic property App\Controllers\Matches::$validation is deprecated in APPPATH/Controllers/BaseController.php on line 57.
 1 SYSTEMPATH/CodeIgniter.php(892): App\Controllers\BaseController->initController(Object(CodeIgniter\HTTP\IncomingRequest), Object(CodeIgniter\HTTP\Response), Object(CodeIgniter\Log\Logger))
 2 SYSTEMPATH/CodeIgniter.php(485): CodeIgniter\CodeIgniter->createController()
 3 SYSTEMPATH/CodeIgniter.php(353): CodeIgniter\CodeIgniter->handleRequest(null, Object(Config\Cache), false)
 4 FCPATH/index.php(79): CodeIgniter\CodeIgniter->run()
WARNING - 2024-07-17 19:23:48 --> [DEPRECATED] Creation of dynamic property App\Controllers\Matches::$validation is deprecated in APPPATH/Controllers/BaseController.php on line 57.
 1 SYSTEMPATH/CodeIgniter.php(892): App\Controllers\BaseController->initController(Object(CodeIgniter\HTTP\IncomingRequest), Object(CodeIgniter\HTTP\Response), Object(CodeIgniter\Log\Logger))
 2 SYSTEMPATH/CodeIgniter.php(485): CodeIgniter\CodeIgniter->createController()
 3 SYSTEMPATH/CodeIgniter.php(353): CodeIgniter\CodeIgniter->handleRequest(null, Object(Config\Cache), false)
 4 FCPATH/index.php(79): CodeIgniter\CodeIgniter->run()
WARNING - 2024-07-17 20:28:50 --> [DEPRECATED] Creation of dynamic property App\Controllers\Cron\News::$validation is deprecated in APPPATH/Controllers/BaseController.php on line 57.
 1 SYSTEMPATH/CodeIgniter.php(892): App\Controllers\BaseController->initController(Object(CodeIgniter\HTTP\IncomingRequest), Object(CodeIgniter\HTTP\Response), Object(CodeIgniter\Log\Logger))
 2 SYSTEMPATH/CodeIgniter.php(485): CodeIgniter\CodeIgniter->createController()
 3 SYSTEMPATH/CodeIgniter.php(353): CodeIgniter\CodeIgniter->handleRequest(null, Object(Config\Cache), false)
 4 FCPATH/index.php(79): CodeIgniter\CodeIgniter->run()
WARNING - 2024-07-17 20:48:31 --> [DEPRECATED] Creation of dynamic property App\Controllers\Cron\News::$validation is deprecated in APPPATH/Controllers/BaseController.php on line 57.
 1 SYSTEMPATH/CodeIgniter.php(892): App\Controllers\BaseController->initController(Object(CodeIgniter\HTTP\IncomingRequest), Object(CodeIgniter\HTTP\Response), Object(CodeIgniter\Log\Logger))
 2 SYSTEMPATH/CodeIgniter.php(485): CodeIgniter\CodeIgniter->createController()
 3 SYSTEMPATH/CodeIgniter.php(353): CodeIgniter\CodeIgniter->handleRequest(null, Object(Config\Cache), false)
 4 FCPATH/index.php(79): CodeIgniter\CodeIgniter->run()
WARNING - 2024-07-17 21:30:02 --> [DEPRECATED] Creation of dynamic property App\Controllers\Cron\Players::$validation is deprecated in APPPATH/Controllers/BaseController.php on line 57.
 1 SYSTEMPATH/CodeIgniter.php(892): App\Controllers\BaseController->initController(Object(CodeIgniter\HTTP\IncomingRequest), Object(CodeIgniter\HTTP\Response), Object(CodeIgniter\Log\Logger))
 2 SYSTEMPATH/CodeIgniter.php(485): CodeIgniter\CodeIgniter->createController()
 3 SYSTEMPATH/CodeIgniter.php(353): CodeIgniter\CodeIgniter->handleRequest(null, Object(Config\Cache), false)
 4 FCPATH/index.php(79): CodeIgniter\CodeIgniter->run()
WARNING - 2024-07-17 21:30:02 --> [DEPRECATED] Creation of dynamic property App\Controllers\Cron\Matches::$validation is deprecated in APPPATH/Controllers/BaseController.php on line 57.
 1 SYSTEMPATH/CodeIgniter.php(892): App\Controllers\BaseController->initController(Object(CodeIgniter\HTTP\IncomingRequest), Object(CodeIgniter\HTTP\Response), Object(CodeIgniter\Log\Logger))
 2 SYSTEMPATH/CodeIgniter.php(485): CodeIgniter\CodeIgniter->createController()
 3 SYSTEMPATH/CodeIgniter.php(353): CodeIgniter\CodeIgniter->handleRequest(null, Object(Config\Cache), false)
 4 FCPATH/index.php(79): CodeIgniter\CodeIgniter->run()
WARNING - 2024-07-17 21:30:02 --> [DEPRECATED] Creation of dynamic property App\Models\UserModel::$userBankAccoTbl is deprecated in APPPATH/Models/UserModel.php on line 18.
 1 APPPATH/Controllers/Cron/Players.php(34): App\Models\UserModel->__construct()
 2 SYSTEMPATH/CodeIgniter.php(919): App\Controllers\Cron\Players->getMatchPlayers()
 3 SYSTEMPATH/CodeIgniter.php(494): CodeIgniter\CodeIgniter->runController(Object(App\Controllers\Cron\Players))
 4 SYSTEMPATH/CodeIgniter.php(353): CodeIgniter\CodeIgniter->handleRequest(null, Object(Config\Cache), false)
 5 FCPATH/index.php(79): CodeIgniter\CodeIgniter->run()
WARNING - 2024-07-17 23:16:46 --> [DEPRECATED] Creation of dynamic property App\Controllers\Cron\News::$validation is deprecated in APPPATH/Controllers/BaseController.php on line 57.
 1 SYSTEMPATH/CodeIgniter.php(892): App\Controllers\BaseController->initController(Object(CodeIgniter\HTTP\IncomingRequest), Object(CodeIgniter\HTTP\Response), Object(CodeIgniter\Log\Logger))
 2 SYSTEMPATH/CodeIgniter.php(485): CodeIgniter\CodeIgniter->createController()
 3 SYSTEMPATH/CodeIgniter.php(353): CodeIgniter\CodeIgniter->handleRequest(null, Object(Config\Cache), false)
 4 FCPATH/index.php(79): CodeIgniter\CodeIgniter->run()
WARNING - 2024-07-17 23:21:43 --> [DEPRECATED] Creation of dynamic property App\Controllers\Cron\News::$validation is deprecated in APPPATH/Controllers/BaseController.php on line 57.
 1 SYSTEMPATH/CodeIgniter.php(892): App\Controllers\BaseController->initController(Object(CodeIgniter\HTTP\IncomingRequest), Object(CodeIgniter\HTTP\Response), Object(CodeIgniter\Log\Logger))
 2 SYSTEMPATH/CodeIgniter.php(485): CodeIgniter\CodeIgniter->createController()
 3 SYSTEMPATH/CodeIgniter.php(353): CodeIgniter\CodeIgniter->handleRequest(null, Object(Config\Cache), false)
 4 FCPATH/index.php(79): CodeIgniter\CodeIgniter->run()
