WARNING - 2024-11-18 00:30:32 --> [DEPRECATED] Creation of dynamic property App\Controllers\Cron\Players::$validation is deprecated in APPPATH/Controllers/BaseController.php on line 57.
 1 SYSTEMPATH/CodeIgniter.php(892): App\Controllers\BaseController->initController(Object(CodeIgniter\HTTP\IncomingRequest), Object(CodeIgniter\HTTP\Response), Object(CodeIgniter\Log\Logger))
 2 SYSTEMPATH/CodeIgniter.php(485): CodeIgniter\CodeIgniter->createController()
 3 SYSTEMPATH/CodeIgniter.php(353): CodeIgniter\CodeIgniter->handleRequest(null, Object(Config\Cache), false)
 4 FCPATH/index.php(79): CodeIgniter\CodeIgniter->run()
WARNING - 2024-11-18 00:30:32 --> [DEPRECATED] Creation of dynamic property App\Controllers\Cron\Matches::$validation is deprecated in APPPATH/Controllers/BaseController.php on line 57.
 1 SYSTEMPATH/CodeIgniter.php(892): App\Controllers\BaseController->initController(Object(CodeIgniter\HTTP\IncomingRequest), Object(CodeIgniter\HTTP\Response), Object(CodeIgniter\Log\Logger))
 2 SYSTEMPATH/CodeIgniter.php(485): CodeIgniter\CodeIgniter->createController()
 3 SYSTEMPATH/CodeIgniter.php(353): CodeIgniter\CodeIgniter->handleRequest(null, Object(Config\Cache), false)
 4 FCPATH/index.php(79): CodeIgniter\CodeIgniter->run()
WARNING - 2024-11-18 00:30:32 --> [DEPRECATED] Creation of dynamic property App\Models\UserModel::$userBankAccoTbl is deprecated in APPPATH/Models/UserModel.php on line 18.
 1 APPPATH/Controllers/Cron/Players.php(34): App\Models\UserModel->__construct()
 2 SYSTEMPATH/CodeIgniter.php(919): App\Controllers\Cron\Players->getMatchPlayers()
 3 SYSTEMPATH/CodeIgniter.php(494): CodeIgniter\CodeIgniter->runController(Object(App\Controllers\Cron\Players))
 4 SYSTEMPATH/CodeIgniter.php(353): CodeIgniter\CodeIgniter->handleRequest(null, Object(Config\Cache), false)
 5 FCPATH/index.php(79): CodeIgniter\CodeIgniter->run()
WARNING - 2024-11-18 01:03:39 --> [DEPRECATED] Creation of dynamic property App\Controllers\Cron\News::$validation is deprecated in APPPATH/Controllers/BaseController.php on line 57.
 1 SYSTEMPATH/CodeIgniter.php(892): App\Controllers\BaseController->initController(Object(CodeIgniter\HTTP\IncomingRequest), Object(CodeIgniter\HTTP\Response), Object(CodeIgniter\Log\Logger))
 2 SYSTEMPATH/CodeIgniter.php(485): CodeIgniter\CodeIgniter->createController()
 3 SYSTEMPATH/CodeIgniter.php(353): CodeIgniter\CodeIgniter->handleRequest(null, Object(Config\Cache), false)
 4 FCPATH/index.php(79): CodeIgniter\CodeIgniter->run()
WARNING - 2024-11-18 03:30:31 --> [DEPRECATED] Creation of dynamic property App\Controllers\Cron\Players::$validation is deprecated in APPPATH/Controllers/BaseController.php on line 57.
 1 SYSTEMPATH/CodeIgniter.php(892): App\Controllers\BaseController->initController(Object(CodeIgniter\HTTP\IncomingRequest), Object(CodeIgniter\HTTP\Response), Object(CodeIgniter\Log\Logger))
 2 SYSTEMPATH/CodeIgniter.php(485): CodeIgniter\CodeIgniter->createController()
 3 SYSTEMPATH/CodeIgniter.php(353): CodeIgniter\CodeIgniter->handleRequest(null, Object(Config\Cache), false)
 4 FCPATH/index.php(79): CodeIgniter\CodeIgniter->run()
WARNING - 2024-11-18 03:30:31 --> [DEPRECATED] Creation of dynamic property App\Controllers\Cron\Matches::$validation is deprecated in APPPATH/Controllers/BaseController.php on line 57.
 1 SYSTEMPATH/CodeIgniter.php(892): App\Controllers\BaseController->initController(Object(CodeIgniter\HTTP\IncomingRequest), Object(CodeIgniter\HTTP\Response), Object(CodeIgniter\Log\Logger))
 2 SYSTEMPATH/CodeIgniter.php(485): CodeIgniter\CodeIgniter->createController()
 3 SYSTEMPATH/CodeIgniter.php(353): CodeIgniter\CodeIgniter->handleRequest(null, Object(Config\Cache), false)
 4 FCPATH/index.php(79): CodeIgniter\CodeIgniter->run()
WARNING - 2024-11-18 03:30:31 --> [DEPRECATED] Creation of dynamic property App\Models\UserModel::$userBankAccoTbl is deprecated in APPPATH/Models/UserModel.php on line 18.
 1 APPPATH/Controllers/Cron/Players.php(34): App\Models\UserModel->__construct()
 2 SYSTEMPATH/CodeIgniter.php(919): App\Controllers\Cron\Players->getMatchPlayers()
 3 SYSTEMPATH/CodeIgniter.php(494): CodeIgniter\CodeIgniter->runController(Object(App\Controllers\Cron\Players))
 4 SYSTEMPATH/CodeIgniter.php(353): CodeIgniter\CodeIgniter->handleRequest(null, Object(Config\Cache), false)
 5 FCPATH/index.php(79): CodeIgniter\CodeIgniter->run()
WARNING - 2024-11-18 06:04:54 --> [DEPRECATED] Creation of dynamic property App\Controllers\Cron\News::$validation is deprecated in APPPATH/Controllers/BaseController.php on line 57.
 1 SYSTEMPATH/CodeIgniter.php(892): App\Controllers\BaseController->initController(Object(CodeIgniter\HTTP\IncomingRequest), Object(CodeIgniter\HTTP\Response), Object(CodeIgniter\Log\Logger))
 2 SYSTEMPATH/CodeIgniter.php(485): CodeIgniter\CodeIgniter->createController()
 3 SYSTEMPATH/CodeIgniter.php(353): CodeIgniter\CodeIgniter->handleRequest(null, Object(Config\Cache), false)
 4 FCPATH/index.php(79): CodeIgniter\CodeIgniter->run()
WARNING - 2024-11-18 06:30:31 --> [DEPRECATED] Creation of dynamic property App\Controllers\Cron\Players::$validation is deprecated in APPPATH/Controllers/BaseController.php on line 57.
 1 SYSTEMPATH/CodeIgniter.php(892): App\Controllers\BaseController->initController(Object(CodeIgniter\HTTP\IncomingRequest), Object(CodeIgniter\HTTP\Response), Object(CodeIgniter\Log\Logger))
 2 SYSTEMPATH/CodeIgniter.php(485): CodeIgniter\CodeIgniter->createController()
 3 SYSTEMPATH/CodeIgniter.php(353): CodeIgniter\CodeIgniter->handleRequest(null, Object(Config\Cache), false)
 4 FCPATH/index.php(79): CodeIgniter\CodeIgniter->run()
WARNING - 2024-11-18 06:30:31 --> [DEPRECATED] Creation of dynamic property App\Controllers\Cron\Matches::$validation is deprecated in APPPATH/Controllers/BaseController.php on line 57.
 1 SYSTEMPATH/CodeIgniter.php(892): App\Controllers\BaseController->initController(Object(CodeIgniter\HTTP\IncomingRequest), Object(CodeIgniter\HTTP\Response), Object(CodeIgniter\Log\Logger))
 2 SYSTEMPATH/CodeIgniter.php(485): CodeIgniter\CodeIgniter->createController()
 3 SYSTEMPATH/CodeIgniter.php(353): CodeIgniter\CodeIgniter->handleRequest(null, Object(Config\Cache), false)
 4 FCPATH/index.php(79): CodeIgniter\CodeIgniter->run()
WARNING - 2024-11-18 06:30:31 --> [DEPRECATED] Creation of dynamic property App\Controllers\Cron\Toss::$validation is deprecated in APPPATH/Controllers/BaseController.php on line 57.
 1 SYSTEMPATH/CodeIgniter.php(892): App\Controllers\BaseController->initController(Object(CodeIgniter\HTTP\IncomingRequest), Object(CodeIgniter\HTTP\Response), Object(CodeIgniter\Log\Logger))
 2 SYSTEMPATH/CodeIgniter.php(485): CodeIgniter\CodeIgniter->createController()
 3 SYSTEMPATH/CodeIgniter.php(353): CodeIgniter\CodeIgniter->handleRequest(null, Object(Config\Cache), false)
 4 FCPATH/index.php(79): CodeIgniter\CodeIgniter->run()
WARNING - 2024-11-18 06:30:31 --> [DEPRECATED] Creation of dynamic property App\Models\UserModel::$userBankAccoTbl is deprecated in APPPATH/Models/UserModel.php on line 18.
 1 APPPATH/Controllers/Cron/Players.php(34): App\Models\UserModel->__construct()
 2 SYSTEMPATH/CodeIgniter.php(919): App\Controllers\Cron\Players->getMatchPlayers()
 3 SYSTEMPATH/CodeIgniter.php(494): CodeIgniter\CodeIgniter->runController(Object(App\Controllers\Cron\Players))
 4 SYSTEMPATH/CodeIgniter.php(353): CodeIgniter\CodeIgniter->handleRequest(null, Object(Config\Cache), false)
 5 FCPATH/index.php(79): CodeIgniter\CodeIgniter->run()
WARNING - 2024-11-18 08:40:34 --> [DEPRECATED] Creation of dynamic property App\Controllers\Cron\News::$validation is deprecated in APPPATH/Controllers/BaseController.php on line 57.
 1 SYSTEMPATH/CodeIgniter.php(892): App\Controllers\BaseController->initController(Object(CodeIgniter\HTTP\IncomingRequest), Object(CodeIgniter\HTTP\Response), Object(CodeIgniter\Log\Logger))
 2 SYSTEMPATH/CodeIgniter.php(485): CodeIgniter\CodeIgniter->createController()
 3 SYSTEMPATH/CodeIgniter.php(353): CodeIgniter\CodeIgniter->handleRequest(null, Object(Config\Cache), false)
 4 FCPATH/index.php(79): CodeIgniter\CodeIgniter->run()
WARNING - 2024-11-18 08:40:34 --> [DEPRECATED] Creation of dynamic property App\Controllers\Matches::$validation is deprecated in APPPATH/Controllers/BaseController.php on line 57.
 1 SYSTEMPATH/CodeIgniter.php(892): App\Controllers\BaseController->initController(Object(CodeIgniter\HTTP\IncomingRequest), Object(CodeIgniter\HTTP\Response), Object(CodeIgniter\Log\Logger))
 2 SYSTEMPATH/CodeIgniter.php(485): CodeIgniter\CodeIgniter->createController()
 3 SYSTEMPATH/CodeIgniter.php(353): CodeIgniter\CodeIgniter->handleRequest(null, Object(Config\Cache), false)
 4 FCPATH/index.php(79): CodeIgniter\CodeIgniter->run()
WARNING - 2024-11-18 08:40:34 --> [DEPRECATED] Creation of dynamic property App\Controllers\Matches::$validation is deprecated in APPPATH/Controllers/BaseController.php on line 57.
 1 SYSTEMPATH/CodeIgniter.php(892): App\Controllers\BaseController->initController(Object(CodeIgniter\HTTP\IncomingRequest), Object(CodeIgniter\HTTP\Response), Object(CodeIgniter\Log\Logger))
 2 SYSTEMPATH/CodeIgniter.php(485): CodeIgniter\CodeIgniter->createController()
 3 SYSTEMPATH/CodeIgniter.php(353): CodeIgniter\CodeIgniter->handleRequest(null, Object(Config\Cache), false)
 4 FCPATH/index.php(79): CodeIgniter\CodeIgniter->run()
WARNING - 2024-11-18 08:40:34 --> [DEPRECATED] Creation of dynamic property App\Controllers\Matches::$validation is deprecated in APPPATH/Controllers/BaseController.php on line 57.
 1 SYSTEMPATH/CodeIgniter.php(892): App\Controllers\BaseController->initController(Object(CodeIgniter\HTTP\IncomingRequest), Object(CodeIgniter\HTTP\Response), Object(CodeIgniter\Log\Logger))
 2 SYSTEMPATH/CodeIgniter.php(485): CodeIgniter\CodeIgniter->createController()
 3 SYSTEMPATH/CodeIgniter.php(353): CodeIgniter\CodeIgniter->handleRequest(null, Object(Config\Cache), false)
 4 FCPATH/index.php(79): CodeIgniter\CodeIgniter->run()
WARNING - 2024-11-18 08:40:35 --> [DEPRECATED] Creation of dynamic property App\Controllers\Matches::$validation is deprecated in APPPATH/Controllers/BaseController.php on line 57.
 1 SYSTEMPATH/CodeIgniter.php(892): App\Controllers\BaseController->initController(Object(CodeIgniter\HTTP\IncomingRequest), Object(CodeIgniter\HTTP\Response), Object(CodeIgniter\Log\Logger))
 2 SYSTEMPATH/CodeIgniter.php(485): CodeIgniter\CodeIgniter->createController()
 3 SYSTEMPATH/CodeIgniter.php(353): CodeIgniter\CodeIgniter->handleRequest(null, Object(Config\Cache), false)
 4 FCPATH/index.php(79): CodeIgniter\CodeIgniter->run()
WARNING - 2024-11-18 08:40:36 --> [DEPRECATED] Creation of dynamic property App\Controllers\Matches::$validation is deprecated in APPPATH/Controllers/BaseController.php on line 57.
 1 SYSTEMPATH/CodeIgniter.php(892): App\Controllers\BaseController->initController(Object(CodeIgniter\HTTP\IncomingRequest), Object(CodeIgniter\HTTP\Response), Object(CodeIgniter\Log\Logger))
 2 SYSTEMPATH/CodeIgniter.php(485): CodeIgniter\CodeIgniter->createController()
 3 SYSTEMPATH/CodeIgniter.php(353): CodeIgniter\CodeIgniter->handleRequest(null, Object(Config\Cache), false)
 4 FCPATH/index.php(79): CodeIgniter\CodeIgniter->run()
WARNING - 2024-11-18 08:40:38 --> [DEPRECATED] Creation of dynamic property App\Controllers\Matches::$validation is deprecated in APPPATH/Controllers/BaseController.php on line 57.
 1 SYSTEMPATH/CodeIgniter.php(892): App\Controllers\BaseController->initController(Object(CodeIgniter\HTTP\IncomingRequest), Object(CodeIgniter\HTTP\Response), Object(CodeIgniter\Log\Logger))
 2 SYSTEMPATH/CodeIgniter.php(485): CodeIgniter\CodeIgniter->createController()
 3 SYSTEMPATH/CodeIgniter.php(353): CodeIgniter\CodeIgniter->handleRequest(null, Object(Config\Cache), false)
 4 FCPATH/index.php(79): CodeIgniter\CodeIgniter->run()
WARNING - 2024-11-18 08:45:29 --> [DEPRECATED] Creation of dynamic property App\Controllers\Matches::$validation is deprecated in APPPATH/Controllers/BaseController.php on line 57.
 1 SYSTEMPATH/CodeIgniter.php(892): App\Controllers\BaseController->initController(Object(CodeIgniter\HTTP\IncomingRequest), Object(CodeIgniter\HTTP\Response), Object(CodeIgniter\Log\Logger))
 2 SYSTEMPATH/CodeIgniter.php(485): CodeIgniter\CodeIgniter->createController()
 3 SYSTEMPATH/CodeIgniter.php(353): CodeIgniter\CodeIgniter->handleRequest(null, Object(Config\Cache), false)
 4 FCPATH/index.php(79): CodeIgniter\CodeIgniter->run()
WARNING - 2024-11-18 08:45:29 --> [DEPRECATED] Creation of dynamic property App\Controllers\Matches::$validation is deprecated in APPPATH/Controllers/BaseController.php on line 57.
 1 SYSTEMPATH/CodeIgniter.php(892): App\Controllers\BaseController->initController(Object(CodeIgniter\HTTP\IncomingRequest), Object(CodeIgniter\HTTP\Response), Object(CodeIgniter\Log\Logger))
 2 SYSTEMPATH/CodeIgniter.php(485): CodeIgniter\CodeIgniter->createController()
 3 SYSTEMPATH/CodeIgniter.php(353): CodeIgniter\CodeIgniter->handleRequest(null, Object(Config\Cache), false)
 4 FCPATH/index.php(79): CodeIgniter\CodeIgniter->run()
WARNING - 2024-11-18 08:45:30 --> [DEPRECATED] Creation of dynamic property App\Controllers\Cron\News::$validation is deprecated in APPPATH/Controllers/BaseController.php on line 57.
 1 SYSTEMPATH/CodeIgniter.php(892): App\Controllers\BaseController->initController(Object(CodeIgniter\HTTP\IncomingRequest), Object(CodeIgniter\HTTP\Response), Object(CodeIgniter\Log\Logger))
 2 SYSTEMPATH/CodeIgniter.php(485): CodeIgniter\CodeIgniter->createController()
 3 SYSTEMPATH/CodeIgniter.php(353): CodeIgniter\CodeIgniter->handleRequest(null, Object(Config\Cache), false)
 4 FCPATH/index.php(79): CodeIgniter\CodeIgniter->run()
WARNING - 2024-11-18 08:45:30 --> [DEPRECATED] Creation of dynamic property App\Controllers\Matches::$validation is deprecated in APPPATH/Controllers/BaseController.php on line 57.
 1 SYSTEMPATH/CodeIgniter.php(892): App\Controllers\BaseController->initController(Object(CodeIgniter\HTTP\IncomingRequest), Object(CodeIgniter\HTTP\Response), Object(CodeIgniter\Log\Logger))
 2 SYSTEMPATH/CodeIgniter.php(485): CodeIgniter\CodeIgniter->createController()
 3 SYSTEMPATH/CodeIgniter.php(353): CodeIgniter\CodeIgniter->handleRequest(null, Object(Config\Cache), false)
 4 FCPATH/index.php(79): CodeIgniter\CodeIgniter->run()
WARNING - 2024-11-18 08:45:33 --> [DEPRECATED] Creation of dynamic property App\Controllers\Matches::$validation is deprecated in APPPATH/Controllers/BaseController.php on line 57.
 1 SYSTEMPATH/CodeIgniter.php(892): App\Controllers\BaseController->initController(Object(CodeIgniter\HTTP\IncomingRequest), Object(CodeIgniter\HTTP\Response), Object(CodeIgniter\Log\Logger))
 2 SYSTEMPATH/CodeIgniter.php(485): CodeIgniter\CodeIgniter->createController()
 3 SYSTEMPATH/CodeIgniter.php(353): CodeIgniter\CodeIgniter->handleRequest(null, Object(Config\Cache), false)
 4 FCPATH/index.php(79): CodeIgniter\CodeIgniter->run()
WARNING - 2024-11-18 08:45:33 --> [DEPRECATED] Creation of dynamic property App\Controllers\Matches::$validation is deprecated in APPPATH/Controllers/BaseController.php on line 57.
 1 SYSTEMPATH/CodeIgniter.php(892): App\Controllers\BaseController->initController(Object(CodeIgniter\HTTP\IncomingRequest), Object(CodeIgniter\HTTP\Response), Object(CodeIgniter\Log\Logger))
 2 SYSTEMPATH/CodeIgniter.php(485): CodeIgniter\CodeIgniter->createController()
 3 SYSTEMPATH/CodeIgniter.php(353): CodeIgniter\CodeIgniter->handleRequest(null, Object(Config\Cache), false)
 4 FCPATH/index.php(79): CodeIgniter\CodeIgniter->run()
WARNING - 2024-11-18 08:45:35 --> [DEPRECATED] Creation of dynamic property App\Controllers\Matches::$validation is deprecated in APPPATH/Controllers/BaseController.php on line 57.
 1 SYSTEMPATH/CodeIgniter.php(892): App\Controllers\BaseController->initController(Object(CodeIgniter\HTTP\IncomingRequest), Object(CodeIgniter\HTTP\Response), Object(CodeIgniter\Log\Logger))
 2 SYSTEMPATH/CodeIgniter.php(485): CodeIgniter\CodeIgniter->createController()
 3 SYSTEMPATH/CodeIgniter.php(353): CodeIgniter\CodeIgniter->handleRequest(null, Object(Config\Cache), false)
 4 FCPATH/index.php(79): CodeIgniter\CodeIgniter->run()
WARNING - 2024-11-18 09:11:29 --> [DEPRECATED] Creation of dynamic property App\Controllers\Matches::$validation is deprecated in APPPATH/Controllers/BaseController.php on line 57.
 1 SYSTEMPATH/CodeIgniter.php(892): App\Controllers\BaseController->initController(Object(CodeIgniter\HTTP\IncomingRequest), Object(CodeIgniter\HTTP\Response), Object(CodeIgniter\Log\Logger))
 2 SYSTEMPATH/CodeIgniter.php(485): CodeIgniter\CodeIgniter->createController()
 3 SYSTEMPATH/CodeIgniter.php(353): CodeIgniter\CodeIgniter->handleRequest(null, Object(Config\Cache), false)
 4 FCPATH/index.php(79): CodeIgniter\CodeIgniter->run()
WARNING - 2024-11-18 09:11:29 --> [DEPRECATED] Creation of dynamic property App\Controllers\Matches::$validation is deprecated in APPPATH/Controllers/BaseController.php on line 57.
 1 SYSTEMPATH/CodeIgniter.php(892): App\Controllers\BaseController->initController(Object(CodeIgniter\HTTP\IncomingRequest), Object(CodeIgniter\HTTP\Response), Object(CodeIgniter\Log\Logger))
 2 SYSTEMPATH/CodeIgniter.php(485): CodeIgniter\CodeIgniter->createController()
 3 SYSTEMPATH/CodeIgniter.php(353): CodeIgniter\CodeIgniter->handleRequest(null, Object(Config\Cache), false)
 4 FCPATH/index.php(79): CodeIgniter\CodeIgniter->run()
WARNING - 2024-11-18 09:11:29 --> [DEPRECATED] Creation of dynamic property App\Controllers\Cron\News::$validation is deprecated in APPPATH/Controllers/BaseController.php on line 57.
 1 SYSTEMPATH/CodeIgniter.php(892): App\Controllers\BaseController->initController(Object(CodeIgniter\HTTP\IncomingRequest), Object(CodeIgniter\HTTP\Response), Object(CodeIgniter\Log\Logger))
 2 SYSTEMPATH/CodeIgniter.php(485): CodeIgniter\CodeIgniter->createController()
 3 SYSTEMPATH/CodeIgniter.php(353): CodeIgniter\CodeIgniter->handleRequest(null, Object(Config\Cache), false)
 4 FCPATH/index.php(79): CodeIgniter\CodeIgniter->run()
WARNING - 2024-11-18 09:11:30 --> [DEPRECATED] Creation of dynamic property App\Controllers\Matches::$validation is deprecated in APPPATH/Controllers/BaseController.php on line 57.
 1 SYSTEMPATH/CodeIgniter.php(892): App\Controllers\BaseController->initController(Object(CodeIgniter\HTTP\IncomingRequest), Object(CodeIgniter\HTTP\Response), Object(CodeIgniter\Log\Logger))
 2 SYSTEMPATH/CodeIgniter.php(485): CodeIgniter\CodeIgniter->createController()
 3 SYSTEMPATH/CodeIgniter.php(353): CodeIgniter\CodeIgniter->handleRequest(null, Object(Config\Cache), false)
 4 FCPATH/index.php(79): CodeIgniter\CodeIgniter->run()
WARNING - 2024-11-18 09:11:31 --> [DEPRECATED] Creation of dynamic property App\Controllers\Matches::$validation is deprecated in APPPATH/Controllers/BaseController.php on line 57.
 1 SYSTEMPATH/CodeIgniter.php(892): App\Controllers\BaseController->initController(Object(CodeIgniter\HTTP\IncomingRequest), Object(CodeIgniter\HTTP\Response), Object(CodeIgniter\Log\Logger))
 2 SYSTEMPATH/CodeIgniter.php(485): CodeIgniter\CodeIgniter->createController()
 3 SYSTEMPATH/CodeIgniter.php(353): CodeIgniter\CodeIgniter->handleRequest(null, Object(Config\Cache), false)
 4 FCPATH/index.php(79): CodeIgniter\CodeIgniter->run()
WARNING - 2024-11-18 09:11:31 --> [DEPRECATED] Creation of dynamic property App\Controllers\Matches::$validation is deprecated in APPPATH/Controllers/BaseController.php on line 57.
 1 SYSTEMPATH/CodeIgniter.php(892): App\Controllers\BaseController->initController(Object(CodeIgniter\HTTP\IncomingRequest), Object(CodeIgniter\HTTP\Response), Object(CodeIgniter\Log\Logger))
 2 SYSTEMPATH/CodeIgniter.php(485): CodeIgniter\CodeIgniter->createController()
 3 SYSTEMPATH/CodeIgniter.php(353): CodeIgniter\CodeIgniter->handleRequest(null, Object(Config\Cache), false)
 4 FCPATH/index.php(79): CodeIgniter\CodeIgniter->run()
WARNING - 2024-11-18 09:11:33 --> [DEPRECATED] Creation of dynamic property App\Controllers\Matches::$validation is deprecated in APPPATH/Controllers/BaseController.php on line 57.
 1 SYSTEMPATH/CodeIgniter.php(892): App\Controllers\BaseController->initController(Object(CodeIgniter\HTTP\IncomingRequest), Object(CodeIgniter\HTTP\Response), Object(CodeIgniter\Log\Logger))
 2 SYSTEMPATH/CodeIgniter.php(485): CodeIgniter\CodeIgniter->createController()
 3 SYSTEMPATH/CodeIgniter.php(353): CodeIgniter\CodeIgniter->handleRequest(null, Object(Config\Cache), false)
 4 FCPATH/index.php(79): CodeIgniter\CodeIgniter->run()
WARNING - 2024-11-18 09:19:24 --> [DEPRECATED] Creation of dynamic property App\Controllers\Cron\News::$validation is deprecated in APPPATH/Controllers/BaseController.php on line 57.
 1 SYSTEMPATH/CodeIgniter.php(892): App\Controllers\BaseController->initController(Object(CodeIgniter\HTTP\IncomingRequest), Object(CodeIgniter\HTTP\Response), Object(CodeIgniter\Log\Logger))
 2 SYSTEMPATH/CodeIgniter.php(485): CodeIgniter\CodeIgniter->createController()
 3 SYSTEMPATH/CodeIgniter.php(353): CodeIgniter\CodeIgniter->handleRequest(null, Object(Config\Cache), false)
 4 FCPATH/index.php(79): CodeIgniter\CodeIgniter->run()
WARNING - 2024-11-18 09:21:40 --> [DEPRECATED] Creation of dynamic property App\Controllers\Matches::$validation is deprecated in APPPATH/Controllers/BaseController.php on line 57.
 1 SYSTEMPATH/CodeIgniter.php(892): App\Controllers\BaseController->initController(Object(CodeIgniter\HTTP\IncomingRequest), Object(CodeIgniter\HTTP\Response), Object(CodeIgniter\Log\Logger))
 2 SYSTEMPATH/CodeIgniter.php(485): CodeIgniter\CodeIgniter->createController()
 3 SYSTEMPATH/CodeIgniter.php(353): CodeIgniter\CodeIgniter->handleRequest(null, Object(Config\Cache), false)
 4 FCPATH/index.php(79): CodeIgniter\CodeIgniter->run()
WARNING - 2024-11-18 09:21:40 --> [DEPRECATED] Creation of dynamic property App\Controllers\Matches::$validation is deprecated in APPPATH/Controllers/BaseController.php on line 57.
 1 SYSTEMPATH/CodeIgniter.php(892): App\Controllers\BaseController->initController(Object(CodeIgniter\HTTP\IncomingRequest), Object(CodeIgniter\HTTP\Response), Object(CodeIgniter\Log\Logger))
 2 SYSTEMPATH/CodeIgniter.php(485): CodeIgniter\CodeIgniter->createController()
 3 SYSTEMPATH/CodeIgniter.php(353): CodeIgniter\CodeIgniter->handleRequest(null, Object(Config\Cache), false)
 4 FCPATH/index.php(79): CodeIgniter\CodeIgniter->run()
WARNING - 2024-11-18 09:21:40 --> [DEPRECATED] Creation of dynamic property App\Controllers\Cron\News::$validation is deprecated in APPPATH/Controllers/BaseController.php on line 57.
 1 SYSTEMPATH/CodeIgniter.php(892): App\Controllers\BaseController->initController(Object(CodeIgniter\HTTP\IncomingRequest), Object(CodeIgniter\HTTP\Response), Object(CodeIgniter\Log\Logger))
 2 SYSTEMPATH/CodeIgniter.php(485): CodeIgniter\CodeIgniter->createController()
 3 SYSTEMPATH/CodeIgniter.php(353): CodeIgniter\CodeIgniter->handleRequest(null, Object(Config\Cache), false)
 4 FCPATH/index.php(79): CodeIgniter\CodeIgniter->run()
WARNING - 2024-11-18 09:21:40 --> [DEPRECATED] Creation of dynamic property App\Controllers\Matches::$validation is deprecated in APPPATH/Controllers/BaseController.php on line 57.
 1 SYSTEMPATH/CodeIgniter.php(892): App\Controllers\BaseController->initController(Object(CodeIgniter\HTTP\IncomingRequest), Object(CodeIgniter\HTTP\Response), Object(CodeIgniter\Log\Logger))
 2 SYSTEMPATH/CodeIgniter.php(485): CodeIgniter\CodeIgniter->createController()
 3 SYSTEMPATH/CodeIgniter.php(353): CodeIgniter\CodeIgniter->handleRequest(null, Object(Config\Cache), false)
 4 FCPATH/index.php(79): CodeIgniter\CodeIgniter->run()
WARNING - 2024-11-18 09:21:40 --> [DEPRECATED] Creation of dynamic property App\Controllers\Matches::$validation is deprecated in APPPATH/Controllers/BaseController.php on line 57.
 1 SYSTEMPATH/CodeIgniter.php(892): App\Controllers\BaseController->initController(Object(CodeIgniter\HTTP\IncomingRequest), Object(CodeIgniter\HTTP\Response), Object(CodeIgniter\Log\Logger))
 2 SYSTEMPATH/CodeIgniter.php(485): CodeIgniter\CodeIgniter->createController()
 3 SYSTEMPATH/CodeIgniter.php(353): CodeIgniter\CodeIgniter->handleRequest(null, Object(Config\Cache), false)
 4 FCPATH/index.php(79): CodeIgniter\CodeIgniter->run()
WARNING - 2024-11-18 09:21:40 --> [DEPRECATED] Creation of dynamic property App\Controllers\Matches::$validation is deprecated in APPPATH/Controllers/BaseController.php on line 57.
 1 SYSTEMPATH/CodeIgniter.php(892): App\Controllers\BaseController->initController(Object(CodeIgniter\HTTP\IncomingRequest), Object(CodeIgniter\HTTP\Response), Object(CodeIgniter\Log\Logger))
 2 SYSTEMPATH/CodeIgniter.php(485): CodeIgniter\CodeIgniter->createController()
 3 SYSTEMPATH/CodeIgniter.php(353): CodeIgniter\CodeIgniter->handleRequest(null, Object(Config\Cache), false)
 4 FCPATH/index.php(79): CodeIgniter\CodeIgniter->run()
WARNING - 2024-11-18 09:21:42 --> [DEPRECATED] Creation of dynamic property App\Controllers\Matches::$validation is deprecated in APPPATH/Controllers/BaseController.php on line 57.
 1 SYSTEMPATH/CodeIgniter.php(892): App\Controllers\BaseController->initController(Object(CodeIgniter\HTTP\IncomingRequest), Object(CodeIgniter\HTTP\Response), Object(CodeIgniter\Log\Logger))
 2 SYSTEMPATH/CodeIgniter.php(485): CodeIgniter\CodeIgniter->createController()
 3 SYSTEMPATH/CodeIgniter.php(353): CodeIgniter\CodeIgniter->handleRequest(null, Object(Config\Cache), false)
 4 FCPATH/index.php(79): CodeIgniter\CodeIgniter->run()
WARNING - 2024-11-18 09:23:42 --> [DEPRECATED] Creation of dynamic property App\Controllers\Cron\News::$validation is deprecated in APPPATH/Controllers/BaseController.php on line 57.
 1 SYSTEMPATH/CodeIgniter.php(892): App\Controllers\BaseController->initController(Object(CodeIgniter\HTTP\IncomingRequest), Object(CodeIgniter\HTTP\Response), Object(CodeIgniter\Log\Logger))
 2 SYSTEMPATH/CodeIgniter.php(485): CodeIgniter\CodeIgniter->createController()
 3 SYSTEMPATH/CodeIgniter.php(353): CodeIgniter\CodeIgniter->handleRequest(null, Object(Config\Cache), false)
 4 FCPATH/index.php(79): CodeIgniter\CodeIgniter->run()
WARNING - 2024-11-18 09:27:28 --> [DEPRECATED] Creation of dynamic property App\Controllers\Matches::$validation is deprecated in APPPATH/Controllers/BaseController.php on line 57.
 1 SYSTEMPATH/CodeIgniter.php(892): App\Controllers\BaseController->initController(Object(CodeIgniter\HTTP\IncomingRequest), Object(CodeIgniter\HTTP\Response), Object(CodeIgniter\Log\Logger))
 2 SYSTEMPATH/CodeIgniter.php(485): CodeIgniter\CodeIgniter->createController()
 3 SYSTEMPATH/CodeIgniter.php(353): CodeIgniter\CodeIgniter->handleRequest(null, Object(Config\Cache), false)
 4 FCPATH/index.php(79): CodeIgniter\CodeIgniter->run()
WARNING - 2024-11-18 09:27:28 --> [DEPRECATED] Creation of dynamic property App\Controllers\Matches::$validation is deprecated in APPPATH/Controllers/BaseController.php on line 57.
 1 SYSTEMPATH/CodeIgniter.php(892): App\Controllers\BaseController->initController(Object(CodeIgniter\HTTP\IncomingRequest), Object(CodeIgniter\HTTP\Response), Object(CodeIgniter\Log\Logger))
 2 SYSTEMPATH/CodeIgniter.php(485): CodeIgniter\CodeIgniter->createController()
 3 SYSTEMPATH/CodeIgniter.php(353): CodeIgniter\CodeIgniter->handleRequest(null, Object(Config\Cache), false)
 4 FCPATH/index.php(79): CodeIgniter\CodeIgniter->run()
WARNING - 2024-11-18 09:27:28 --> [DEPRECATED] Creation of dynamic property App\Controllers\Cron\News::$validation is deprecated in APPPATH/Controllers/BaseController.php on line 57.
 1 SYSTEMPATH/CodeIgniter.php(892): App\Controllers\BaseController->initController(Object(CodeIgniter\HTTP\IncomingRequest), Object(CodeIgniter\HTTP\Response), Object(CodeIgniter\Log\Logger))
 2 SYSTEMPATH/CodeIgniter.php(485): CodeIgniter\CodeIgniter->createController()
 3 SYSTEMPATH/CodeIgniter.php(353): CodeIgniter\CodeIgniter->handleRequest(null, Object(Config\Cache), false)
 4 FCPATH/index.php(79): CodeIgniter\CodeIgniter->run()
WARNING - 2024-11-18 09:27:28 --> [DEPRECATED] Creation of dynamic property App\Controllers\Matches::$validation is deprecated in APPPATH/Controllers/BaseController.php on line 57.
 1 SYSTEMPATH/CodeIgniter.php(892): App\Controllers\BaseController->initController(Object(CodeIgniter\HTTP\IncomingRequest), Object(CodeIgniter\HTTP\Response), Object(CodeIgniter\Log\Logger))
 2 SYSTEMPATH/CodeIgniter.php(485): CodeIgniter\CodeIgniter->createController()
 3 SYSTEMPATH/CodeIgniter.php(353): CodeIgniter\CodeIgniter->handleRequest(null, Object(Config\Cache), false)
 4 FCPATH/index.php(79): CodeIgniter\CodeIgniter->run()
WARNING - 2024-11-18 09:27:28 --> [DEPRECATED] Creation of dynamic property App\Controllers\Matches::$validation is deprecated in APPPATH/Controllers/BaseController.php on line 57.
 1 SYSTEMPATH/CodeIgniter.php(892): App\Controllers\BaseController->initController(Object(CodeIgniter\HTTP\IncomingRequest), Object(CodeIgniter\HTTP\Response), Object(CodeIgniter\Log\Logger))
 2 SYSTEMPATH/CodeIgniter.php(485): CodeIgniter\CodeIgniter->createController()
 3 SYSTEMPATH/CodeIgniter.php(353): CodeIgniter\CodeIgniter->handleRequest(null, Object(Config\Cache), false)
 4 FCPATH/index.php(79): CodeIgniter\CodeIgniter->run()
WARNING - 2024-11-18 09:27:29 --> [DEPRECATED] Creation of dynamic property App\Controllers\Matches::$validation is deprecated in APPPATH/Controllers/BaseController.php on line 57.
 1 SYSTEMPATH/CodeIgniter.php(892): App\Controllers\BaseController->initController(Object(CodeIgniter\HTTP\IncomingRequest), Object(CodeIgniter\HTTP\Response), Object(CodeIgniter\Log\Logger))
 2 SYSTEMPATH/CodeIgniter.php(485): CodeIgniter\CodeIgniter->createController()
 3 SYSTEMPATH/CodeIgniter.php(353): CodeIgniter\CodeIgniter->handleRequest(null, Object(Config\Cache), false)
 4 FCPATH/index.php(79): CodeIgniter\CodeIgniter->run()
WARNING - 2024-11-18 09:27:31 --> [DEPRECATED] Creation of dynamic property App\Controllers\Matches::$validation is deprecated in APPPATH/Controllers/BaseController.php on line 57.
 1 SYSTEMPATH/CodeIgniter.php(892): App\Controllers\BaseController->initController(Object(CodeIgniter\HTTP\IncomingRequest), Object(CodeIgniter\HTTP\Response), Object(CodeIgniter\Log\Logger))
 2 SYSTEMPATH/CodeIgniter.php(485): CodeIgniter\CodeIgniter->createController()
 3 SYSTEMPATH/CodeIgniter.php(353): CodeIgniter\CodeIgniter->handleRequest(null, Object(Config\Cache), false)
 4 FCPATH/index.php(79): CodeIgniter\CodeIgniter->run()
WARNING - 2024-11-18 09:30:01 --> [DEPRECATED] Creation of dynamic property App\Controllers\Cron\Players::$validation is deprecated in APPPATH/Controllers/BaseController.php on line 57.
 1 SYSTEMPATH/CodeIgniter.php(892): App\Controllers\BaseController->initController(Object(CodeIgniter\HTTP\IncomingRequest), Object(CodeIgniter\HTTP\Response), Object(CodeIgniter\Log\Logger))
 2 SYSTEMPATH/CodeIgniter.php(485): CodeIgniter\CodeIgniter->createController()
 3 SYSTEMPATH/CodeIgniter.php(353): CodeIgniter\CodeIgniter->handleRequest(null, Object(Config\Cache), false)
 4 FCPATH/index.php(79): CodeIgniter\CodeIgniter->run()
WARNING - 2024-11-18 09:30:01 --> [DEPRECATED] Creation of dynamic property App\Models\UserModel::$userBankAccoTbl is deprecated in APPPATH/Models/UserModel.php on line 18.
 1 APPPATH/Controllers/Cron/Players.php(34): App\Models\UserModel->__construct()
 2 SYSTEMPATH/CodeIgniter.php(919): App\Controllers\Cron\Players->getMatchPlayers()
 3 SYSTEMPATH/CodeIgniter.php(494): CodeIgniter\CodeIgniter->runController(Object(App\Controllers\Cron\Players))
 4 SYSTEMPATH/CodeIgniter.php(353): CodeIgniter\CodeIgniter->handleRequest(null, Object(Config\Cache), false)
 5 FCPATH/index.php(79): CodeIgniter\CodeIgniter->run()
WARNING - 2024-11-18 09:30:31 --> [DEPRECATED] Creation of dynamic property App\Controllers\Cron\Matches::$validation is deprecated in APPPATH/Controllers/BaseController.php on line 57.
 1 SYSTEMPATH/CodeIgniter.php(892): App\Controllers\BaseController->initController(Object(CodeIgniter\HTTP\IncomingRequest), Object(CodeIgniter\HTTP\Response), Object(CodeIgniter\Log\Logger))
 2 SYSTEMPATH/CodeIgniter.php(485): CodeIgniter\CodeIgniter->createController()
 3 SYSTEMPATH/CodeIgniter.php(353): CodeIgniter\CodeIgniter->handleRequest(null, Object(Config\Cache), false)
 4 FCPATH/index.php(79): CodeIgniter\CodeIgniter->run()
WARNING - 2024-11-18 09:45:00 --> [DEPRECATED] Creation of dynamic property App\Controllers\Cron\News::$validation is deprecated in APPPATH/Controllers/BaseController.php on line 57.
 1 SYSTEMPATH/CodeIgniter.php(892): App\Controllers\BaseController->initController(Object(CodeIgniter\HTTP\IncomingRequest), Object(CodeIgniter\HTTP\Response), Object(CodeIgniter\Log\Logger))
 2 SYSTEMPATH/CodeIgniter.php(485): CodeIgniter\CodeIgniter->createController()
 3 SYSTEMPATH/CodeIgniter.php(353): CodeIgniter\CodeIgniter->handleRequest(null, Object(Config\Cache), false)
 4 FCPATH/index.php(79): CodeIgniter\CodeIgniter->run()
WARNING - 2024-11-18 10:36:40 --> [DEPRECATED] Creation of dynamic property App\Controllers\Cron\News::$validation is deprecated in APPPATH/Controllers/BaseController.php on line 57.
 1 SYSTEMPATH/CodeIgniter.php(892): App\Controllers\BaseController->initController(Object(CodeIgniter\HTTP\IncomingRequest), Object(CodeIgniter\HTTP\Response), Object(CodeIgniter\Log\Logger))
 2 SYSTEMPATH/CodeIgniter.php(485): CodeIgniter\CodeIgniter->createController()
 3 SYSTEMPATH/CodeIgniter.php(353): CodeIgniter\CodeIgniter->handleRequest(null, Object(Config\Cache), false)
 4 FCPATH/index.php(79): CodeIgniter\CodeIgniter->run()
WARNING - 2024-11-18 10:56:11 --> [DEPRECATED] Creation of dynamic property App\Controllers\Cron\News::$validation is deprecated in APPPATH/Controllers/BaseController.php on line 57.
 1 SYSTEMPATH/CodeIgniter.php(892): App\Controllers\BaseController->initController(Object(CodeIgniter\HTTP\IncomingRequest), Object(CodeIgniter\HTTP\Response), Object(CodeIgniter\Log\Logger))
 2 SYSTEMPATH/CodeIgniter.php(485): CodeIgniter\CodeIgniter->createController()
 3 SYSTEMPATH/CodeIgniter.php(353): CodeIgniter\CodeIgniter->handleRequest(null, Object(Config\Cache), false)
 4 FCPATH/index.php(79): CodeIgniter\CodeIgniter->run()
WARNING - 2024-11-18 10:56:11 --> [DEPRECATED] Creation of dynamic property App\Controllers\Matches::$validation is deprecated in APPPATH/Controllers/BaseController.php on line 57.
 1 SYSTEMPATH/CodeIgniter.php(892): App\Controllers\BaseController->initController(Object(CodeIgniter\HTTP\IncomingRequest), Object(CodeIgniter\HTTP\Response), Object(CodeIgniter\Log\Logger))
 2 SYSTEMPATH/CodeIgniter.php(485): CodeIgniter\CodeIgniter->createController()
 3 SYSTEMPATH/CodeIgniter.php(353): CodeIgniter\CodeIgniter->handleRequest(null, Object(Config\Cache), false)
 4 FCPATH/index.php(79): CodeIgniter\CodeIgniter->run()
WARNING - 2024-11-18 10:56:11 --> [DEPRECATED] Creation of dynamic property App\Controllers\Matches::$validation is deprecated in APPPATH/Controllers/BaseController.php on line 57.
 1 SYSTEMPATH/CodeIgniter.php(892): App\Controllers\BaseController->initController(Object(CodeIgniter\HTTP\IncomingRequest), Object(CodeIgniter\HTTP\Response), Object(CodeIgniter\Log\Logger))
 2 SYSTEMPATH/CodeIgniter.php(485): CodeIgniter\CodeIgniter->createController()
 3 SYSTEMPATH/CodeIgniter.php(353): CodeIgniter\CodeIgniter->handleRequest(null, Object(Config\Cache), false)
 4 FCPATH/index.php(79): CodeIgniter\CodeIgniter->run()
WARNING - 2024-11-18 10:56:12 --> [DEPRECATED] Creation of dynamic property App\Controllers\Matches::$validation is deprecated in APPPATH/Controllers/BaseController.php on line 57.
 1 SYSTEMPATH/CodeIgniter.php(892): App\Controllers\BaseController->initController(Object(CodeIgniter\HTTP\IncomingRequest), Object(CodeIgniter\HTTP\Response), Object(CodeIgniter\Log\Logger))
 2 SYSTEMPATH/CodeIgniter.php(485): CodeIgniter\CodeIgniter->createController()
 3 SYSTEMPATH/CodeIgniter.php(353): CodeIgniter\CodeIgniter->handleRequest(null, Object(Config\Cache), false)
 4 FCPATH/index.php(79): CodeIgniter\CodeIgniter->run()
WARNING - 2024-11-18 10:56:12 --> [DEPRECATED] Creation of dynamic property App\Controllers\Matches::$validation is deprecated in APPPATH/Controllers/BaseController.php on line 57.
 1 SYSTEMPATH/CodeIgniter.php(892): App\Controllers\BaseController->initController(Object(CodeIgniter\HTTP\IncomingRequest), Object(CodeIgniter\HTTP\Response), Object(CodeIgniter\Log\Logger))
 2 SYSTEMPATH/CodeIgniter.php(485): CodeIgniter\CodeIgniter->createController()
 3 SYSTEMPATH/CodeIgniter.php(353): CodeIgniter\CodeIgniter->handleRequest(null, Object(Config\Cache), false)
 4 FCPATH/index.php(79): CodeIgniter\CodeIgniter->run()
WARNING - 2024-11-18 10:56:12 --> [DEPRECATED] Creation of dynamic property App\Controllers\Matches::$validation is deprecated in APPPATH/Controllers/BaseController.php on line 57.
 1 SYSTEMPATH/CodeIgniter.php(892): App\Controllers\BaseController->initController(Object(CodeIgniter\HTTP\IncomingRequest), Object(CodeIgniter\HTTP\Response), Object(CodeIgniter\Log\Logger))
 2 SYSTEMPATH/CodeIgniter.php(485): CodeIgniter\CodeIgniter->createController()
 3 SYSTEMPATH/CodeIgniter.php(353): CodeIgniter\CodeIgniter->handleRequest(null, Object(Config\Cache), false)
 4 FCPATH/index.php(79): CodeIgniter\CodeIgniter->run()
WARNING - 2024-11-18 10:56:15 --> [DEPRECATED] Creation of dynamic property App\Controllers\Matches::$validation is deprecated in APPPATH/Controllers/BaseController.php on line 57.
 1 SYSTEMPATH/CodeIgniter.php(892): App\Controllers\BaseController->initController(Object(CodeIgniter\HTTP\IncomingRequest), Object(CodeIgniter\HTTP\Response), Object(CodeIgniter\Log\Logger))
 2 SYSTEMPATH/CodeIgniter.php(485): CodeIgniter\CodeIgniter->createController()
 3 SYSTEMPATH/CodeIgniter.php(353): CodeIgniter\CodeIgniter->handleRequest(null, Object(Config\Cache), false)
 4 FCPATH/index.php(79): CodeIgniter\CodeIgniter->run()
WARNING - 2024-11-18 10:58:07 --> [DEPRECATED] Creation of dynamic property App\Controllers\Matches::$validation is deprecated in APPPATH/Controllers/BaseController.php on line 57.
 1 SYSTEMPATH/CodeIgniter.php(892): App\Controllers\BaseController->initController(Object(CodeIgniter\HTTP\IncomingRequest), Object(CodeIgniter\HTTP\Response), Object(CodeIgniter\Log\Logger))
 2 SYSTEMPATH/CodeIgniter.php(485): CodeIgniter\CodeIgniter->createController()
 3 SYSTEMPATH/CodeIgniter.php(353): CodeIgniter\CodeIgniter->handleRequest(null, Object(Config\Cache), false)
 4 FCPATH/index.php(79): CodeIgniter\CodeIgniter->run()
WARNING - 2024-11-18 10:58:07 --> [DEPRECATED] Creation of dynamic property App\Controllers\Matches::$validation is deprecated in APPPATH/Controllers/BaseController.php on line 57.
 1 SYSTEMPATH/CodeIgniter.php(892): App\Controllers\BaseController->initController(Object(CodeIgniter\HTTP\IncomingRequest), Object(CodeIgniter\HTTP\Response), Object(CodeIgniter\Log\Logger))
 2 SYSTEMPATH/CodeIgniter.php(485): CodeIgniter\CodeIgniter->createController()
 3 SYSTEMPATH/CodeIgniter.php(353): CodeIgniter\CodeIgniter->handleRequest(null, Object(Config\Cache), false)
 4 FCPATH/index.php(79): CodeIgniter\CodeIgniter->run()
WARNING - 2024-11-18 10:58:07 --> [DEPRECATED] Creation of dynamic property App\Controllers\Cron\News::$validation is deprecated in APPPATH/Controllers/BaseController.php on line 57.
 1 SYSTEMPATH/CodeIgniter.php(892): App\Controllers\BaseController->initController(Object(CodeIgniter\HTTP\IncomingRequest), Object(CodeIgniter\HTTP\Response), Object(CodeIgniter\Log\Logger))
 2 SYSTEMPATH/CodeIgniter.php(485): CodeIgniter\CodeIgniter->createController()
 3 SYSTEMPATH/CodeIgniter.php(353): CodeIgniter\CodeIgniter->handleRequest(null, Object(Config\Cache), false)
 4 FCPATH/index.php(79): CodeIgniter\CodeIgniter->run()
WARNING - 2024-11-18 10:58:07 --> [DEPRECATED] Creation of dynamic property App\Controllers\Matches::$validation is deprecated in APPPATH/Controllers/BaseController.php on line 57.
 1 SYSTEMPATH/CodeIgniter.php(892): App\Controllers\BaseController->initController(Object(CodeIgniter\HTTP\IncomingRequest), Object(CodeIgniter\HTTP\Response), Object(CodeIgniter\Log\Logger))
 2 SYSTEMPATH/CodeIgniter.php(485): CodeIgniter\CodeIgniter->createController()
 3 SYSTEMPATH/CodeIgniter.php(353): CodeIgniter\CodeIgniter->handleRequest(null, Object(Config\Cache), false)
 4 FCPATH/index.php(79): CodeIgniter\CodeIgniter->run()
WARNING - 2024-11-18 10:58:08 --> [DEPRECATED] Creation of dynamic property App\Controllers\Matches::$validation is deprecated in APPPATH/Controllers/BaseController.php on line 57.
 1 SYSTEMPATH/CodeIgniter.php(892): App\Controllers\BaseController->initController(Object(CodeIgniter\HTTP\IncomingRequest), Object(CodeIgniter\HTTP\Response), Object(CodeIgniter\Log\Logger))
 2 SYSTEMPATH/CodeIgniter.php(485): CodeIgniter\CodeIgniter->createController()
 3 SYSTEMPATH/CodeIgniter.php(353): CodeIgniter\CodeIgniter->handleRequest(null, Object(Config\Cache), false)
 4 FCPATH/index.php(79): CodeIgniter\CodeIgniter->run()
WARNING - 2024-11-18 10:58:08 --> [DEPRECATED] Creation of dynamic property App\Controllers\Matches::$validation is deprecated in APPPATH/Controllers/BaseController.php on line 57.
 1 SYSTEMPATH/CodeIgniter.php(892): App\Controllers\BaseController->initController(Object(CodeIgniter\HTTP\IncomingRequest), Object(CodeIgniter\HTTP\Response), Object(CodeIgniter\Log\Logger))
 2 SYSTEMPATH/CodeIgniter.php(485): CodeIgniter\CodeIgniter->createController()
 3 SYSTEMPATH/CodeIgniter.php(353): CodeIgniter\CodeIgniter->handleRequest(null, Object(Config\Cache), false)
 4 FCPATH/index.php(79): CodeIgniter\CodeIgniter->run()
WARNING - 2024-11-18 10:58:10 --> [DEPRECATED] Creation of dynamic property App\Controllers\Matches::$validation is deprecated in APPPATH/Controllers/BaseController.php on line 57.
 1 SYSTEMPATH/CodeIgniter.php(892): App\Controllers\BaseController->initController(Object(CodeIgniter\HTTP\IncomingRequest), Object(CodeIgniter\HTTP\Response), Object(CodeIgniter\Log\Logger))
 2 SYSTEMPATH/CodeIgniter.php(485): CodeIgniter\CodeIgniter->createController()
 3 SYSTEMPATH/CodeIgniter.php(353): CodeIgniter\CodeIgniter->handleRequest(null, Object(Config\Cache), false)
 4 FCPATH/index.php(79): CodeIgniter\CodeIgniter->run()
WARNING - 2024-11-18 11:03:25 --> [DEPRECATED] Creation of dynamic property App\Controllers\Matches::$validation is deprecated in APPPATH/Controllers/BaseController.php on line 57.
 1 SYSTEMPATH/CodeIgniter.php(892): App\Controllers\BaseController->initController(Object(CodeIgniter\HTTP\IncomingRequest), Object(CodeIgniter\HTTP\Response), Object(CodeIgniter\Log\Logger))
 2 SYSTEMPATH/CodeIgniter.php(485): CodeIgniter\CodeIgniter->createController()
 3 SYSTEMPATH/CodeIgniter.php(353): CodeIgniter\CodeIgniter->handleRequest(null, Object(Config\Cache), false)
 4 FCPATH/index.php(79): CodeIgniter\CodeIgniter->run()
WARNING - 2024-11-18 11:03:26 --> [DEPRECATED] Creation of dynamic property App\Controllers\Matches::$validation is deprecated in APPPATH/Controllers/BaseController.php on line 57.
 1 SYSTEMPATH/CodeIgniter.php(892): App\Controllers\BaseController->initController(Object(CodeIgniter\HTTP\IncomingRequest), Object(CodeIgniter\HTTP\Response), Object(CodeIgniter\Log\Logger))
 2 SYSTEMPATH/CodeIgniter.php(485): CodeIgniter\CodeIgniter->createController()
 3 SYSTEMPATH/CodeIgniter.php(353): CodeIgniter\CodeIgniter->handleRequest(null, Object(Config\Cache), false)
 4 FCPATH/index.php(79): CodeIgniter\CodeIgniter->run()
WARNING - 2024-11-18 11:03:26 --> [DEPRECATED] Creation of dynamic property App\Controllers\Cron\News::$validation is deprecated in APPPATH/Controllers/BaseController.php on line 57.
 1 SYSTEMPATH/CodeIgniter.php(892): App\Controllers\BaseController->initController(Object(CodeIgniter\HTTP\IncomingRequest), Object(CodeIgniter\HTTP\Response), Object(CodeIgniter\Log\Logger))
 2 SYSTEMPATH/CodeIgniter.php(485): CodeIgniter\CodeIgniter->createController()
 3 SYSTEMPATH/CodeIgniter.php(353): CodeIgniter\CodeIgniter->handleRequest(null, Object(Config\Cache), false)
 4 FCPATH/index.php(79): CodeIgniter\CodeIgniter->run()
WARNING - 2024-11-18 11:03:26 --> [DEPRECATED] Creation of dynamic property App\Controllers\Matches::$validation is deprecated in APPPATH/Controllers/BaseController.php on line 57.
 1 SYSTEMPATH/CodeIgniter.php(892): App\Controllers\BaseController->initController(Object(CodeIgniter\HTTP\IncomingRequest), Object(CodeIgniter\HTTP\Response), Object(CodeIgniter\Log\Logger))
 2 SYSTEMPATH/CodeIgniter.php(485): CodeIgniter\CodeIgniter->createController()
 3 SYSTEMPATH/CodeIgniter.php(353): CodeIgniter\CodeIgniter->handleRequest(null, Object(Config\Cache), false)
 4 FCPATH/index.php(79): CodeIgniter\CodeIgniter->run()
WARNING - 2024-11-18 11:03:29 --> [DEPRECATED] Creation of dynamic property App\Controllers\Matches::$validation is deprecated in APPPATH/Controllers/BaseController.php on line 57.
 1 SYSTEMPATH/CodeIgniter.php(892): App\Controllers\BaseController->initController(Object(CodeIgniter\HTTP\IncomingRequest), Object(CodeIgniter\HTTP\Response), Object(CodeIgniter\Log\Logger))
 2 SYSTEMPATH/CodeIgniter.php(485): CodeIgniter\CodeIgniter->createController()
 3 SYSTEMPATH/CodeIgniter.php(353): CodeIgniter\CodeIgniter->handleRequest(null, Object(Config\Cache), false)
 4 FCPATH/index.php(79): CodeIgniter\CodeIgniter->run()
WARNING - 2024-11-18 11:03:29 --> [DEPRECATED] Creation of dynamic property App\Controllers\Matches::$validation is deprecated in APPPATH/Controllers/BaseController.php on line 57.
 1 SYSTEMPATH/CodeIgniter.php(892): App\Controllers\BaseController->initController(Object(CodeIgniter\HTTP\IncomingRequest), Object(CodeIgniter\HTTP\Response), Object(CodeIgniter\Log\Logger))
 2 SYSTEMPATH/CodeIgniter.php(485): CodeIgniter\CodeIgniter->createController()
 3 SYSTEMPATH/CodeIgniter.php(353): CodeIgniter\CodeIgniter->handleRequest(null, Object(Config\Cache), false)
 4 FCPATH/index.php(79): CodeIgniter\CodeIgniter->run()
WARNING - 2024-11-18 11:03:31 --> [DEPRECATED] Creation of dynamic property App\Controllers\Cron\News::$validation is deprecated in APPPATH/Controllers/BaseController.php on line 57.
 1 SYSTEMPATH/CodeIgniter.php(892): App\Controllers\BaseController->initController(Object(CodeIgniter\HTTP\IncomingRequest), Object(CodeIgniter\HTTP\Response), Object(CodeIgniter\Log\Logger))
 2 SYSTEMPATH/CodeIgniter.php(485): CodeIgniter\CodeIgniter->createController()
 3 SYSTEMPATH/CodeIgniter.php(353): CodeIgniter\CodeIgniter->handleRequest(null, Object(Config\Cache), false)
 4 FCPATH/index.php(79): CodeIgniter\CodeIgniter->run()
WARNING - 2024-11-18 11:08:31 --> [DEPRECATED] Creation of dynamic property App\Controllers\Cron\News::$validation is deprecated in APPPATH/Controllers/BaseController.php on line 57.
 1 SYSTEMPATH/CodeIgniter.php(892): App\Controllers\BaseController->initController(Object(CodeIgniter\HTTP\IncomingRequest), Object(CodeIgniter\HTTP\Response), Object(CodeIgniter\Log\Logger))
 2 SYSTEMPATH/CodeIgniter.php(485): CodeIgniter\CodeIgniter->createController()
 3 SYSTEMPATH/CodeIgniter.php(353): CodeIgniter\CodeIgniter->handleRequest(null, Object(Config\Cache), false)
 4 FCPATH/index.php(79): CodeIgniter\CodeIgniter->run()
WARNING - 2024-11-18 11:11:55 --> [DEPRECATED] Creation of dynamic property App\Controllers\Cron\News::$validation is deprecated in APPPATH/Controllers/BaseController.php on line 57.
 1 SYSTEMPATH/CodeIgniter.php(892): App\Controllers\BaseController->initController(Object(CodeIgniter\HTTP\IncomingRequest), Object(CodeIgniter\HTTP\Response), Object(CodeIgniter\Log\Logger))
 2 SYSTEMPATH/CodeIgniter.php(485): CodeIgniter\CodeIgniter->createController()
 3 SYSTEMPATH/CodeIgniter.php(353): CodeIgniter\CodeIgniter->handleRequest(null, Object(Config\Cache), false)
 4 FCPATH/index.php(79): CodeIgniter\CodeIgniter->run()
WARNING - 2024-11-18 11:11:55 --> [DEPRECATED] Creation of dynamic property App\Controllers\Matches::$validation is deprecated in APPPATH/Controllers/BaseController.php on line 57.
 1 SYSTEMPATH/CodeIgniter.php(892): App\Controllers\BaseController->initController(Object(CodeIgniter\HTTP\IncomingRequest), Object(CodeIgniter\HTTP\Response), Object(CodeIgniter\Log\Logger))
 2 SYSTEMPATH/CodeIgniter.php(485): CodeIgniter\CodeIgniter->createController()
 3 SYSTEMPATH/CodeIgniter.php(353): CodeIgniter\CodeIgniter->handleRequest(null, Object(Config\Cache), false)
 4 FCPATH/index.php(79): CodeIgniter\CodeIgniter->run()
WARNING - 2024-11-18 11:11:55 --> [DEPRECATED] Creation of dynamic property App\Controllers\Matches::$validation is deprecated in APPPATH/Controllers/BaseController.php on line 57.
 1 SYSTEMPATH/CodeIgniter.php(892): App\Controllers\BaseController->initController(Object(CodeIgniter\HTTP\IncomingRequest), Object(CodeIgniter\HTTP\Response), Object(CodeIgniter\Log\Logger))
 2 SYSTEMPATH/CodeIgniter.php(485): CodeIgniter\CodeIgniter->createController()
 3 SYSTEMPATH/CodeIgniter.php(353): CodeIgniter\CodeIgniter->handleRequest(null, Object(Config\Cache), false)
 4 FCPATH/index.php(79): CodeIgniter\CodeIgniter->run()
WARNING - 2024-11-18 11:11:55 --> [DEPRECATED] Creation of dynamic property App\Controllers\Matches::$validation is deprecated in APPPATH/Controllers/BaseController.php on line 57.
 1 SYSTEMPATH/CodeIgniter.php(892): App\Controllers\BaseController->initController(Object(CodeIgniter\HTTP\IncomingRequest), Object(CodeIgniter\HTTP\Response), Object(CodeIgniter\Log\Logger))
 2 SYSTEMPATH/CodeIgniter.php(485): CodeIgniter\CodeIgniter->createController()
 3 SYSTEMPATH/CodeIgniter.php(353): CodeIgniter\CodeIgniter->handleRequest(null, Object(Config\Cache), false)
 4 FCPATH/index.php(79): CodeIgniter\CodeIgniter->run()
WARNING - 2024-11-18 11:11:56 --> [DEPRECATED] Creation of dynamic property App\Controllers\Matches::$validation is deprecated in APPPATH/Controllers/BaseController.php on line 57.
 1 SYSTEMPATH/CodeIgniter.php(892): App\Controllers\BaseController->initController(Object(CodeIgniter\HTTP\IncomingRequest), Object(CodeIgniter\HTTP\Response), Object(CodeIgniter\Log\Logger))
 2 SYSTEMPATH/CodeIgniter.php(485): CodeIgniter\CodeIgniter->createController()
 3 SYSTEMPATH/CodeIgniter.php(353): CodeIgniter\CodeIgniter->handleRequest(null, Object(Config\Cache), false)
 4 FCPATH/index.php(79): CodeIgniter\CodeIgniter->run()
WARNING - 2024-11-18 11:11:57 --> [DEPRECATED] Creation of dynamic property App\Controllers\Matches::$validation is deprecated in APPPATH/Controllers/BaseController.php on line 57.
 1 SYSTEMPATH/CodeIgniter.php(892): App\Controllers\BaseController->initController(Object(CodeIgniter\HTTP\IncomingRequest), Object(CodeIgniter\HTTP\Response), Object(CodeIgniter\Log\Logger))
 2 SYSTEMPATH/CodeIgniter.php(485): CodeIgniter\CodeIgniter->createController()
 3 SYSTEMPATH/CodeIgniter.php(353): CodeIgniter\CodeIgniter->handleRequest(null, Object(Config\Cache), false)
 4 FCPATH/index.php(79): CodeIgniter\CodeIgniter->run()
WARNING - 2024-11-18 11:12:02 --> [DEPRECATED] Creation of dynamic property App\Controllers\Matches::$validation is deprecated in APPPATH/Controllers/BaseController.php on line 57.
 1 SYSTEMPATH/CodeIgniter.php(892): App\Controllers\BaseController->initController(Object(CodeIgniter\HTTP\IncomingRequest), Object(CodeIgniter\HTTP\Response), Object(CodeIgniter\Log\Logger))
 2 SYSTEMPATH/CodeIgniter.php(485): CodeIgniter\CodeIgniter->createController()
 3 SYSTEMPATH/CodeIgniter.php(353): CodeIgniter\CodeIgniter->handleRequest(null, Object(Config\Cache), false)
 4 FCPATH/index.php(79): CodeIgniter\CodeIgniter->run()
WARNING - 2024-11-18 11:13:31 --> [DEPRECATED] Creation of dynamic property App\Controllers\Cron\News::$validation is deprecated in APPPATH/Controllers/BaseController.php on line 57.
 1 SYSTEMPATH/CodeIgniter.php(892): App\Controllers\BaseController->initController(Object(CodeIgniter\HTTP\IncomingRequest), Object(CodeIgniter\HTTP\Response), Object(CodeIgniter\Log\Logger))
 2 SYSTEMPATH/CodeIgniter.php(485): CodeIgniter\CodeIgniter->createController()
 3 SYSTEMPATH/CodeIgniter.php(353): CodeIgniter\CodeIgniter->handleRequest(null, Object(Config\Cache), false)
 4 FCPATH/index.php(79): CodeIgniter\CodeIgniter->run()
WARNING - 2024-11-18 11:16:16 --> [DEPRECATED] Creation of dynamic property App\Controllers\Matches::$validation is deprecated in APPPATH/Controllers/BaseController.php on line 57.
 1 SYSTEMPATH/CodeIgniter.php(892): App\Controllers\BaseController->initController(Object(CodeIgniter\HTTP\IncomingRequest), Object(CodeIgniter\HTTP\Response), Object(CodeIgniter\Log\Logger))
 2 SYSTEMPATH/CodeIgniter.php(485): CodeIgniter\CodeIgniter->createController()
 3 SYSTEMPATH/CodeIgniter.php(353): CodeIgniter\CodeIgniter->handleRequest(null, Object(Config\Cache), false)
 4 FCPATH/index.php(79): CodeIgniter\CodeIgniter->run()
WARNING - 2024-11-18 11:16:16 --> [DEPRECATED] Creation of dynamic property App\Controllers\Cron\News::$validation is deprecated in APPPATH/Controllers/BaseController.php on line 57.
 1 SYSTEMPATH/CodeIgniter.php(892): App\Controllers\BaseController->initController(Object(CodeIgniter\HTTP\IncomingRequest), Object(CodeIgniter\HTTP\Response), Object(CodeIgniter\Log\Logger))
 2 SYSTEMPATH/CodeIgniter.php(485): CodeIgniter\CodeIgniter->createController()
 3 SYSTEMPATH/CodeIgniter.php(353): CodeIgniter\CodeIgniter->handleRequest(null, Object(Config\Cache), false)
 4 FCPATH/index.php(79): CodeIgniter\CodeIgniter->run()
WARNING - 2024-11-18 11:16:16 --> [DEPRECATED] Creation of dynamic property App\Controllers\Matches::$validation is deprecated in APPPATH/Controllers/BaseController.php on line 57.
 1 SYSTEMPATH/CodeIgniter.php(892): App\Controllers\BaseController->initController(Object(CodeIgniter\HTTP\IncomingRequest), Object(CodeIgniter\HTTP\Response), Object(CodeIgniter\Log\Logger))
 2 SYSTEMPATH/CodeIgniter.php(485): CodeIgniter\CodeIgniter->createController()
 3 SYSTEMPATH/CodeIgniter.php(353): CodeIgniter\CodeIgniter->handleRequest(null, Object(Config\Cache), false)
 4 FCPATH/index.php(79): CodeIgniter\CodeIgniter->run()
WARNING - 2024-11-18 11:16:16 --> [DEPRECATED] Creation of dynamic property App\Controllers\Matches::$validation is deprecated in APPPATH/Controllers/BaseController.php on line 57.
 1 SYSTEMPATH/CodeIgniter.php(892): App\Controllers\BaseController->initController(Object(CodeIgniter\HTTP\IncomingRequest), Object(CodeIgniter\HTTP\Response), Object(CodeIgniter\Log\Logger))
 2 SYSTEMPATH/CodeIgniter.php(485): CodeIgniter\CodeIgniter->createController()
 3 SYSTEMPATH/CodeIgniter.php(353): CodeIgniter\CodeIgniter->handleRequest(null, Object(Config\Cache), false)
 4 FCPATH/index.php(79): CodeIgniter\CodeIgniter->run()
WARNING - 2024-11-18 11:16:16 --> [DEPRECATED] Creation of dynamic property App\Controllers\Matches::$validation is deprecated in APPPATH/Controllers/BaseController.php on line 57.
 1 SYSTEMPATH/CodeIgniter.php(892): App\Controllers\BaseController->initController(Object(CodeIgniter\HTTP\IncomingRequest), Object(CodeIgniter\HTTP\Response), Object(CodeIgniter\Log\Logger))
 2 SYSTEMPATH/CodeIgniter.php(485): CodeIgniter\CodeIgniter->createController()
 3 SYSTEMPATH/CodeIgniter.php(353): CodeIgniter\CodeIgniter->handleRequest(null, Object(Config\Cache), false)
 4 FCPATH/index.php(79): CodeIgniter\CodeIgniter->run()
WARNING - 2024-11-18 11:16:17 --> [DEPRECATED] Creation of dynamic property App\Controllers\Matches::$validation is deprecated in APPPATH/Controllers/BaseController.php on line 57.
 1 SYSTEMPATH/CodeIgniter.php(892): App\Controllers\BaseController->initController(Object(CodeIgniter\HTTP\IncomingRequest), Object(CodeIgniter\HTTP\Response), Object(CodeIgniter\Log\Logger))
 2 SYSTEMPATH/CodeIgniter.php(485): CodeIgniter\CodeIgniter->createController()
 3 SYSTEMPATH/CodeIgniter.php(353): CodeIgniter\CodeIgniter->handleRequest(null, Object(Config\Cache), false)
 4 FCPATH/index.php(79): CodeIgniter\CodeIgniter->run()
WARNING - 2024-11-18 11:16:19 --> [DEPRECATED] Creation of dynamic property App\Controllers\Matches::$validation is deprecated in APPPATH/Controllers/BaseController.php on line 57.
 1 SYSTEMPATH/CodeIgniter.php(892): App\Controllers\BaseController->initController(Object(CodeIgniter\HTTP\IncomingRequest), Object(CodeIgniter\HTTP\Response), Object(CodeIgniter\Log\Logger))
 2 SYSTEMPATH/CodeIgniter.php(485): CodeIgniter\CodeIgniter->createController()
 3 SYSTEMPATH/CodeIgniter.php(353): CodeIgniter\CodeIgniter->handleRequest(null, Object(Config\Cache), false)
 4 FCPATH/index.php(79): CodeIgniter\CodeIgniter->run()
WARNING - 2024-11-18 11:18:32 --> [DEPRECATED] Creation of dynamic property App\Controllers\Cron\News::$validation is deprecated in APPPATH/Controllers/BaseController.php on line 57.
 1 SYSTEMPATH/CodeIgniter.php(892): App\Controllers\BaseController->initController(Object(CodeIgniter\HTTP\IncomingRequest), Object(CodeIgniter\HTTP\Response), Object(CodeIgniter\Log\Logger))
 2 SYSTEMPATH/CodeIgniter.php(485): CodeIgniter\CodeIgniter->createController()
 3 SYSTEMPATH/CodeIgniter.php(353): CodeIgniter\CodeIgniter->handleRequest(null, Object(Config\Cache), false)
 4 FCPATH/index.php(79): CodeIgniter\CodeIgniter->run()
WARNING - 2024-11-18 11:23:31 --> [DEPRECATED] Creation of dynamic property App\Controllers\Cron\News::$validation is deprecated in APPPATH/Controllers/BaseController.php on line 57.
 1 SYSTEMPATH/CodeIgniter.php(892): App\Controllers\BaseController->initController(Object(CodeIgniter\HTTP\IncomingRequest), Object(CodeIgniter\HTTP\Response), Object(CodeIgniter\Log\Logger))
 2 SYSTEMPATH/CodeIgniter.php(485): CodeIgniter\CodeIgniter->createController()
 3 SYSTEMPATH/CodeIgniter.php(353): CodeIgniter\CodeIgniter->handleRequest(null, Object(Config\Cache), false)
 4 FCPATH/index.php(79): CodeIgniter\CodeIgniter->run()
WARNING - 2024-11-18 11:36:15 --> [DEPRECATED] Creation of dynamic property App\Controllers\Cron\News::$validation is deprecated in APPPATH/Controllers/BaseController.php on line 57.
 1 SYSTEMPATH/CodeIgniter.php(892): App\Controllers\BaseController->initController(Object(CodeIgniter\HTTP\IncomingRequest), Object(CodeIgniter\HTTP\Response), Object(CodeIgniter\Log\Logger))
 2 SYSTEMPATH/CodeIgniter.php(485): CodeIgniter\CodeIgniter->createController()
 3 SYSTEMPATH/CodeIgniter.php(353): CodeIgniter\CodeIgniter->handleRequest(null, Object(Config\Cache), false)
 4 FCPATH/index.php(79): CodeIgniter\CodeIgniter->run()
WARNING - 2024-11-18 11:36:15 --> [DEPRECATED] Creation of dynamic property App\Controllers\Matches::$validation is deprecated in APPPATH/Controllers/BaseController.php on line 57.
 1 SYSTEMPATH/CodeIgniter.php(892): App\Controllers\BaseController->initController(Object(CodeIgniter\HTTP\IncomingRequest), Object(CodeIgniter\HTTP\Response), Object(CodeIgniter\Log\Logger))
 2 SYSTEMPATH/CodeIgniter.php(485): CodeIgniter\CodeIgniter->createController()
 3 SYSTEMPATH/CodeIgniter.php(353): CodeIgniter\CodeIgniter->handleRequest(null, Object(Config\Cache), false)
 4 FCPATH/index.php(79): CodeIgniter\CodeIgniter->run()
WARNING - 2024-11-18 11:36:15 --> [DEPRECATED] Creation of dynamic property App\Controllers\Matches::$validation is deprecated in APPPATH/Controllers/BaseController.php on line 57.
 1 SYSTEMPATH/CodeIgniter.php(892): App\Controllers\BaseController->initController(Object(CodeIgniter\HTTP\IncomingRequest), Object(CodeIgniter\HTTP\Response), Object(CodeIgniter\Log\Logger))
 2 SYSTEMPATH/CodeIgniter.php(485): CodeIgniter\CodeIgniter->createController()
 3 SYSTEMPATH/CodeIgniter.php(353): CodeIgniter\CodeIgniter->handleRequest(null, Object(Config\Cache), false)
 4 FCPATH/index.php(79): CodeIgniter\CodeIgniter->run()
WARNING - 2024-11-18 11:36:16 --> [DEPRECATED] Creation of dynamic property App\Controllers\Matches::$validation is deprecated in APPPATH/Controllers/BaseController.php on line 57.
 1 SYSTEMPATH/CodeIgniter.php(892): App\Controllers\BaseController->initController(Object(CodeIgniter\HTTP\IncomingRequest), Object(CodeIgniter\HTTP\Response), Object(CodeIgniter\Log\Logger))
 2 SYSTEMPATH/CodeIgniter.php(485): CodeIgniter\CodeIgniter->createController()
 3 SYSTEMPATH/CodeIgniter.php(353): CodeIgniter\CodeIgniter->handleRequest(null, Object(Config\Cache), false)
 4 FCPATH/index.php(79): CodeIgniter\CodeIgniter->run()
WARNING - 2024-11-18 11:36:16 --> [DEPRECATED] Creation of dynamic property App\Controllers\Matches::$validation is deprecated in APPPATH/Controllers/BaseController.php on line 57.
 1 SYSTEMPATH/CodeIgniter.php(892): App\Controllers\BaseController->initController(Object(CodeIgniter\HTTP\IncomingRequest), Object(CodeIgniter\HTTP\Response), Object(CodeIgniter\Log\Logger))
 2 SYSTEMPATH/CodeIgniter.php(485): CodeIgniter\CodeIgniter->createController()
 3 SYSTEMPATH/CodeIgniter.php(353): CodeIgniter\CodeIgniter->handleRequest(null, Object(Config\Cache), false)
 4 FCPATH/index.php(79): CodeIgniter\CodeIgniter->run()
WARNING - 2024-11-18 11:36:17 --> [DEPRECATED] Creation of dynamic property App\Controllers\Matches::$validation is deprecated in APPPATH/Controllers/BaseController.php on line 57.
 1 SYSTEMPATH/CodeIgniter.php(892): App\Controllers\BaseController->initController(Object(CodeIgniter\HTTP\IncomingRequest), Object(CodeIgniter\HTTP\Response), Object(CodeIgniter\Log\Logger))
 2 SYSTEMPATH/CodeIgniter.php(485): CodeIgniter\CodeIgniter->createController()
 3 SYSTEMPATH/CodeIgniter.php(353): CodeIgniter\CodeIgniter->handleRequest(null, Object(Config\Cache), false)
 4 FCPATH/index.php(79): CodeIgniter\CodeIgniter->run()
WARNING - 2024-11-18 11:36:21 --> [DEPRECATED] Creation of dynamic property App\Controllers\Matches::$validation is deprecated in APPPATH/Controllers/BaseController.php on line 57.
 1 SYSTEMPATH/CodeIgniter.php(892): App\Controllers\BaseController->initController(Object(CodeIgniter\HTTP\IncomingRequest), Object(CodeIgniter\HTTP\Response), Object(CodeIgniter\Log\Logger))
 2 SYSTEMPATH/CodeIgniter.php(485): CodeIgniter\CodeIgniter->createController()
 3 SYSTEMPATH/CodeIgniter.php(353): CodeIgniter\CodeIgniter->handleRequest(null, Object(Config\Cache), false)
 4 FCPATH/index.php(79): CodeIgniter\CodeIgniter->run()
WARNING - 2024-11-18 11:37:35 --> [DEPRECATED] Creation of dynamic property App\Controllers\Matches::$validation is deprecated in APPPATH/Controllers/BaseController.php on line 57.
 1 SYSTEMPATH/CodeIgniter.php(892): App\Controllers\BaseController->initController(Object(CodeIgniter\HTTP\IncomingRequest), Object(CodeIgniter\HTTP\Response), Object(CodeIgniter\Log\Logger))
 2 SYSTEMPATH/CodeIgniter.php(485): CodeIgniter\CodeIgniter->createController()
 3 SYSTEMPATH/CodeIgniter.php(353): CodeIgniter\CodeIgniter->handleRequest(null, Object(Config\Cache), false)
 4 FCPATH/index.php(79): CodeIgniter\CodeIgniter->run()
WARNING - 2024-11-18 11:37:35 --> [DEPRECATED] Creation of dynamic property App\Controllers\Matches::$validation is deprecated in APPPATH/Controllers/BaseController.php on line 57.
 1 SYSTEMPATH/CodeIgniter.php(892): App\Controllers\BaseController->initController(Object(CodeIgniter\HTTP\IncomingRequest), Object(CodeIgniter\HTTP\Response), Object(CodeIgniter\Log\Logger))
 2 SYSTEMPATH/CodeIgniter.php(485): CodeIgniter\CodeIgniter->createController()
 3 SYSTEMPATH/CodeIgniter.php(353): CodeIgniter\CodeIgniter->handleRequest(null, Object(Config\Cache), false)
 4 FCPATH/index.php(79): CodeIgniter\CodeIgniter->run()
WARNING - 2024-11-18 11:37:35 --> [DEPRECATED] Creation of dynamic property App\Controllers\Cron\News::$validation is deprecated in APPPATH/Controllers/BaseController.php on line 57.
 1 SYSTEMPATH/CodeIgniter.php(892): App\Controllers\BaseController->initController(Object(CodeIgniter\HTTP\IncomingRequest), Object(CodeIgniter\HTTP\Response), Object(CodeIgniter\Log\Logger))
 2 SYSTEMPATH/CodeIgniter.php(485): CodeIgniter\CodeIgniter->createController()
 3 SYSTEMPATH/CodeIgniter.php(353): CodeIgniter\CodeIgniter->handleRequest(null, Object(Config\Cache), false)
 4 FCPATH/index.php(79): CodeIgniter\CodeIgniter->run()
WARNING - 2024-11-18 11:37:38 --> [DEPRECATED] Creation of dynamic property App\Controllers\Matches::$validation is deprecated in APPPATH/Controllers/BaseController.php on line 57.
 1 SYSTEMPATH/CodeIgniter.php(892): App\Controllers\BaseController->initController(Object(CodeIgniter\HTTP\IncomingRequest), Object(CodeIgniter\HTTP\Response), Object(CodeIgniter\Log\Logger))
 2 SYSTEMPATH/CodeIgniter.php(485): CodeIgniter\CodeIgniter->createController()
 3 SYSTEMPATH/CodeIgniter.php(353): CodeIgniter\CodeIgniter->handleRequest(null, Object(Config\Cache), false)
 4 FCPATH/index.php(79): CodeIgniter\CodeIgniter->run()
WARNING - 2024-11-18 11:37:39 --> [DEPRECATED] Creation of dynamic property App\Controllers\Matches::$validation is deprecated in APPPATH/Controllers/BaseController.php on line 57.
 1 SYSTEMPATH/CodeIgniter.php(892): App\Controllers\BaseController->initController(Object(CodeIgniter\HTTP\IncomingRequest), Object(CodeIgniter\HTTP\Response), Object(CodeIgniter\Log\Logger))
 2 SYSTEMPATH/CodeIgniter.php(485): CodeIgniter\CodeIgniter->createController()
 3 SYSTEMPATH/CodeIgniter.php(353): CodeIgniter\CodeIgniter->handleRequest(null, Object(Config\Cache), false)
 4 FCPATH/index.php(79): CodeIgniter\CodeIgniter->run()
WARNING - 2024-11-18 11:37:40 --> [DEPRECATED] Creation of dynamic property App\Controllers\Matches::$validation is deprecated in APPPATH/Controllers/BaseController.php on line 57.
 1 SYSTEMPATH/CodeIgniter.php(892): App\Controllers\BaseController->initController(Object(CodeIgniter\HTTP\IncomingRequest), Object(CodeIgniter\HTTP\Response), Object(CodeIgniter\Log\Logger))
 2 SYSTEMPATH/CodeIgniter.php(485): CodeIgniter\CodeIgniter->createController()
 3 SYSTEMPATH/CodeIgniter.php(353): CodeIgniter\CodeIgniter->handleRequest(null, Object(Config\Cache), false)
 4 FCPATH/index.php(79): CodeIgniter\CodeIgniter->run()
WARNING - 2024-11-18 11:37:46 --> [DEPRECATED] Creation of dynamic property App\Controllers\Matches::$validation is deprecated in APPPATH/Controllers/BaseController.php on line 57.
 1 SYSTEMPATH/CodeIgniter.php(892): App\Controllers\BaseController->initController(Object(CodeIgniter\HTTP\IncomingRequest), Object(CodeIgniter\HTTP\Response), Object(CodeIgniter\Log\Logger))
 2 SYSTEMPATH/CodeIgniter.php(485): CodeIgniter\CodeIgniter->createController()
 3 SYSTEMPATH/CodeIgniter.php(353): CodeIgniter\CodeIgniter->handleRequest(null, Object(Config\Cache), false)
 4 FCPATH/index.php(79): CodeIgniter\CodeIgniter->run()
WARNING - 2024-11-18 11:49:33 --> [DEPRECATED] Creation of dynamic property App\Controllers\Cron\News::$validation is deprecated in APPPATH/Controllers/BaseController.php on line 57.
 1 SYSTEMPATH/CodeIgniter.php(892): App\Controllers\BaseController->initController(Object(CodeIgniter\HTTP\IncomingRequest), Object(CodeIgniter\HTTP\Response), Object(CodeIgniter\Log\Logger))
 2 SYSTEMPATH/CodeIgniter.php(485): CodeIgniter\CodeIgniter->createController()
 3 SYSTEMPATH/CodeIgniter.php(353): CodeIgniter\CodeIgniter->handleRequest(null, Object(Config\Cache), false)
 4 FCPATH/index.php(79): CodeIgniter\CodeIgniter->run()
WARNING - 2024-11-18 11:49:33 --> [DEPRECATED] Creation of dynamic property App\Controllers\Matches::$validation is deprecated in APPPATH/Controllers/BaseController.php on line 57.
 1 SYSTEMPATH/CodeIgniter.php(892): App\Controllers\BaseController->initController(Object(CodeIgniter\HTTP\IncomingRequest), Object(CodeIgniter\HTTP\Response), Object(CodeIgniter\Log\Logger))
 2 SYSTEMPATH/CodeIgniter.php(485): CodeIgniter\CodeIgniter->createController()
 3 SYSTEMPATH/CodeIgniter.php(353): CodeIgniter\CodeIgniter->handleRequest(null, Object(Config\Cache), false)
 4 FCPATH/index.php(79): CodeIgniter\CodeIgniter->run()
WARNING - 2024-11-18 11:49:33 --> [DEPRECATED] Creation of dynamic property App\Controllers\Matches::$validation is deprecated in APPPATH/Controllers/BaseController.php on line 57.
 1 SYSTEMPATH/CodeIgniter.php(892): App\Controllers\BaseController->initController(Object(CodeIgniter\HTTP\IncomingRequest), Object(CodeIgniter\HTTP\Response), Object(CodeIgniter\Log\Logger))
 2 SYSTEMPATH/CodeIgniter.php(485): CodeIgniter\CodeIgniter->createController()
 3 SYSTEMPATH/CodeIgniter.php(353): CodeIgniter\CodeIgniter->handleRequest(null, Object(Config\Cache), false)
 4 FCPATH/index.php(79): CodeIgniter\CodeIgniter->run()
WARNING - 2024-11-18 11:49:33 --> [DEPRECATED] Creation of dynamic property App\Controllers\Matches::$validation is deprecated in APPPATH/Controllers/BaseController.php on line 57.
 1 SYSTEMPATH/CodeIgniter.php(892): App\Controllers\BaseController->initController(Object(CodeIgniter\HTTP\IncomingRequest), Object(CodeIgniter\HTTP\Response), Object(CodeIgniter\Log\Logger))
 2 SYSTEMPATH/CodeIgniter.php(485): CodeIgniter\CodeIgniter->createController()
 3 SYSTEMPATH/CodeIgniter.php(353): CodeIgniter\CodeIgniter->handleRequest(null, Object(Config\Cache), false)
 4 FCPATH/index.php(79): CodeIgniter\CodeIgniter->run()
WARNING - 2024-11-18 11:49:34 --> [DEPRECATED] Creation of dynamic property App\Controllers\Matches::$validation is deprecated in APPPATH/Controllers/BaseController.php on line 57.
 1 SYSTEMPATH/CodeIgniter.php(892): App\Controllers\BaseController->initController(Object(CodeIgniter\HTTP\IncomingRequest), Object(CodeIgniter\HTTP\Response), Object(CodeIgniter\Log\Logger))
 2 SYSTEMPATH/CodeIgniter.php(485): CodeIgniter\CodeIgniter->createController()
 3 SYSTEMPATH/CodeIgniter.php(353): CodeIgniter\CodeIgniter->handleRequest(null, Object(Config\Cache), false)
 4 FCPATH/index.php(79): CodeIgniter\CodeIgniter->run()
WARNING - 2024-11-18 11:49:34 --> [DEPRECATED] Creation of dynamic property App\Controllers\Matches::$validation is deprecated in APPPATH/Controllers/BaseController.php on line 57.
 1 SYSTEMPATH/CodeIgniter.php(892): App\Controllers\BaseController->initController(Object(CodeIgniter\HTTP\IncomingRequest), Object(CodeIgniter\HTTP\Response), Object(CodeIgniter\Log\Logger))
 2 SYSTEMPATH/CodeIgniter.php(485): CodeIgniter\CodeIgniter->createController()
 3 SYSTEMPATH/CodeIgniter.php(353): CodeIgniter\CodeIgniter->handleRequest(null, Object(Config\Cache), false)
 4 FCPATH/index.php(79): CodeIgniter\CodeIgniter->run()
WARNING - 2024-11-18 11:49:37 --> [DEPRECATED] Creation of dynamic property App\Controllers\Matches::$validation is deprecated in APPPATH/Controllers/BaseController.php on line 57.
 1 SYSTEMPATH/CodeIgniter.php(892): App\Controllers\BaseController->initController(Object(CodeIgniter\HTTP\IncomingRequest), Object(CodeIgniter\HTTP\Response), Object(CodeIgniter\Log\Logger))
 2 SYSTEMPATH/CodeIgniter.php(485): CodeIgniter\CodeIgniter->createController()
 3 SYSTEMPATH/CodeIgniter.php(353): CodeIgniter\CodeIgniter->handleRequest(null, Object(Config\Cache), false)
 4 FCPATH/index.php(79): CodeIgniter\CodeIgniter->run()
WARNING - 2024-11-18 11:52:45 --> [DEPRECATED] Creation of dynamic property App\Controllers\Cron\News::$validation is deprecated in APPPATH/Controllers/BaseController.php on line 57.
 1 SYSTEMPATH/CodeIgniter.php(892): App\Controllers\BaseController->initController(Object(CodeIgniter\HTTP\IncomingRequest), Object(CodeIgniter\HTTP\Response), Object(CodeIgniter\Log\Logger))
 2 SYSTEMPATH/CodeIgniter.php(485): CodeIgniter\CodeIgniter->createController()
 3 SYSTEMPATH/CodeIgniter.php(353): CodeIgniter\CodeIgniter->handleRequest(null, Object(Config\Cache), false)
 4 FCPATH/index.php(79): CodeIgniter\CodeIgniter->run()
WARNING - 2024-11-18 12:11:07 --> [DEPRECATED] Creation of dynamic property App\Controllers\Matches::$validation is deprecated in APPPATH/Controllers/BaseController.php on line 57.
 1 SYSTEMPATH/CodeIgniter.php(892): App\Controllers\BaseController->initController(Object(CodeIgniter\HTTP\IncomingRequest), Object(CodeIgniter\HTTP\Response), Object(CodeIgniter\Log\Logger))
 2 SYSTEMPATH/CodeIgniter.php(485): CodeIgniter\CodeIgniter->createController()
 3 SYSTEMPATH/CodeIgniter.php(353): CodeIgniter\CodeIgniter->handleRequest(null, Object(Config\Cache), false)
 4 FCPATH/index.php(79): CodeIgniter\CodeIgniter->run()
WARNING - 2024-11-18 12:11:07 --> [DEPRECATED] Creation of dynamic property App\Controllers\Cron\News::$validation is deprecated in APPPATH/Controllers/BaseController.php on line 57.
 1 SYSTEMPATH/CodeIgniter.php(892): App\Controllers\BaseController->initController(Object(CodeIgniter\HTTP\IncomingRequest), Object(CodeIgniter\HTTP\Response), Object(CodeIgniter\Log\Logger))
 2 SYSTEMPATH/CodeIgniter.php(485): CodeIgniter\CodeIgniter->createController()
 3 SYSTEMPATH/CodeIgniter.php(353): CodeIgniter\CodeIgniter->handleRequest(null, Object(Config\Cache), false)
 4 FCPATH/index.php(79): CodeIgniter\CodeIgniter->run()
WARNING - 2024-11-18 12:11:07 --> [DEPRECATED] Creation of dynamic property App\Controllers\Matches::$validation is deprecated in APPPATH/Controllers/BaseController.php on line 57.
 1 SYSTEMPATH/CodeIgniter.php(892): App\Controllers\BaseController->initController(Object(CodeIgniter\HTTP\IncomingRequest), Object(CodeIgniter\HTTP\Response), Object(CodeIgniter\Log\Logger))
 2 SYSTEMPATH/CodeIgniter.php(485): CodeIgniter\CodeIgniter->createController()
 3 SYSTEMPATH/CodeIgniter.php(353): CodeIgniter\CodeIgniter->handleRequest(null, Object(Config\Cache), false)
 4 FCPATH/index.php(79): CodeIgniter\CodeIgniter->run()
WARNING - 2024-11-18 12:11:07 --> [DEPRECATED] Creation of dynamic property App\Controllers\Matches::$validation is deprecated in APPPATH/Controllers/BaseController.php on line 57.
 1 SYSTEMPATH/CodeIgniter.php(892): App\Controllers\BaseController->initController(Object(CodeIgniter\HTTP\IncomingRequest), Object(CodeIgniter\HTTP\Response), Object(CodeIgniter\Log\Logger))
 2 SYSTEMPATH/CodeIgniter.php(485): CodeIgniter\CodeIgniter->createController()
 3 SYSTEMPATH/CodeIgniter.php(353): CodeIgniter\CodeIgniter->handleRequest(null, Object(Config\Cache), false)
 4 FCPATH/index.php(79): CodeIgniter\CodeIgniter->run()
WARNING - 2024-11-18 12:11:07 --> [DEPRECATED] Creation of dynamic property App\Controllers\Matches::$validation is deprecated in APPPATH/Controllers/BaseController.php on line 57.
 1 SYSTEMPATH/CodeIgniter.php(892): App\Controllers\BaseController->initController(Object(CodeIgniter\HTTP\IncomingRequest), Object(CodeIgniter\HTTP\Response), Object(CodeIgniter\Log\Logger))
 2 SYSTEMPATH/CodeIgniter.php(485): CodeIgniter\CodeIgniter->createController()
 3 SYSTEMPATH/CodeIgniter.php(353): CodeIgniter\CodeIgniter->handleRequest(null, Object(Config\Cache), false)
 4 FCPATH/index.php(79): CodeIgniter\CodeIgniter->run()
WARNING - 2024-11-18 12:11:08 --> [DEPRECATED] Creation of dynamic property App\Controllers\Matches::$validation is deprecated in APPPATH/Controllers/BaseController.php on line 57.
 1 SYSTEMPATH/CodeIgniter.php(892): App\Controllers\BaseController->initController(Object(CodeIgniter\HTTP\IncomingRequest), Object(CodeIgniter\HTTP\Response), Object(CodeIgniter\Log\Logger))
 2 SYSTEMPATH/CodeIgniter.php(485): CodeIgniter\CodeIgniter->createController()
 3 SYSTEMPATH/CodeIgniter.php(353): CodeIgniter\CodeIgniter->handleRequest(null, Object(Config\Cache), false)
 4 FCPATH/index.php(79): CodeIgniter\CodeIgniter->run()
WARNING - 2024-11-18 12:11:10 --> [DEPRECATED] Creation of dynamic property App\Controllers\Matches::$validation is deprecated in APPPATH/Controllers/BaseController.php on line 57.
 1 SYSTEMPATH/CodeIgniter.php(892): App\Controllers\BaseController->initController(Object(CodeIgniter\HTTP\IncomingRequest), Object(CodeIgniter\HTTP\Response), Object(CodeIgniter\Log\Logger))
 2 SYSTEMPATH/CodeIgniter.php(485): CodeIgniter\CodeIgniter->createController()
 3 SYSTEMPATH/CodeIgniter.php(353): CodeIgniter\CodeIgniter->handleRequest(null, Object(Config\Cache), false)
 4 FCPATH/index.php(79): CodeIgniter\CodeIgniter->run()
WARNING - 2024-11-18 12:13:00 --> [DEPRECATED] Creation of dynamic property App\Controllers\Cron\News::$validation is deprecated in APPPATH/Controllers/BaseController.php on line 57.
 1 SYSTEMPATH/CodeIgniter.php(892): App\Controllers\BaseController->initController(Object(CodeIgniter\HTTP\IncomingRequest), Object(CodeIgniter\HTTP\Response), Object(CodeIgniter\Log\Logger))
 2 SYSTEMPATH/CodeIgniter.php(485): CodeIgniter\CodeIgniter->createController()
 3 SYSTEMPATH/CodeIgniter.php(353): CodeIgniter\CodeIgniter->handleRequest(null, Object(Config\Cache), false)
 4 FCPATH/index.php(79): CodeIgniter\CodeIgniter->run()
WARNING - 2024-11-18 12:13:00 --> [DEPRECATED] Creation of dynamic property App\Controllers\Matches::$validation is deprecated in APPPATH/Controllers/BaseController.php on line 57.
 1 SYSTEMPATH/CodeIgniter.php(892): App\Controllers\BaseController->initController(Object(CodeIgniter\HTTP\IncomingRequest), Object(CodeIgniter\HTTP\Response), Object(CodeIgniter\Log\Logger))
 2 SYSTEMPATH/CodeIgniter.php(485): CodeIgniter\CodeIgniter->createController()
 3 SYSTEMPATH/CodeIgniter.php(353): CodeIgniter\CodeIgniter->handleRequest(null, Object(Config\Cache), false)
 4 FCPATH/index.php(79): CodeIgniter\CodeIgniter->run()
WARNING - 2024-11-18 12:13:00 --> [DEPRECATED] Creation of dynamic property App\Controllers\Matches::$validation is deprecated in APPPATH/Controllers/BaseController.php on line 57.
 1 SYSTEMPATH/CodeIgniter.php(892): App\Controllers\BaseController->initController(Object(CodeIgniter\HTTP\IncomingRequest), Object(CodeIgniter\HTTP\Response), Object(CodeIgniter\Log\Logger))
 2 SYSTEMPATH/CodeIgniter.php(485): CodeIgniter\CodeIgniter->createController()
 3 SYSTEMPATH/CodeIgniter.php(353): CodeIgniter\CodeIgniter->handleRequest(null, Object(Config\Cache), false)
 4 FCPATH/index.php(79): CodeIgniter\CodeIgniter->run()
WARNING - 2024-11-18 12:13:00 --> [DEPRECATED] Creation of dynamic property App\Controllers\Matches::$validation is deprecated in APPPATH/Controllers/BaseController.php on line 57.
 1 SYSTEMPATH/CodeIgniter.php(892): App\Controllers\BaseController->initController(Object(CodeIgniter\HTTP\IncomingRequest), Object(CodeIgniter\HTTP\Response), Object(CodeIgniter\Log\Logger))
 2 SYSTEMPATH/CodeIgniter.php(485): CodeIgniter\CodeIgniter->createController()
 3 SYSTEMPATH/CodeIgniter.php(353): CodeIgniter\CodeIgniter->handleRequest(null, Object(Config\Cache), false)
 4 FCPATH/index.php(79): CodeIgniter\CodeIgniter->run()
WARNING - 2024-11-18 12:13:01 --> [DEPRECATED] Creation of dynamic property App\Controllers\Matches::$validation is deprecated in APPPATH/Controllers/BaseController.php on line 57.
 1 SYSTEMPATH/CodeIgniter.php(892): App\Controllers\BaseController->initController(Object(CodeIgniter\HTTP\IncomingRequest), Object(CodeIgniter\HTTP\Response), Object(CodeIgniter\Log\Logger))
 2 SYSTEMPATH/CodeIgniter.php(485): CodeIgniter\CodeIgniter->createController()
 3 SYSTEMPATH/CodeIgniter.php(353): CodeIgniter\CodeIgniter->handleRequest(null, Object(Config\Cache), false)
 4 FCPATH/index.php(79): CodeIgniter\CodeIgniter->run()
WARNING - 2024-11-18 12:13:02 --> [DEPRECATED] Creation of dynamic property App\Controllers\Matches::$validation is deprecated in APPPATH/Controllers/BaseController.php on line 57.
 1 SYSTEMPATH/CodeIgniter.php(892): App\Controllers\BaseController->initController(Object(CodeIgniter\HTTP\IncomingRequest), Object(CodeIgniter\HTTP\Response), Object(CodeIgniter\Log\Logger))
 2 SYSTEMPATH/CodeIgniter.php(485): CodeIgniter\CodeIgniter->createController()
 3 SYSTEMPATH/CodeIgniter.php(353): CodeIgniter\CodeIgniter->handleRequest(null, Object(Config\Cache), false)
 4 FCPATH/index.php(79): CodeIgniter\CodeIgniter->run()
WARNING - 2024-11-18 12:13:04 --> [DEPRECATED] Creation of dynamic property App\Controllers\Matches::$validation is deprecated in APPPATH/Controllers/BaseController.php on line 57.
 1 SYSTEMPATH/CodeIgniter.php(892): App\Controllers\BaseController->initController(Object(CodeIgniter\HTTP\IncomingRequest), Object(CodeIgniter\HTTP\Response), Object(CodeIgniter\Log\Logger))
 2 SYSTEMPATH/CodeIgniter.php(485): CodeIgniter\CodeIgniter->createController()
 3 SYSTEMPATH/CodeIgniter.php(353): CodeIgniter\CodeIgniter->handleRequest(null, Object(Config\Cache), false)
 4 FCPATH/index.php(79): CodeIgniter\CodeIgniter->run()
WARNING - 2024-11-18 12:13:31 --> [DEPRECATED] Creation of dynamic property App\Controllers\Matches::$validation is deprecated in APPPATH/Controllers/BaseController.php on line 57.
 1 SYSTEMPATH/CodeIgniter.php(892): App\Controllers\BaseController->initController(Object(CodeIgniter\HTTP\IncomingRequest), Object(CodeIgniter\HTTP\Response), Object(CodeIgniter\Log\Logger))
 2 SYSTEMPATH/CodeIgniter.php(485): CodeIgniter\CodeIgniter->createController()
 3 SYSTEMPATH/CodeIgniter.php(353): CodeIgniter\CodeIgniter->handleRequest(null, Object(Config\Cache), false)
 4 FCPATH/index.php(79): CodeIgniter\CodeIgniter->run()
WARNING - 2024-11-18 12:13:31 --> [DEPRECATED] Creation of dynamic property App\Controllers\Cron\News::$validation is deprecated in APPPATH/Controllers/BaseController.php on line 57.
 1 SYSTEMPATH/CodeIgniter.php(892): App\Controllers\BaseController->initController(Object(CodeIgniter\HTTP\IncomingRequest), Object(CodeIgniter\HTTP\Response), Object(CodeIgniter\Log\Logger))
 2 SYSTEMPATH/CodeIgniter.php(485): CodeIgniter\CodeIgniter->createController()
 3 SYSTEMPATH/CodeIgniter.php(353): CodeIgniter\CodeIgniter->handleRequest(null, Object(Config\Cache), false)
 4 FCPATH/index.php(79): CodeIgniter\CodeIgniter->run()
WARNING - 2024-11-18 12:13:31 --> [DEPRECATED] Creation of dynamic property App\Controllers\Matches::$validation is deprecated in APPPATH/Controllers/BaseController.php on line 57.
 1 SYSTEMPATH/CodeIgniter.php(892): App\Controllers\BaseController->initController(Object(CodeIgniter\HTTP\IncomingRequest), Object(CodeIgniter\HTTP\Response), Object(CodeIgniter\Log\Logger))
 2 SYSTEMPATH/CodeIgniter.php(485): CodeIgniter\CodeIgniter->createController()
 3 SYSTEMPATH/CodeIgniter.php(353): CodeIgniter\CodeIgniter->handleRequest(null, Object(Config\Cache), false)
 4 FCPATH/index.php(79): CodeIgniter\CodeIgniter->run()
WARNING - 2024-11-18 12:13:31 --> [DEPRECATED] Creation of dynamic property App\Controllers\Matches::$validation is deprecated in APPPATH/Controllers/BaseController.php on line 57.
 1 SYSTEMPATH/CodeIgniter.php(892): App\Controllers\BaseController->initController(Object(CodeIgniter\HTTP\IncomingRequest), Object(CodeIgniter\HTTP\Response), Object(CodeIgniter\Log\Logger))
 2 SYSTEMPATH/CodeIgniter.php(485): CodeIgniter\CodeIgniter->createController()
 3 SYSTEMPATH/CodeIgniter.php(353): CodeIgniter\CodeIgniter->handleRequest(null, Object(Config\Cache), false)
 4 FCPATH/index.php(79): CodeIgniter\CodeIgniter->run()
WARNING - 2024-11-18 12:13:35 --> [DEPRECATED] Creation of dynamic property App\Controllers\Matches::$validation is deprecated in APPPATH/Controllers/BaseController.php on line 57.
 1 SYSTEMPATH/CodeIgniter.php(892): App\Controllers\BaseController->initController(Object(CodeIgniter\HTTP\IncomingRequest), Object(CodeIgniter\HTTP\Response), Object(CodeIgniter\Log\Logger))
 2 SYSTEMPATH/CodeIgniter.php(485): CodeIgniter\CodeIgniter->createController()
 3 SYSTEMPATH/CodeIgniter.php(353): CodeIgniter\CodeIgniter->handleRequest(null, Object(Config\Cache), false)
 4 FCPATH/index.php(79): CodeIgniter\CodeIgniter->run()
WARNING - 2024-11-18 12:13:35 --> [DEPRECATED] Creation of dynamic property App\Controllers\Matches::$validation is deprecated in APPPATH/Controllers/BaseController.php on line 57.
 1 SYSTEMPATH/CodeIgniter.php(892): App\Controllers\BaseController->initController(Object(CodeIgniter\HTTP\IncomingRequest), Object(CodeIgniter\HTTP\Response), Object(CodeIgniter\Log\Logger))
 2 SYSTEMPATH/CodeIgniter.php(485): CodeIgniter\CodeIgniter->createController()
 3 SYSTEMPATH/CodeIgniter.php(353): CodeIgniter\CodeIgniter->handleRequest(null, Object(Config\Cache), false)
 4 FCPATH/index.php(79): CodeIgniter\CodeIgniter->run()
WARNING - 2024-11-18 12:13:38 --> [DEPRECATED] Creation of dynamic property App\Controllers\Matches::$validation is deprecated in APPPATH/Controllers/BaseController.php on line 57.
 1 SYSTEMPATH/CodeIgniter.php(892): App\Controllers\BaseController->initController(Object(CodeIgniter\HTTP\IncomingRequest), Object(CodeIgniter\HTTP\Response), Object(CodeIgniter\Log\Logger))
 2 SYSTEMPATH/CodeIgniter.php(485): CodeIgniter\CodeIgniter->createController()
 3 SYSTEMPATH/CodeIgniter.php(353): CodeIgniter\CodeIgniter->handleRequest(null, Object(Config\Cache), false)
 4 FCPATH/index.php(79): CodeIgniter\CodeIgniter->run()
WARNING - 2024-11-18 12:14:02 --> [DEPRECATED] Creation of dynamic property App\Controllers\Matches::$validation is deprecated in APPPATH/Controllers/BaseController.php on line 57.
 1 SYSTEMPATH/CodeIgniter.php(892): App\Controllers\BaseController->initController(Object(CodeIgniter\HTTP\IncomingRequest), Object(CodeIgniter\HTTP\Response), Object(CodeIgniter\Log\Logger))
 2 SYSTEMPATH/CodeIgniter.php(485): CodeIgniter\CodeIgniter->createController()
 3 SYSTEMPATH/CodeIgniter.php(353): CodeIgniter\CodeIgniter->handleRequest(null, Object(Config\Cache), false)
 4 FCPATH/index.php(79): CodeIgniter\CodeIgniter->run()
WARNING - 2024-11-18 12:14:02 --> [DEPRECATED] Creation of dynamic property App\Controllers\Cron\News::$validation is deprecated in APPPATH/Controllers/BaseController.php on line 57.
 1 SYSTEMPATH/CodeIgniter.php(892): App\Controllers\BaseController->initController(Object(CodeIgniter\HTTP\IncomingRequest), Object(CodeIgniter\HTTP\Response), Object(CodeIgniter\Log\Logger))
 2 SYSTEMPATH/CodeIgniter.php(485): CodeIgniter\CodeIgniter->createController()
 3 SYSTEMPATH/CodeIgniter.php(353): CodeIgniter\CodeIgniter->handleRequest(null, Object(Config\Cache), false)
 4 FCPATH/index.php(79): CodeIgniter\CodeIgniter->run()
WARNING - 2024-11-18 12:14:02 --> [DEPRECATED] Creation of dynamic property App\Controllers\Matches::$validation is deprecated in APPPATH/Controllers/BaseController.php on line 57.
 1 SYSTEMPATH/CodeIgniter.php(892): App\Controllers\BaseController->initController(Object(CodeIgniter\HTTP\IncomingRequest), Object(CodeIgniter\HTTP\Response), Object(CodeIgniter\Log\Logger))
 2 SYSTEMPATH/CodeIgniter.php(485): CodeIgniter\CodeIgniter->createController()
 3 SYSTEMPATH/CodeIgniter.php(353): CodeIgniter\CodeIgniter->handleRequest(null, Object(Config\Cache), false)
 4 FCPATH/index.php(79): CodeIgniter\CodeIgniter->run()
WARNING - 2024-11-18 12:14:03 --> [DEPRECATED] Creation of dynamic property App\Controllers\Matches::$validation is deprecated in APPPATH/Controllers/BaseController.php on line 57.
 1 SYSTEMPATH/CodeIgniter.php(892): App\Controllers\BaseController->initController(Object(CodeIgniter\HTTP\IncomingRequest), Object(CodeIgniter\HTTP\Response), Object(CodeIgniter\Log\Logger))
 2 SYSTEMPATH/CodeIgniter.php(485): CodeIgniter\CodeIgniter->createController()
 3 SYSTEMPATH/CodeIgniter.php(353): CodeIgniter\CodeIgniter->handleRequest(null, Object(Config\Cache), false)
 4 FCPATH/index.php(79): CodeIgniter\CodeIgniter->run()
WARNING - 2024-11-18 12:14:06 --> [DEPRECATED] Creation of dynamic property App\Controllers\Matches::$validation is deprecated in APPPATH/Controllers/BaseController.php on line 57.
 1 SYSTEMPATH/CodeIgniter.php(892): App\Controllers\BaseController->initController(Object(CodeIgniter\HTTP\IncomingRequest), Object(CodeIgniter\HTTP\Response), Object(CodeIgniter\Log\Logger))
 2 SYSTEMPATH/CodeIgniter.php(485): CodeIgniter\CodeIgniter->createController()
 3 SYSTEMPATH/CodeIgniter.php(353): CodeIgniter\CodeIgniter->handleRequest(null, Object(Config\Cache), false)
 4 FCPATH/index.php(79): CodeIgniter\CodeIgniter->run()
WARNING - 2024-11-18 12:14:06 --> [DEPRECATED] Creation of dynamic property App\Controllers\Matches::$validation is deprecated in APPPATH/Controllers/BaseController.php on line 57.
 1 SYSTEMPATH/CodeIgniter.php(892): App\Controllers\BaseController->initController(Object(CodeIgniter\HTTP\IncomingRequest), Object(CodeIgniter\HTTP\Response), Object(CodeIgniter\Log\Logger))
 2 SYSTEMPATH/CodeIgniter.php(485): CodeIgniter\CodeIgniter->createController()
 3 SYSTEMPATH/CodeIgniter.php(353): CodeIgniter\CodeIgniter->handleRequest(null, Object(Config\Cache), false)
 4 FCPATH/index.php(79): CodeIgniter\CodeIgniter->run()
WARNING - 2024-11-18 12:17:20 --> [DEPRECATED] Creation of dynamic property App\Controllers\Matches::$validation is deprecated in APPPATH/Controllers/BaseController.php on line 57.
 1 SYSTEMPATH/CodeIgniter.php(892): App\Controllers\BaseController->initController(Object(CodeIgniter\HTTP\IncomingRequest), Object(CodeIgniter\HTTP\Response), Object(CodeIgniter\Log\Logger))
 2 SYSTEMPATH/CodeIgniter.php(485): CodeIgniter\CodeIgniter->createController()
 3 SYSTEMPATH/CodeIgniter.php(353): CodeIgniter\CodeIgniter->handleRequest(null, Object(Config\Cache), false)
 4 FCPATH/index.php(79): CodeIgniter\CodeIgniter->run()
WARNING - 2024-11-18 12:17:20 --> [DEPRECATED] Creation of dynamic property App\Controllers\Matches::$validation is deprecated in APPPATH/Controllers/BaseController.php on line 57.
 1 SYSTEMPATH/CodeIgniter.php(892): App\Controllers\BaseController->initController(Object(CodeIgniter\HTTP\IncomingRequest), Object(CodeIgniter\HTTP\Response), Object(CodeIgniter\Log\Logger))
 2 SYSTEMPATH/CodeIgniter.php(485): CodeIgniter\CodeIgniter->createController()
 3 SYSTEMPATH/CodeIgniter.php(353): CodeIgniter\CodeIgniter->handleRequest(null, Object(Config\Cache), false)
 4 FCPATH/index.php(79): CodeIgniter\CodeIgniter->run()
WARNING - 2024-11-18 12:17:20 --> [DEPRECATED] Creation of dynamic property App\Controllers\Cron\News::$validation is deprecated in APPPATH/Controllers/BaseController.php on line 57.
 1 SYSTEMPATH/CodeIgniter.php(892): App\Controllers\BaseController->initController(Object(CodeIgniter\HTTP\IncomingRequest), Object(CodeIgniter\HTTP\Response), Object(CodeIgniter\Log\Logger))
 2 SYSTEMPATH/CodeIgniter.php(485): CodeIgniter\CodeIgniter->createController()
 3 SYSTEMPATH/CodeIgniter.php(353): CodeIgniter\CodeIgniter->handleRequest(null, Object(Config\Cache), false)
 4 FCPATH/index.php(79): CodeIgniter\CodeIgniter->run()
WARNING - 2024-11-18 12:17:21 --> [DEPRECATED] Creation of dynamic property App\Controllers\Matches::$validation is deprecated in APPPATH/Controllers/BaseController.php on line 57.
 1 SYSTEMPATH/CodeIgniter.php(892): App\Controllers\BaseController->initController(Object(CodeIgniter\HTTP\IncomingRequest), Object(CodeIgniter\HTTP\Response), Object(CodeIgniter\Log\Logger))
 2 SYSTEMPATH/CodeIgniter.php(485): CodeIgniter\CodeIgniter->createController()
 3 SYSTEMPATH/CodeIgniter.php(353): CodeIgniter\CodeIgniter->handleRequest(null, Object(Config\Cache), false)
 4 FCPATH/index.php(79): CodeIgniter\CodeIgniter->run()
WARNING - 2024-11-18 12:17:21 --> [DEPRECATED] Creation of dynamic property App\Controllers\Matches::$validation is deprecated in APPPATH/Controllers/BaseController.php on line 57.
 1 SYSTEMPATH/CodeIgniter.php(892): App\Controllers\BaseController->initController(Object(CodeIgniter\HTTP\IncomingRequest), Object(CodeIgniter\HTTP\Response), Object(CodeIgniter\Log\Logger))
 2 SYSTEMPATH/CodeIgniter.php(485): CodeIgniter\CodeIgniter->createController()
 3 SYSTEMPATH/CodeIgniter.php(353): CodeIgniter\CodeIgniter->handleRequest(null, Object(Config\Cache), false)
 4 FCPATH/index.php(79): CodeIgniter\CodeIgniter->run()
WARNING - 2024-11-18 12:17:21 --> [DEPRECATED] Creation of dynamic property App\Controllers\Matches::$validation is deprecated in APPPATH/Controllers/BaseController.php on line 57.
 1 SYSTEMPATH/CodeIgniter.php(892): App\Controllers\BaseController->initController(Object(CodeIgniter\HTTP\IncomingRequest), Object(CodeIgniter\HTTP\Response), Object(CodeIgniter\Log\Logger))
 2 SYSTEMPATH/CodeIgniter.php(485): CodeIgniter\CodeIgniter->createController()
 3 SYSTEMPATH/CodeIgniter.php(353): CodeIgniter\CodeIgniter->handleRequest(null, Object(Config\Cache), false)
 4 FCPATH/index.php(79): CodeIgniter\CodeIgniter->run()
WARNING - 2024-11-18 12:17:23 --> [DEPRECATED] Creation of dynamic property App\Controllers\Matches::$validation is deprecated in APPPATH/Controllers/BaseController.php on line 57.
 1 SYSTEMPATH/CodeIgniter.php(892): App\Controllers\BaseController->initController(Object(CodeIgniter\HTTP\IncomingRequest), Object(CodeIgniter\HTTP\Response), Object(CodeIgniter\Log\Logger))
 2 SYSTEMPATH/CodeIgniter.php(485): CodeIgniter\CodeIgniter->createController()
 3 SYSTEMPATH/CodeIgniter.php(353): CodeIgniter\CodeIgniter->handleRequest(null, Object(Config\Cache), false)
 4 FCPATH/index.php(79): CodeIgniter\CodeIgniter->run()
WARNING - 2024-11-18 12:17:27 --> [DEPRECATED] Creation of dynamic property App\Controllers\Matches::$validation is deprecated in APPPATH/Controllers/BaseController.php on line 57.
 1 SYSTEMPATH/CodeIgniter.php(892): App\Controllers\BaseController->initController(Object(CodeIgniter\HTTP\IncomingRequest), Object(CodeIgniter\HTTP\Response), Object(CodeIgniter\Log\Logger))
 2 SYSTEMPATH/CodeIgniter.php(485): CodeIgniter\CodeIgniter->createController()
 3 SYSTEMPATH/CodeIgniter.php(353): CodeIgniter\CodeIgniter->handleRequest(null, Object(Config\Cache), false)
 4 FCPATH/index.php(79): CodeIgniter\CodeIgniter->run()
WARNING - 2024-11-18 12:17:27 --> [DEPRECATED] Creation of dynamic property App\Controllers\Cron\News::$validation is deprecated in APPPATH/Controllers/BaseController.php on line 57.
 1 SYSTEMPATH/CodeIgniter.php(892): App\Controllers\BaseController->initController(Object(CodeIgniter\HTTP\IncomingRequest), Object(CodeIgniter\HTTP\Response), Object(CodeIgniter\Log\Logger))
 2 SYSTEMPATH/CodeIgniter.php(485): CodeIgniter\CodeIgniter->createController()
 3 SYSTEMPATH/CodeIgniter.php(353): CodeIgniter\CodeIgniter->handleRequest(null, Object(Config\Cache), false)
 4 FCPATH/index.php(79): CodeIgniter\CodeIgniter->run()
WARNING - 2024-11-18 12:17:27 --> [DEPRECATED] Creation of dynamic property App\Controllers\Matches::$validation is deprecated in APPPATH/Controllers/BaseController.php on line 57.
 1 SYSTEMPATH/CodeIgniter.php(892): App\Controllers\BaseController->initController(Object(CodeIgniter\HTTP\IncomingRequest), Object(CodeIgniter\HTTP\Response), Object(CodeIgniter\Log\Logger))
 2 SYSTEMPATH/CodeIgniter.php(485): CodeIgniter\CodeIgniter->createController()
 3 SYSTEMPATH/CodeIgniter.php(353): CodeIgniter\CodeIgniter->handleRequest(null, Object(Config\Cache), false)
 4 FCPATH/index.php(79): CodeIgniter\CodeIgniter->run()
WARNING - 2024-11-18 12:17:27 --> [DEPRECATED] Creation of dynamic property App\Controllers\Matches::$validation is deprecated in APPPATH/Controllers/BaseController.php on line 57.
 1 SYSTEMPATH/CodeIgniter.php(892): App\Controllers\BaseController->initController(Object(CodeIgniter\HTTP\IncomingRequest), Object(CodeIgniter\HTTP\Response), Object(CodeIgniter\Log\Logger))
 2 SYSTEMPATH/CodeIgniter.php(485): CodeIgniter\CodeIgniter->createController()
 3 SYSTEMPATH/CodeIgniter.php(353): CodeIgniter\CodeIgniter->handleRequest(null, Object(Config\Cache), false)
 4 FCPATH/index.php(79): CodeIgniter\CodeIgniter->run()
WARNING - 2024-11-18 12:17:28 --> [DEPRECATED] Creation of dynamic property App\Controllers\Matches::$validation is deprecated in APPPATH/Controllers/BaseController.php on line 57.
 1 SYSTEMPATH/CodeIgniter.php(892): App\Controllers\BaseController->initController(Object(CodeIgniter\HTTP\IncomingRequest), Object(CodeIgniter\HTTP\Response), Object(CodeIgniter\Log\Logger))
 2 SYSTEMPATH/CodeIgniter.php(485): CodeIgniter\CodeIgniter->createController()
 3 SYSTEMPATH/CodeIgniter.php(353): CodeIgniter\CodeIgniter->handleRequest(null, Object(Config\Cache), false)
 4 FCPATH/index.php(79): CodeIgniter\CodeIgniter->run()
WARNING - 2024-11-18 12:17:29 --> [DEPRECATED] Creation of dynamic property App\Controllers\Matches::$validation is deprecated in APPPATH/Controllers/BaseController.php on line 57.
 1 SYSTEMPATH/CodeIgniter.php(892): App\Controllers\BaseController->initController(Object(CodeIgniter\HTTP\IncomingRequest), Object(CodeIgniter\HTTP\Response), Object(CodeIgniter\Log\Logger))
 2 SYSTEMPATH/CodeIgniter.php(485): CodeIgniter\CodeIgniter->createController()
 3 SYSTEMPATH/CodeIgniter.php(353): CodeIgniter\CodeIgniter->handleRequest(null, Object(Config\Cache), false)
 4 FCPATH/index.php(79): CodeIgniter\CodeIgniter->run()
WARNING - 2024-11-18 12:17:32 --> [DEPRECATED] Creation of dynamic property App\Controllers\Matches::$validation is deprecated in APPPATH/Controllers/BaseController.php on line 57.
 1 SYSTEMPATH/CodeIgniter.php(892): App\Controllers\BaseController->initController(Object(CodeIgniter\HTTP\IncomingRequest), Object(CodeIgniter\HTTP\Response), Object(CodeIgniter\Log\Logger))
 2 SYSTEMPATH/CodeIgniter.php(485): CodeIgniter\CodeIgniter->createController()
 3 SYSTEMPATH/CodeIgniter.php(353): CodeIgniter\CodeIgniter->handleRequest(null, Object(Config\Cache), false)
 4 FCPATH/index.php(79): CodeIgniter\CodeIgniter->run()
WARNING - 2024-11-18 12:19:02 --> [DEPRECATED] Creation of dynamic property App\Controllers\Cron\News::$validation is deprecated in APPPATH/Controllers/BaseController.php on line 57.
 1 SYSTEMPATH/CodeIgniter.php(892): App\Controllers\BaseController->initController(Object(CodeIgniter\HTTP\IncomingRequest), Object(CodeIgniter\HTTP\Response), Object(CodeIgniter\Log\Logger))
 2 SYSTEMPATH/CodeIgniter.php(485): CodeIgniter\CodeIgniter->createController()
 3 SYSTEMPATH/CodeIgniter.php(353): CodeIgniter\CodeIgniter->handleRequest(null, Object(Config\Cache), false)
 4 FCPATH/index.php(79): CodeIgniter\CodeIgniter->run()
WARNING - 2024-11-18 12:19:02 --> [DEPRECATED] Creation of dynamic property App\Controllers\Matches::$validation is deprecated in APPPATH/Controllers/BaseController.php on line 57.
 1 SYSTEMPATH/CodeIgniter.php(892): App\Controllers\BaseController->initController(Object(CodeIgniter\HTTP\IncomingRequest), Object(CodeIgniter\HTTP\Response), Object(CodeIgniter\Log\Logger))
 2 SYSTEMPATH/CodeIgniter.php(485): CodeIgniter\CodeIgniter->createController()
 3 SYSTEMPATH/CodeIgniter.php(353): CodeIgniter\CodeIgniter->handleRequest(null, Object(Config\Cache), false)
 4 FCPATH/index.php(79): CodeIgniter\CodeIgniter->run()
WARNING - 2024-11-18 12:19:02 --> [DEPRECATED] Creation of dynamic property App\Controllers\Matches::$validation is deprecated in APPPATH/Controllers/BaseController.php on line 57.
 1 SYSTEMPATH/CodeIgniter.php(892): App\Controllers\BaseController->initController(Object(CodeIgniter\HTTP\IncomingRequest), Object(CodeIgniter\HTTP\Response), Object(CodeIgniter\Log\Logger))
 2 SYSTEMPATH/CodeIgniter.php(485): CodeIgniter\CodeIgniter->createController()
 3 SYSTEMPATH/CodeIgniter.php(353): CodeIgniter\CodeIgniter->handleRequest(null, Object(Config\Cache), false)
 4 FCPATH/index.php(79): CodeIgniter\CodeIgniter->run()
WARNING - 2024-11-18 12:19:02 --> [DEPRECATED] Creation of dynamic property App\Controllers\Matches::$validation is deprecated in APPPATH/Controllers/BaseController.php on line 57.
 1 SYSTEMPATH/CodeIgniter.php(892): App\Controllers\BaseController->initController(Object(CodeIgniter\HTTP\IncomingRequest), Object(CodeIgniter\HTTP\Response), Object(CodeIgniter\Log\Logger))
 2 SYSTEMPATH/CodeIgniter.php(485): CodeIgniter\CodeIgniter->createController()
 3 SYSTEMPATH/CodeIgniter.php(353): CodeIgniter\CodeIgniter->handleRequest(null, Object(Config\Cache), false)
 4 FCPATH/index.php(79): CodeIgniter\CodeIgniter->run()
WARNING - 2024-11-18 12:19:02 --> [DEPRECATED] Creation of dynamic property App\Controllers\Matches::$validation is deprecated in APPPATH/Controllers/BaseController.php on line 57.
 1 SYSTEMPATH/CodeIgniter.php(892): App\Controllers\BaseController->initController(Object(CodeIgniter\HTTP\IncomingRequest), Object(CodeIgniter\HTTP\Response), Object(CodeIgniter\Log\Logger))
 2 SYSTEMPATH/CodeIgniter.php(485): CodeIgniter\CodeIgniter->createController()
 3 SYSTEMPATH/CodeIgniter.php(353): CodeIgniter\CodeIgniter->handleRequest(null, Object(Config\Cache), false)
 4 FCPATH/index.php(79): CodeIgniter\CodeIgniter->run()
WARNING - 2024-11-18 12:19:04 --> [DEPRECATED] Creation of dynamic property App\Controllers\Matches::$validation is deprecated in APPPATH/Controllers/BaseController.php on line 57.
 1 SYSTEMPATH/CodeIgniter.php(892): App\Controllers\BaseController->initController(Object(CodeIgniter\HTTP\IncomingRequest), Object(CodeIgniter\HTTP\Response), Object(CodeIgniter\Log\Logger))
 2 SYSTEMPATH/CodeIgniter.php(485): CodeIgniter\CodeIgniter->createController()
 3 SYSTEMPATH/CodeIgniter.php(353): CodeIgniter\CodeIgniter->handleRequest(null, Object(Config\Cache), false)
 4 FCPATH/index.php(79): CodeIgniter\CodeIgniter->run()
WARNING - 2024-11-18 12:19:06 --> [DEPRECATED] Creation of dynamic property App\Controllers\Matches::$validation is deprecated in APPPATH/Controllers/BaseController.php on line 57.
 1 SYSTEMPATH/CodeIgniter.php(892): App\Controllers\BaseController->initController(Object(CodeIgniter\HTTP\IncomingRequest), Object(CodeIgniter\HTTP\Response), Object(CodeIgniter\Log\Logger))
 2 SYSTEMPATH/CodeIgniter.php(485): CodeIgniter\CodeIgniter->createController()
 3 SYSTEMPATH/CodeIgniter.php(353): CodeIgniter\CodeIgniter->handleRequest(null, Object(Config\Cache), false)
 4 FCPATH/index.php(79): CodeIgniter\CodeIgniter->run()
WARNING - 2024-11-18 12:26:16 --> [DEPRECATED] Creation of dynamic property App\Controllers\Matches::$validation is deprecated in APPPATH/Controllers/BaseController.php on line 57.
 1 SYSTEMPATH/CodeIgniter.php(892): App\Controllers\BaseController->initController(Object(CodeIgniter\HTTP\IncomingRequest), Object(CodeIgniter\HTTP\Response), Object(CodeIgniter\Log\Logger))
 2 SYSTEMPATH/CodeIgniter.php(485): CodeIgniter\CodeIgniter->createController()
 3 SYSTEMPATH/CodeIgniter.php(353): CodeIgniter\CodeIgniter->handleRequest(null, Object(Config\Cache), false)
 4 FCPATH/index.php(79): CodeIgniter\CodeIgniter->run()
WARNING - 2024-11-18 12:26:16 --> [DEPRECATED] Creation of dynamic property App\Controllers\Matches::$validation is deprecated in APPPATH/Controllers/BaseController.php on line 57.
 1 SYSTEMPATH/CodeIgniter.php(892): App\Controllers\BaseController->initController(Object(CodeIgniter\HTTP\IncomingRequest), Object(CodeIgniter\HTTP\Response), Object(CodeIgniter\Log\Logger))
 2 SYSTEMPATH/CodeIgniter.php(485): CodeIgniter\CodeIgniter->createController()
 3 SYSTEMPATH/CodeIgniter.php(353): CodeIgniter\CodeIgniter->handleRequest(null, Object(Config\Cache), false)
 4 FCPATH/index.php(79): CodeIgniter\CodeIgniter->run()
WARNING - 2024-11-18 12:26:16 --> [DEPRECATED] Creation of dynamic property App\Controllers\Cron\News::$validation is deprecated in APPPATH/Controllers/BaseController.php on line 57.
 1 SYSTEMPATH/CodeIgniter.php(892): App\Controllers\BaseController->initController(Object(CodeIgniter\HTTP\IncomingRequest), Object(CodeIgniter\HTTP\Response), Object(CodeIgniter\Log\Logger))
 2 SYSTEMPATH/CodeIgniter.php(485): CodeIgniter\CodeIgniter->createController()
 3 SYSTEMPATH/CodeIgniter.php(353): CodeIgniter\CodeIgniter->handleRequest(null, Object(Config\Cache), false)
 4 FCPATH/index.php(79): CodeIgniter\CodeIgniter->run()
WARNING - 2024-11-18 12:26:16 --> [DEPRECATED] Creation of dynamic property App\Controllers\Matches::$validation is deprecated in APPPATH/Controllers/BaseController.php on line 57.
 1 SYSTEMPATH/CodeIgniter.php(892): App\Controllers\BaseController->initController(Object(CodeIgniter\HTTP\IncomingRequest), Object(CodeIgniter\HTTP\Response), Object(CodeIgniter\Log\Logger))
 2 SYSTEMPATH/CodeIgniter.php(485): CodeIgniter\CodeIgniter->createController()
 3 SYSTEMPATH/CodeIgniter.php(353): CodeIgniter\CodeIgniter->handleRequest(null, Object(Config\Cache), false)
 4 FCPATH/index.php(79): CodeIgniter\CodeIgniter->run()
WARNING - 2024-11-18 12:26:17 --> [DEPRECATED] Creation of dynamic property App\Controllers\Matches::$validation is deprecated in APPPATH/Controllers/BaseController.php on line 57.
 1 SYSTEMPATH/CodeIgniter.php(892): App\Controllers\BaseController->initController(Object(CodeIgniter\HTTP\IncomingRequest), Object(CodeIgniter\HTTP\Response), Object(CodeIgniter\Log\Logger))
 2 SYSTEMPATH/CodeIgniter.php(485): CodeIgniter\CodeIgniter->createController()
 3 SYSTEMPATH/CodeIgniter.php(353): CodeIgniter\CodeIgniter->handleRequest(null, Object(Config\Cache), false)
 4 FCPATH/index.php(79): CodeIgniter\CodeIgniter->run()
WARNING - 2024-11-18 12:26:17 --> [DEPRECATED] Creation of dynamic property App\Controllers\Matches::$validation is deprecated in APPPATH/Controllers/BaseController.php on line 57.
 1 SYSTEMPATH/CodeIgniter.php(892): App\Controllers\BaseController->initController(Object(CodeIgniter\HTTP\IncomingRequest), Object(CodeIgniter\HTTP\Response), Object(CodeIgniter\Log\Logger))
 2 SYSTEMPATH/CodeIgniter.php(485): CodeIgniter\CodeIgniter->createController()
 3 SYSTEMPATH/CodeIgniter.php(353): CodeIgniter\CodeIgniter->handleRequest(null, Object(Config\Cache), false)
 4 FCPATH/index.php(79): CodeIgniter\CodeIgniter->run()
WARNING - 2024-11-18 12:26:21 --> [DEPRECATED] Creation of dynamic property App\Controllers\Matches::$validation is deprecated in APPPATH/Controllers/BaseController.php on line 57.
 1 SYSTEMPATH/CodeIgniter.php(892): App\Controllers\BaseController->initController(Object(CodeIgniter\HTTP\IncomingRequest), Object(CodeIgniter\HTTP\Response), Object(CodeIgniter\Log\Logger))
 2 SYSTEMPATH/CodeIgniter.php(485): CodeIgniter\CodeIgniter->createController()
 3 SYSTEMPATH/CodeIgniter.php(353): CodeIgniter\CodeIgniter->handleRequest(null, Object(Config\Cache), false)
 4 FCPATH/index.php(79): CodeIgniter\CodeIgniter->run()
WARNING - 2024-11-18 12:26:31 --> [DEPRECATED] Creation of dynamic property App\Controllers\Matches::$validation is deprecated in APPPATH/Controllers/BaseController.php on line 57.
 1 SYSTEMPATH/CodeIgniter.php(892): App\Controllers\BaseController->initController(Object(CodeIgniter\HTTP\IncomingRequest), Object(CodeIgniter\HTTP\Response), Object(CodeIgniter\Log\Logger))
 2 SYSTEMPATH/CodeIgniter.php(485): CodeIgniter\CodeIgniter->createController()
 3 SYSTEMPATH/CodeIgniter.php(353): CodeIgniter\CodeIgniter->handleRequest(null, Object(Config\Cache), false)
 4 FCPATH/index.php(79): CodeIgniter\CodeIgniter->run()
WARNING - 2024-11-18 12:26:31 --> [DEPRECATED] Creation of dynamic property App\Controllers\Cron\News::$validation is deprecated in APPPATH/Controllers/BaseController.php on line 57.
 1 SYSTEMPATH/CodeIgniter.php(892): App\Controllers\BaseController->initController(Object(CodeIgniter\HTTP\IncomingRequest), Object(CodeIgniter\HTTP\Response), Object(CodeIgniter\Log\Logger))
 2 SYSTEMPATH/CodeIgniter.php(485): CodeIgniter\CodeIgniter->createController()
 3 SYSTEMPATH/CodeIgniter.php(353): CodeIgniter\CodeIgniter->handleRequest(null, Object(Config\Cache), false)
 4 FCPATH/index.php(79): CodeIgniter\CodeIgniter->run()
WARNING - 2024-11-18 12:26:31 --> [DEPRECATED] Creation of dynamic property App\Controllers\Matches::$validation is deprecated in APPPATH/Controllers/BaseController.php on line 57.
 1 SYSTEMPATH/CodeIgniter.php(892): App\Controllers\BaseController->initController(Object(CodeIgniter\HTTP\IncomingRequest), Object(CodeIgniter\HTTP\Response), Object(CodeIgniter\Log\Logger))
 2 SYSTEMPATH/CodeIgniter.php(485): CodeIgniter\CodeIgniter->createController()
 3 SYSTEMPATH/CodeIgniter.php(353): CodeIgniter\CodeIgniter->handleRequest(null, Object(Config\Cache), false)
 4 FCPATH/index.php(79): CodeIgniter\CodeIgniter->run()
WARNING - 2024-11-18 12:26:31 --> [DEPRECATED] Creation of dynamic property App\Controllers\Matches::$validation is deprecated in APPPATH/Controllers/BaseController.php on line 57.
 1 SYSTEMPATH/CodeIgniter.php(892): App\Controllers\BaseController->initController(Object(CodeIgniter\HTTP\IncomingRequest), Object(CodeIgniter\HTTP\Response), Object(CodeIgniter\Log\Logger))
 2 SYSTEMPATH/CodeIgniter.php(485): CodeIgniter\CodeIgniter->createController()
 3 SYSTEMPATH/CodeIgniter.php(353): CodeIgniter\CodeIgniter->handleRequest(null, Object(Config\Cache), false)
 4 FCPATH/index.php(79): CodeIgniter\CodeIgniter->run()
WARNING - 2024-11-18 12:26:31 --> [DEPRECATED] Creation of dynamic property App\Controllers\Matches::$validation is deprecated in APPPATH/Controllers/BaseController.php on line 57.
 1 SYSTEMPATH/CodeIgniter.php(892): App\Controllers\BaseController->initController(Object(CodeIgniter\HTTP\IncomingRequest), Object(CodeIgniter\HTTP\Response), Object(CodeIgniter\Log\Logger))
 2 SYSTEMPATH/CodeIgniter.php(485): CodeIgniter\CodeIgniter->createController()
 3 SYSTEMPATH/CodeIgniter.php(353): CodeIgniter\CodeIgniter->handleRequest(null, Object(Config\Cache), false)
 4 FCPATH/index.php(79): CodeIgniter\CodeIgniter->run()
WARNING - 2024-11-18 12:26:31 --> [DEPRECATED] Creation of dynamic property App\Controllers\Matches::$validation is deprecated in APPPATH/Controllers/BaseController.php on line 57.
 1 SYSTEMPATH/CodeIgniter.php(892): App\Controllers\BaseController->initController(Object(CodeIgniter\HTTP\IncomingRequest), Object(CodeIgniter\HTTP\Response), Object(CodeIgniter\Log\Logger))
 2 SYSTEMPATH/CodeIgniter.php(485): CodeIgniter\CodeIgniter->createController()
 3 SYSTEMPATH/CodeIgniter.php(353): CodeIgniter\CodeIgniter->handleRequest(null, Object(Config\Cache), false)
 4 FCPATH/index.php(79): CodeIgniter\CodeIgniter->run()
WARNING - 2024-11-18 12:26:34 --> [DEPRECATED] Creation of dynamic property App\Controllers\Matches::$validation is deprecated in APPPATH/Controllers/BaseController.php on line 57.
 1 SYSTEMPATH/CodeIgniter.php(892): App\Controllers\BaseController->initController(Object(CodeIgniter\HTTP\IncomingRequest), Object(CodeIgniter\HTTP\Response), Object(CodeIgniter\Log\Logger))
 2 SYSTEMPATH/CodeIgniter.php(485): CodeIgniter\CodeIgniter->createController()
 3 SYSTEMPATH/CodeIgniter.php(353): CodeIgniter\CodeIgniter->handleRequest(null, Object(Config\Cache), false)
 4 FCPATH/index.php(79): CodeIgniter\CodeIgniter->run()
WARNING - 2024-11-18 12:30:01 --> [DEPRECATED] Creation of dynamic property App\Controllers\Cron\Players::$validation is deprecated in APPPATH/Controllers/BaseController.php on line 57.
 1 SYSTEMPATH/CodeIgniter.php(892): App\Controllers\BaseController->initController(Object(CodeIgniter\HTTP\IncomingRequest), Object(CodeIgniter\HTTP\Response), Object(CodeIgniter\Log\Logger))
 2 SYSTEMPATH/CodeIgniter.php(485): CodeIgniter\CodeIgniter->createController()
 3 SYSTEMPATH/CodeIgniter.php(353): CodeIgniter\CodeIgniter->handleRequest(null, Object(Config\Cache), false)
 4 FCPATH/index.php(79): CodeIgniter\CodeIgniter->run()
WARNING - 2024-11-18 12:30:01 --> [DEPRECATED] Creation of dynamic property App\Models\UserModel::$userBankAccoTbl is deprecated in APPPATH/Models/UserModel.php on line 18.
 1 APPPATH/Controllers/Cron/Players.php(34): App\Models\UserModel->__construct()
 2 SYSTEMPATH/CodeIgniter.php(919): App\Controllers\Cron\Players->getMatchPlayers()
 3 SYSTEMPATH/CodeIgniter.php(494): CodeIgniter\CodeIgniter->runController(Object(App\Controllers\Cron\Players))
 4 SYSTEMPATH/CodeIgniter.php(353): CodeIgniter\CodeIgniter->handleRequest(null, Object(Config\Cache), false)
 5 FCPATH/index.php(79): CodeIgniter\CodeIgniter->run()
WARNING - 2024-11-18 12:30:31 --> [DEPRECATED] Creation of dynamic property App\Controllers\Cron\Matches::$validation is deprecated in APPPATH/Controllers/BaseController.php on line 57.
 1 SYSTEMPATH/CodeIgniter.php(892): App\Controllers\BaseController->initController(Object(CodeIgniter\HTTP\IncomingRequest), Object(CodeIgniter\HTTP\Response), Object(CodeIgniter\Log\Logger))
 2 SYSTEMPATH/CodeIgniter.php(485): CodeIgniter\CodeIgniter->createController()
 3 SYSTEMPATH/CodeIgniter.php(353): CodeIgniter\CodeIgniter->handleRequest(null, Object(Config\Cache), false)
 4 FCPATH/index.php(79): CodeIgniter\CodeIgniter->run()
WARNING - 2024-11-18 12:58:44 --> [DEPRECATED] Creation of dynamic property App\Controllers\Matches::$validation is deprecated in APPPATH/Controllers/BaseController.php on line 57.
 1 SYSTEMPATH/CodeIgniter.php(892): App\Controllers\BaseController->initController(Object(CodeIgniter\HTTP\IncomingRequest), Object(CodeIgniter\HTTP\Response), Object(CodeIgniter\Log\Logger))
 2 SYSTEMPATH/CodeIgniter.php(485): CodeIgniter\CodeIgniter->createController()
 3 SYSTEMPATH/CodeIgniter.php(353): CodeIgniter\CodeIgniter->handleRequest(null, Object(Config\Cache), false)
 4 FCPATH/index.php(79): CodeIgniter\CodeIgniter->run()
WARNING - 2024-11-18 12:58:44 --> [DEPRECATED] Creation of dynamic property App\Controllers\Cron\News::$validation is deprecated in APPPATH/Controllers/BaseController.php on line 57.
 1 SYSTEMPATH/CodeIgniter.php(892): App\Controllers\BaseController->initController(Object(CodeIgniter\HTTP\IncomingRequest), Object(CodeIgniter\HTTP\Response), Object(CodeIgniter\Log\Logger))
 2 SYSTEMPATH/CodeIgniter.php(485): CodeIgniter\CodeIgniter->createController()
 3 SYSTEMPATH/CodeIgniter.php(353): CodeIgniter\CodeIgniter->handleRequest(null, Object(Config\Cache), false)
 4 FCPATH/index.php(79): CodeIgniter\CodeIgniter->run()
WARNING - 2024-11-18 12:58:44 --> [DEPRECATED] Creation of dynamic property App\Controllers\Matches::$validation is deprecated in APPPATH/Controllers/BaseController.php on line 57.
 1 SYSTEMPATH/CodeIgniter.php(892): App\Controllers\BaseController->initController(Object(CodeIgniter\HTTP\IncomingRequest), Object(CodeIgniter\HTTP\Response), Object(CodeIgniter\Log\Logger))
 2 SYSTEMPATH/CodeIgniter.php(485): CodeIgniter\CodeIgniter->createController()
 3 SYSTEMPATH/CodeIgniter.php(353): CodeIgniter\CodeIgniter->handleRequest(null, Object(Config\Cache), false)
 4 FCPATH/index.php(79): CodeIgniter\CodeIgniter->run()
WARNING - 2024-11-18 12:58:44 --> [DEPRECATED] Creation of dynamic property App\Controllers\Matches::$validation is deprecated in APPPATH/Controllers/BaseController.php on line 57.
 1 SYSTEMPATH/CodeIgniter.php(892): App\Controllers\BaseController->initController(Object(CodeIgniter\HTTP\IncomingRequest), Object(CodeIgniter\HTTP\Response), Object(CodeIgniter\Log\Logger))
 2 SYSTEMPATH/CodeIgniter.php(485): CodeIgniter\CodeIgniter->createController()
 3 SYSTEMPATH/CodeIgniter.php(353): CodeIgniter\CodeIgniter->handleRequest(null, Object(Config\Cache), false)
 4 FCPATH/index.php(79): CodeIgniter\CodeIgniter->run()
WARNING - 2024-11-18 12:58:44 --> [DEPRECATED] Creation of dynamic property App\Controllers\Matches::$validation is deprecated in APPPATH/Controllers/BaseController.php on line 57.
 1 SYSTEMPATH/CodeIgniter.php(892): App\Controllers\BaseController->initController(Object(CodeIgniter\HTTP\IncomingRequest), Object(CodeIgniter\HTTP\Response), Object(CodeIgniter\Log\Logger))
 2 SYSTEMPATH/CodeIgniter.php(485): CodeIgniter\CodeIgniter->createController()
 3 SYSTEMPATH/CodeIgniter.php(353): CodeIgniter\CodeIgniter->handleRequest(null, Object(Config\Cache), false)
 4 FCPATH/index.php(79): CodeIgniter\CodeIgniter->run()
WARNING - 2024-11-18 12:58:44 --> [DEPRECATED] Creation of dynamic property App\Controllers\Matches::$validation is deprecated in APPPATH/Controllers/BaseController.php on line 57.
 1 SYSTEMPATH/CodeIgniter.php(892): App\Controllers\BaseController->initController(Object(CodeIgniter\HTTP\IncomingRequest), Object(CodeIgniter\HTTP\Response), Object(CodeIgniter\Log\Logger))
 2 SYSTEMPATH/CodeIgniter.php(485): CodeIgniter\CodeIgniter->createController()
 3 SYSTEMPATH/CodeIgniter.php(353): CodeIgniter\CodeIgniter->handleRequest(null, Object(Config\Cache), false)
 4 FCPATH/index.php(79): CodeIgniter\CodeIgniter->run()
WARNING - 2024-11-18 12:58:48 --> [DEPRECATED] Creation of dynamic property App\Controllers\Matches::$validation is deprecated in APPPATH/Controllers/BaseController.php on line 57.
 1 SYSTEMPATH/CodeIgniter.php(892): App\Controllers\BaseController->initController(Object(CodeIgniter\HTTP\IncomingRequest), Object(CodeIgniter\HTTP\Response), Object(CodeIgniter\Log\Logger))
 2 SYSTEMPATH/CodeIgniter.php(485): CodeIgniter\CodeIgniter->createController()
 3 SYSTEMPATH/CodeIgniter.php(353): CodeIgniter\CodeIgniter->handleRequest(null, Object(Config\Cache), false)
 4 FCPATH/index.php(79): CodeIgniter\CodeIgniter->run()
WARNING - 2024-11-18 13:54:31 --> [DEPRECATED] Creation of dynamic property App\Controllers\Matches::$validation is deprecated in APPPATH/Controllers/BaseController.php on line 57.
 1 SYSTEMPATH/CodeIgniter.php(892): App\Controllers\BaseController->initController(Object(CodeIgniter\HTTP\IncomingRequest), Object(CodeIgniter\HTTP\Response), Object(CodeIgniter\Log\Logger))
 2 SYSTEMPATH/CodeIgniter.php(485): CodeIgniter\CodeIgniter->createController()
 3 SYSTEMPATH/CodeIgniter.php(353): CodeIgniter\CodeIgniter->handleRequest(null, Object(Config\Cache), false)
 4 FCPATH/index.php(79): CodeIgniter\CodeIgniter->run()
WARNING - 2024-11-18 13:54:31 --> [DEPRECATED] Creation of dynamic property App\Controllers\Cron\News::$validation is deprecated in APPPATH/Controllers/BaseController.php on line 57.
 1 SYSTEMPATH/CodeIgniter.php(892): App\Controllers\BaseController->initController(Object(CodeIgniter\HTTP\IncomingRequest), Object(CodeIgniter\HTTP\Response), Object(CodeIgniter\Log\Logger))
 2 SYSTEMPATH/CodeIgniter.php(485): CodeIgniter\CodeIgniter->createController()
 3 SYSTEMPATH/CodeIgniter.php(353): CodeIgniter\CodeIgniter->handleRequest(null, Object(Config\Cache), false)
 4 FCPATH/index.php(79): CodeIgniter\CodeIgniter->run()
WARNING - 2024-11-18 13:54:31 --> [DEPRECATED] Creation of dynamic property App\Controllers\Matches::$validation is deprecated in APPPATH/Controllers/BaseController.php on line 57.
 1 SYSTEMPATH/CodeIgniter.php(892): App\Controllers\BaseController->initController(Object(CodeIgniter\HTTP\IncomingRequest), Object(CodeIgniter\HTTP\Response), Object(CodeIgniter\Log\Logger))
 2 SYSTEMPATH/CodeIgniter.php(485): CodeIgniter\CodeIgniter->createController()
 3 SYSTEMPATH/CodeIgniter.php(353): CodeIgniter\CodeIgniter->handleRequest(null, Object(Config\Cache), false)
 4 FCPATH/index.php(79): CodeIgniter\CodeIgniter->run()
WARNING - 2024-11-18 13:54:32 --> [DEPRECATED] Creation of dynamic property App\Controllers\Matches::$validation is deprecated in APPPATH/Controllers/BaseController.php on line 57.
 1 SYSTEMPATH/CodeIgniter.php(892): App\Controllers\BaseController->initController(Object(CodeIgniter\HTTP\IncomingRequest), Object(CodeIgniter\HTTP\Response), Object(CodeIgniter\Log\Logger))
 2 SYSTEMPATH/CodeIgniter.php(485): CodeIgniter\CodeIgniter->createController()
 3 SYSTEMPATH/CodeIgniter.php(353): CodeIgniter\CodeIgniter->handleRequest(null, Object(Config\Cache), false)
 4 FCPATH/index.php(79): CodeIgniter\CodeIgniter->run()
WARNING - 2024-11-18 13:54:32 --> [DEPRECATED] Creation of dynamic property App\Controllers\Matches::$validation is deprecated in APPPATH/Controllers/BaseController.php on line 57.
 1 SYSTEMPATH/CodeIgniter.php(892): App\Controllers\BaseController->initController(Object(CodeIgniter\HTTP\IncomingRequest), Object(CodeIgniter\HTTP\Response), Object(CodeIgniter\Log\Logger))
 2 SYSTEMPATH/CodeIgniter.php(485): CodeIgniter\CodeIgniter->createController()
 3 SYSTEMPATH/CodeIgniter.php(353): CodeIgniter\CodeIgniter->handleRequest(null, Object(Config\Cache), false)
 4 FCPATH/index.php(79): CodeIgniter\CodeIgniter->run()
WARNING - 2024-11-18 13:54:32 --> [DEPRECATED] Creation of dynamic property App\Controllers\Matches::$validation is deprecated in APPPATH/Controllers/BaseController.php on line 57.
 1 SYSTEMPATH/CodeIgniter.php(892): App\Controllers\BaseController->initController(Object(CodeIgniter\HTTP\IncomingRequest), Object(CodeIgniter\HTTP\Response), Object(CodeIgniter\Log\Logger))
 2 SYSTEMPATH/CodeIgniter.php(485): CodeIgniter\CodeIgniter->createController()
 3 SYSTEMPATH/CodeIgniter.php(353): CodeIgniter\CodeIgniter->handleRequest(null, Object(Config\Cache), false)
 4 FCPATH/index.php(79): CodeIgniter\CodeIgniter->run()
WARNING - 2024-11-18 13:54:33 --> [DEPRECATED] Creation of dynamic property App\Controllers\Matches::$validation is deprecated in APPPATH/Controllers/BaseController.php on line 57.
 1 SYSTEMPATH/CodeIgniter.php(892): App\Controllers\BaseController->initController(Object(CodeIgniter\HTTP\IncomingRequest), Object(CodeIgniter\HTTP\Response), Object(CodeIgniter\Log\Logger))
 2 SYSTEMPATH/CodeIgniter.php(485): CodeIgniter\CodeIgniter->createController()
 3 SYSTEMPATH/CodeIgniter.php(353): CodeIgniter\CodeIgniter->handleRequest(null, Object(Config\Cache), false)
 4 FCPATH/index.php(79): CodeIgniter\CodeIgniter->run()
WARNING - 2024-11-18 15:30:02 --> [DEPRECATED] Creation of dynamic property App\Controllers\Cron\Matches::$validation is deprecated in APPPATH/Controllers/BaseController.php on line 57.
 1 SYSTEMPATH/CodeIgniter.php(892): App\Controllers\BaseController->initController(Object(CodeIgniter\HTTP\IncomingRequest), Object(CodeIgniter\HTTP\Response), Object(CodeIgniter\Log\Logger))
 2 SYSTEMPATH/CodeIgniter.php(485): CodeIgniter\CodeIgniter->createController()
 3 SYSTEMPATH/CodeIgniter.php(353): CodeIgniter\CodeIgniter->handleRequest(null, Object(Config\Cache), false)
 4 FCPATH/index.php(79): CodeIgniter\CodeIgniter->run()
WARNING - 2024-11-18 15:30:32 --> [DEPRECATED] Creation of dynamic property App\Controllers\Cron\Players::$validation is deprecated in APPPATH/Controllers/BaseController.php on line 57.
 1 SYSTEMPATH/CodeIgniter.php(892): App\Controllers\BaseController->initController(Object(CodeIgniter\HTTP\IncomingRequest), Object(CodeIgniter\HTTP\Response), Object(CodeIgniter\Log\Logger))
 2 SYSTEMPATH/CodeIgniter.php(485): CodeIgniter\CodeIgniter->createController()
 3 SYSTEMPATH/CodeIgniter.php(353): CodeIgniter\CodeIgniter->handleRequest(null, Object(Config\Cache), false)
 4 FCPATH/index.php(79): CodeIgniter\CodeIgniter->run()
WARNING - 2024-11-18 15:30:32 --> [DEPRECATED] Creation of dynamic property App\Models\UserModel::$userBankAccoTbl is deprecated in APPPATH/Models/UserModel.php on line 18.
 1 APPPATH/Controllers/Cron/Players.php(34): App\Models\UserModel->__construct()
 2 SYSTEMPATH/CodeIgniter.php(919): App\Controllers\Cron\Players->getMatchPlayers()
 3 SYSTEMPATH/CodeIgniter.php(494): CodeIgniter\CodeIgniter->runController(Object(App\Controllers\Cron\Players))
 4 SYSTEMPATH/CodeIgniter.php(353): CodeIgniter\CodeIgniter->handleRequest(null, Object(Config\Cache), false)
 5 FCPATH/index.php(79): CodeIgniter\CodeIgniter->run()
WARNING - 2024-11-18 18:30:32 --> [DEPRECATED] Creation of dynamic property App\Controllers\Cron\Matches::$validation is deprecated in APPPATH/Controllers/BaseController.php on line 57.
 1 SYSTEMPATH/CodeIgniter.php(892): App\Controllers\BaseController->initController(Object(CodeIgniter\HTTP\IncomingRequest), Object(CodeIgniter\HTTP\Response), Object(CodeIgniter\Log\Logger))
 2 SYSTEMPATH/CodeIgniter.php(485): CodeIgniter\CodeIgniter->createController()
 3 SYSTEMPATH/CodeIgniter.php(353): CodeIgniter\CodeIgniter->handleRequest(null, Object(Config\Cache), false)
 4 FCPATH/index.php(79): CodeIgniter\CodeIgniter->run()
WARNING - 2024-11-18 18:30:32 --> [DEPRECATED] Creation of dynamic property App\Controllers\Cron\Players::$validation is deprecated in APPPATH/Controllers/BaseController.php on line 57.
 1 SYSTEMPATH/CodeIgniter.php(892): App\Controllers\BaseController->initController(Object(CodeIgniter\HTTP\IncomingRequest), Object(CodeIgniter\HTTP\Response), Object(CodeIgniter\Log\Logger))
 2 SYSTEMPATH/CodeIgniter.php(485): CodeIgniter\CodeIgniter->createController()
 3 SYSTEMPATH/CodeIgniter.php(353): CodeIgniter\CodeIgniter->handleRequest(null, Object(Config\Cache), false)
 4 FCPATH/index.php(79): CodeIgniter\CodeIgniter->run()
WARNING - 2024-11-18 18:30:32 --> [DEPRECATED] Creation of dynamic property App\Controllers\Cron\Toss::$validation is deprecated in APPPATH/Controllers/BaseController.php on line 57.
 1 SYSTEMPATH/CodeIgniter.php(892): App\Controllers\BaseController->initController(Object(CodeIgniter\HTTP\IncomingRequest), Object(CodeIgniter\HTTP\Response), Object(CodeIgniter\Log\Logger))
 2 SYSTEMPATH/CodeIgniter.php(485): CodeIgniter\CodeIgniter->createController()
 3 SYSTEMPATH/CodeIgniter.php(353): CodeIgniter\CodeIgniter->handleRequest(null, Object(Config\Cache), false)
 4 FCPATH/index.php(79): CodeIgniter\CodeIgniter->run()
WARNING - 2024-11-18 18:30:32 --> [DEPRECATED] Creation of dynamic property App\Models\UserModel::$userBankAccoTbl is deprecated in APPPATH/Models/UserModel.php on line 18.
 1 APPPATH/Controllers/Cron/Players.php(34): App\Models\UserModel->__construct()
 2 SYSTEMPATH/CodeIgniter.php(919): App\Controllers\Cron\Players->getMatchPlayers()
 3 SYSTEMPATH/CodeIgniter.php(494): CodeIgniter\CodeIgniter->runController(Object(App\Controllers\Cron\Players))
 4 SYSTEMPATH/CodeIgniter.php(353): CodeIgniter\CodeIgniter->handleRequest(null, Object(Config\Cache), false)
 5 FCPATH/index.php(79): CodeIgniter\CodeIgniter->run()
WARNING - 2024-11-18 21:30:02 --> [DEPRECATED] Creation of dynamic property App\Controllers\Cron\Matches::$validation is deprecated in APPPATH/Controllers/BaseController.php on line 57.
 1 SYSTEMPATH/CodeIgniter.php(892): App\Controllers\BaseController->initController(Object(CodeIgniter\HTTP\IncomingRequest), Object(CodeIgniter\HTTP\Response), Object(CodeIgniter\Log\Logger))
 2 SYSTEMPATH/CodeIgniter.php(485): CodeIgniter\CodeIgniter->createController()
 3 SYSTEMPATH/CodeIgniter.php(353): CodeIgniter\CodeIgniter->handleRequest(null, Object(Config\Cache), false)
 4 FCPATH/index.php(79): CodeIgniter\CodeIgniter->run()
WARNING - 2024-11-18 21:30:31 --> [DEPRECATED] Creation of dynamic property App\Controllers\Cron\Players::$validation is deprecated in APPPATH/Controllers/BaseController.php on line 57.
 1 SYSTEMPATH/CodeIgniter.php(892): App\Controllers\BaseController->initController(Object(CodeIgniter\HTTP\IncomingRequest), Object(CodeIgniter\HTTP\Response), Object(CodeIgniter\Log\Logger))
 2 SYSTEMPATH/CodeIgniter.php(485): CodeIgniter\CodeIgniter->createController()
 3 SYSTEMPATH/CodeIgniter.php(353): CodeIgniter\CodeIgniter->handleRequest(null, Object(Config\Cache), false)
 4 FCPATH/index.php(79): CodeIgniter\CodeIgniter->run()
WARNING - 2024-11-18 21:30:31 --> [DEPRECATED] Creation of dynamic property App\Models\UserModel::$userBankAccoTbl is deprecated in APPPATH/Models/UserModel.php on line 18.
 1 APPPATH/Controllers/Cron/Players.php(34): App\Models\UserModel->__construct()
 2 SYSTEMPATH/CodeIgniter.php(919): App\Controllers\Cron\Players->getMatchPlayers()
 3 SYSTEMPATH/CodeIgniter.php(494): CodeIgniter\CodeIgniter->runController(Object(App\Controllers\Cron\Players))
 4 SYSTEMPATH/CodeIgniter.php(353): CodeIgniter\CodeIgniter->handleRequest(null, Object(Config\Cache), false)
 5 FCPATH/index.php(79): CodeIgniter\CodeIgniter->run()
WARNING - 2024-11-18 23:54:27 --> [DEPRECATED] Creation of dynamic property App\Controllers\Cron\News::$validation is deprecated in APPPATH/Controllers/BaseController.php on line 57.
 1 SYSTEMPATH/CodeIgniter.php(892): App\Controllers\BaseController->initController(Object(CodeIgniter\HTTP\IncomingRequest), Object(CodeIgniter\HTTP\Response), Object(CodeIgniter\Log\Logger))
 2 SYSTEMPATH/CodeIgniter.php(485): CodeIgniter\CodeIgniter->createController()
 3 SYSTEMPATH/CodeIgniter.php(353): CodeIgniter\CodeIgniter->handleRequest(null, Object(Config\Cache), false)
 4 FCPATH/index.php(79): CodeIgniter\CodeIgniter->run()
WARNING - 2024-11-18 23:59:25 --> [DEPRECATED] Creation of dynamic property App\Controllers\Cron\News::$validation is deprecated in APPPATH/Controllers/BaseController.php on line 57.
 1 SYSTEMPATH/CodeIgniter.php(892): App\Controllers\BaseController->initController(Object(CodeIgniter\HTTP\IncomingRequest), Object(CodeIgniter\HTTP\Response), Object(CodeIgniter\Log\Logger))
 2 SYSTEMPATH/CodeIgniter.php(485): CodeIgniter\CodeIgniter->createController()
 3 SYSTEMPATH/CodeIgniter.php(353): CodeIgniter\CodeIgniter->handleRequest(null, Object(Config\Cache), false)
 4 FCPATH/index.php(79): CodeIgniter\CodeIgniter->run()
