WARNING - 2024-08-01 00:30:02 --> [DEPRECATED] Creation of dynamic property App\Controllers\Cron\Matches::$validation is deprecated in APPPATH/Controllers/BaseController.php on line 57.
 1 SYSTEMPATH/CodeIgniter.php(892): App\Controllers\BaseController->initController(Object(CodeIgniter\HTTP\IncomingRequest), Object(CodeIgniter\HTTP\Response), Object(CodeIgniter\Log\Logger))
 2 SYSTEMPATH/CodeIgniter.php(485): CodeIgniter\CodeIgniter->createController()
 3 SYSTEMPATH/CodeIgniter.php(353): CodeIgniter\CodeIgniter->handleRequest(null, Object(Config\Cache), false)
 4 FCPATH/index.php(79): CodeIgniter\CodeIgniter->run()
WARNING - 2024-08-01 00:30:02 --> [DEPRECATED] Creation of dynamic property App\Controllers\Cron\Players::$validation is deprecated in APPPATH/Controllers/BaseController.php on line 57.
 1 SYSTEMPATH/CodeIgniter.php(892): App\Controllers\BaseController->initController(Object(CodeIgniter\HTTP\IncomingRequest), Object(CodeIgniter\HTTP\Response), Object(CodeIgniter\Log\Logger))
 2 SYSTEMPATH/CodeIgniter.php(485): CodeIgniter\CodeIgniter->createController()
 3 SYSTEMPATH/CodeIgniter.php(353): CodeIgniter\CodeIgniter->handleRequest(null, Object(Config\Cache), false)
 4 FCPATH/index.php(79): CodeIgniter\CodeIgniter->run()
WARNING - 2024-08-01 00:30:03 --> [DEPRECATED] Creation of dynamic property App\Models\UserModel::$userBankAccoTbl is deprecated in APPPATH/Models/UserModel.php on line 18.
 1 APPPATH/Controllers/Cron/Players.php(34): App\Models\UserModel->__construct()
 2 SYSTEMPATH/CodeIgniter.php(919): App\Controllers\Cron\Players->getMatchPlayers()
 3 SYSTEMPATH/CodeIgniter.php(494): CodeIgniter\CodeIgniter->runController(Object(App\Controllers\Cron\Players))
 4 SYSTEMPATH/CodeIgniter.php(353): CodeIgniter\CodeIgniter->handleRequest(null, Object(Config\Cache), false)
 5 FCPATH/index.php(79): CodeIgniter\CodeIgniter->run()
WARNING - 2024-08-01 01:01:51 --> [DEPRECATED] Creation of dynamic property App\Controllers\Cron\News::$validation is deprecated in APPPATH/Controllers/BaseController.php on line 57.
 1 SYSTEMPATH/CodeIgniter.php(892): App\Controllers\BaseController->initController(Object(CodeIgniter\HTTP\IncomingRequest), Object(CodeIgniter\HTTP\Response), Object(CodeIgniter\Log\Logger))
 2 SYSTEMPATH/CodeIgniter.php(485): CodeIgniter\CodeIgniter->createController()
 3 SYSTEMPATH/CodeIgniter.php(353): CodeIgniter\CodeIgniter->handleRequest(null, Object(Config\Cache), false)
 4 FCPATH/index.php(79): CodeIgniter\CodeIgniter->run()
WARNING - 2024-08-01 02:18:40 --> [DEPRECATED] Creation of dynamic property App\Controllers\Cron\News::$validation is deprecated in APPPATH/Controllers/BaseController.php on line 57.
 1 SYSTEMPATH/CodeIgniter.php(892): App\Controllers\BaseController->initController(Object(CodeIgniter\HTTP\IncomingRequest), Object(CodeIgniter\HTTP\Response), Object(CodeIgniter\Log\Logger))
 2 SYSTEMPATH/CodeIgniter.php(485): CodeIgniter\CodeIgniter->createController()
 3 SYSTEMPATH/CodeIgniter.php(353): CodeIgniter\CodeIgniter->handleRequest(null, Object(Config\Cache), false)
 4 FCPATH/index.php(79): CodeIgniter\CodeIgniter->run()
WARNING - 2024-08-01 03:30:02 --> [DEPRECATED] Creation of dynamic property App\Controllers\Cron\Players::$validation is deprecated in APPPATH/Controllers/BaseController.php on line 57.
 1 SYSTEMPATH/CodeIgniter.php(892): App\Controllers\BaseController->initController(Object(CodeIgniter\HTTP\IncomingRequest), Object(CodeIgniter\HTTP\Response), Object(CodeIgniter\Log\Logger))
 2 SYSTEMPATH/CodeIgniter.php(485): CodeIgniter\CodeIgniter->createController()
 3 SYSTEMPATH/CodeIgniter.php(353): CodeIgniter\CodeIgniter->handleRequest(null, Object(Config\Cache), false)
 4 FCPATH/index.php(79): CodeIgniter\CodeIgniter->run()
WARNING - 2024-08-01 03:30:02 --> [DEPRECATED] Creation of dynamic property App\Controllers\Cron\Matches::$validation is deprecated in APPPATH/Controllers/BaseController.php on line 57.
 1 SYSTEMPATH/CodeIgniter.php(892): App\Controllers\BaseController->initController(Object(CodeIgniter\HTTP\IncomingRequest), Object(CodeIgniter\HTTP\Response), Object(CodeIgniter\Log\Logger))
 2 SYSTEMPATH/CodeIgniter.php(485): CodeIgniter\CodeIgniter->createController()
 3 SYSTEMPATH/CodeIgniter.php(353): CodeIgniter\CodeIgniter->handleRequest(null, Object(Config\Cache), false)
 4 FCPATH/index.php(79): CodeIgniter\CodeIgniter->run()
WARNING - 2024-08-01 03:30:02 --> [DEPRECATED] Creation of dynamic property App\Models\UserModel::$userBankAccoTbl is deprecated in APPPATH/Models/UserModel.php on line 18.
 1 APPPATH/Controllers/Cron/Players.php(34): App\Models\UserModel->__construct()
 2 SYSTEMPATH/CodeIgniter.php(919): App\Controllers\Cron\Players->getMatchPlayers()
 3 SYSTEMPATH/CodeIgniter.php(494): CodeIgniter\CodeIgniter->runController(Object(App\Controllers\Cron\Players))
 4 SYSTEMPATH/CodeIgniter.php(353): CodeIgniter\CodeIgniter->handleRequest(null, Object(Config\Cache), false)
 5 FCPATH/index.php(79): CodeIgniter\CodeIgniter->run()
WARNING - 2024-08-01 03:42:37 --> [DEPRECATED] Creation of dynamic property App\Controllers\Cron\News::$validation is deprecated in APPPATH/Controllers/BaseController.php on line 57.
 1 SYSTEMPATH/CodeIgniter.php(892): App\Controllers\BaseController->initController(Object(CodeIgniter\HTTP\IncomingRequest), Object(CodeIgniter\HTTP\Response), Object(CodeIgniter\Log\Logger))
 2 SYSTEMPATH/CodeIgniter.php(485): CodeIgniter\CodeIgniter->createController()
 3 SYSTEMPATH/CodeIgniter.php(353): CodeIgniter\CodeIgniter->handleRequest(null, Object(Config\Cache), false)
 4 FCPATH/index.php(79): CodeIgniter\CodeIgniter->run()
WARNING - 2024-08-01 05:36:03 --> [DEPRECATED] Creation of dynamic property App\Controllers\Matches::$validation is deprecated in APPPATH/Controllers/BaseController.php on line 57.
 1 SYSTEMPATH/CodeIgniter.php(892): App\Controllers\BaseController->initController(Object(CodeIgniter\HTTP\IncomingRequest), Object(CodeIgniter\HTTP\Response), Object(CodeIgniter\Log\Logger))
 2 SYSTEMPATH/CodeIgniter.php(485): CodeIgniter\CodeIgniter->createController()
 3 SYSTEMPATH/CodeIgniter.php(353): CodeIgniter\CodeIgniter->handleRequest(null, Object(Config\Cache), false)
 4 FCPATH/index.php(79): CodeIgniter\CodeIgniter->run()
WARNING - 2024-08-01 05:36:03 --> [DEPRECATED] Creation of dynamic property App\Controllers\Cron\News::$validation is deprecated in APPPATH/Controllers/BaseController.php on line 57.
 1 SYSTEMPATH/CodeIgniter.php(892): App\Controllers\BaseController->initController(Object(CodeIgniter\HTTP\IncomingRequest), Object(CodeIgniter\HTTP\Response), Object(CodeIgniter\Log\Logger))
 2 SYSTEMPATH/CodeIgniter.php(485): CodeIgniter\CodeIgniter->createController()
 3 SYSTEMPATH/CodeIgniter.php(353): CodeIgniter\CodeIgniter->handleRequest(null, Object(Config\Cache), false)
 4 FCPATH/index.php(79): CodeIgniter\CodeIgniter->run()
WARNING - 2024-08-01 05:36:03 --> [DEPRECATED] Creation of dynamic property App\Controllers\Matches::$validation is deprecated in APPPATH/Controllers/BaseController.php on line 57.
 1 SYSTEMPATH/CodeIgniter.php(892): App\Controllers\BaseController->initController(Object(CodeIgniter\HTTP\IncomingRequest), Object(CodeIgniter\HTTP\Response), Object(CodeIgniter\Log\Logger))
 2 SYSTEMPATH/CodeIgniter.php(485): CodeIgniter\CodeIgniter->createController()
 3 SYSTEMPATH/CodeIgniter.php(353): CodeIgniter\CodeIgniter->handleRequest(null, Object(Config\Cache), false)
 4 FCPATH/index.php(79): CodeIgniter\CodeIgniter->run()
WARNING - 2024-08-01 05:36:03 --> [DEPRECATED] Creation of dynamic property App\Controllers\Matches::$validation is deprecated in APPPATH/Controllers/BaseController.php on line 57.
 1 SYSTEMPATH/CodeIgniter.php(892): App\Controllers\BaseController->initController(Object(CodeIgniter\HTTP\IncomingRequest), Object(CodeIgniter\HTTP\Response), Object(CodeIgniter\Log\Logger))
 2 SYSTEMPATH/CodeIgniter.php(485): CodeIgniter\CodeIgniter->createController()
 3 SYSTEMPATH/CodeIgniter.php(353): CodeIgniter\CodeIgniter->handleRequest(null, Object(Config\Cache), false)
 4 FCPATH/index.php(79): CodeIgniter\CodeIgniter->run()
WARNING - 2024-08-01 05:36:03 --> [DEPRECATED] Creation of dynamic property App\Controllers\Matches::$validation is deprecated in APPPATH/Controllers/BaseController.php on line 57.
 1 SYSTEMPATH/CodeIgniter.php(892): App\Controllers\BaseController->initController(Object(CodeIgniter\HTTP\IncomingRequest), Object(CodeIgniter\HTTP\Response), Object(CodeIgniter\Log\Logger))
 2 SYSTEMPATH/CodeIgniter.php(485): CodeIgniter\CodeIgniter->createController()
 3 SYSTEMPATH/CodeIgniter.php(353): CodeIgniter\CodeIgniter->handleRequest(null, Object(Config\Cache), false)
 4 FCPATH/index.php(79): CodeIgniter\CodeIgniter->run()
WARNING - 2024-08-01 05:36:03 --> [DEPRECATED] Creation of dynamic property App\Controllers\Matches::$validation is deprecated in APPPATH/Controllers/BaseController.php on line 57.
 1 SYSTEMPATH/CodeIgniter.php(892): App\Controllers\BaseController->initController(Object(CodeIgniter\HTTP\IncomingRequest), Object(CodeIgniter\HTTP\Response), Object(CodeIgniter\Log\Logger))
 2 SYSTEMPATH/CodeIgniter.php(485): CodeIgniter\CodeIgniter->createController()
 3 SYSTEMPATH/CodeIgniter.php(353): CodeIgniter\CodeIgniter->handleRequest(null, Object(Config\Cache), false)
 4 FCPATH/index.php(79): CodeIgniter\CodeIgniter->run()
WARNING - 2024-08-01 05:36:05 --> [DEPRECATED] Creation of dynamic property App\Controllers\Matches::$validation is deprecated in APPPATH/Controllers/BaseController.php on line 57.
 1 SYSTEMPATH/CodeIgniter.php(892): App\Controllers\BaseController->initController(Object(CodeIgniter\HTTP\IncomingRequest), Object(CodeIgniter\HTTP\Response), Object(CodeIgniter\Log\Logger))
 2 SYSTEMPATH/CodeIgniter.php(485): CodeIgniter\CodeIgniter->createController()
 3 SYSTEMPATH/CodeIgniter.php(353): CodeIgniter\CodeIgniter->handleRequest(null, Object(Config\Cache), false)
 4 FCPATH/index.php(79): CodeIgniter\CodeIgniter->run()
WARNING - 2024-08-01 05:40:35 --> [DEPRECATED] Creation of dynamic property App\Controllers\Cron\News::$validation is deprecated in APPPATH/Controllers/BaseController.php on line 57.
 1 SYSTEMPATH/CodeIgniter.php(892): App\Controllers\BaseController->initController(Object(CodeIgniter\HTTP\IncomingRequest), Object(CodeIgniter\HTTP\Response), Object(CodeIgniter\Log\Logger))
 2 SYSTEMPATH/CodeIgniter.php(485): CodeIgniter\CodeIgniter->createController()
 3 SYSTEMPATH/CodeIgniter.php(353): CodeIgniter\CodeIgniter->handleRequest(null, Object(Config\Cache), false)
 4 FCPATH/index.php(79): CodeIgniter\CodeIgniter->run()
WARNING - 2024-08-01 06:18:11 --> [DEPRECATED] Creation of dynamic property App\Controllers\Cron\News::$validation is deprecated in APPPATH/Controllers/BaseController.php on line 57.
 1 SYSTEMPATH/CodeIgniter.php(892): App\Controllers\BaseController->initController(Object(CodeIgniter\HTTP\IncomingRequest), Object(CodeIgniter\HTTP\Response), Object(CodeIgniter\Log\Logger))
 2 SYSTEMPATH/CodeIgniter.php(485): CodeIgniter\CodeIgniter->createController()
 3 SYSTEMPATH/CodeIgniter.php(353): CodeIgniter\CodeIgniter->handleRequest(null, Object(Config\Cache), false)
 4 FCPATH/index.php(79): CodeIgniter\CodeIgniter->run()
WARNING - 2024-08-01 06:23:55 --> [DEPRECATED] Creation of dynamic property App\Controllers\Matches::$validation is deprecated in APPPATH/Controllers/BaseController.php on line 57.
 1 SYSTEMPATH/CodeIgniter.php(892): App\Controllers\BaseController->initController(Object(CodeIgniter\HTTP\IncomingRequest), Object(CodeIgniter\HTTP\Response), Object(CodeIgniter\Log\Logger))
 2 SYSTEMPATH/CodeIgniter.php(485): CodeIgniter\CodeIgniter->createController()
 3 SYSTEMPATH/CodeIgniter.php(353): CodeIgniter\CodeIgniter->handleRequest(null, Object(Config\Cache), false)
 4 FCPATH/index.php(79): CodeIgniter\CodeIgniter->run()
WARNING - 2024-08-01 06:23:55 --> [DEPRECATED] Creation of dynamic property App\Controllers\Cron\News::$validation is deprecated in APPPATH/Controllers/BaseController.php on line 57.
 1 SYSTEMPATH/CodeIgniter.php(892): App\Controllers\BaseController->initController(Object(CodeIgniter\HTTP\IncomingRequest), Object(CodeIgniter\HTTP\Response), Object(CodeIgniter\Log\Logger))
 2 SYSTEMPATH/CodeIgniter.php(485): CodeIgniter\CodeIgniter->createController()
 3 SYSTEMPATH/CodeIgniter.php(353): CodeIgniter\CodeIgniter->handleRequest(null, Object(Config\Cache), false)
 4 FCPATH/index.php(79): CodeIgniter\CodeIgniter->run()
WARNING - 2024-08-01 06:23:55 --> [DEPRECATED] Creation of dynamic property App\Controllers\Matches::$validation is deprecated in APPPATH/Controllers/BaseController.php on line 57.
 1 SYSTEMPATH/CodeIgniter.php(892): App\Controllers\BaseController->initController(Object(CodeIgniter\HTTP\IncomingRequest), Object(CodeIgniter\HTTP\Response), Object(CodeIgniter\Log\Logger))
 2 SYSTEMPATH/CodeIgniter.php(485): CodeIgniter\CodeIgniter->createController()
 3 SYSTEMPATH/CodeIgniter.php(353): CodeIgniter\CodeIgniter->handleRequest(null, Object(Config\Cache), false)
 4 FCPATH/index.php(79): CodeIgniter\CodeIgniter->run()
WARNING - 2024-08-01 06:23:56 --> [DEPRECATED] Creation of dynamic property App\Controllers\Matches::$validation is deprecated in APPPATH/Controllers/BaseController.php on line 57.
 1 SYSTEMPATH/CodeIgniter.php(892): App\Controllers\BaseController->initController(Object(CodeIgniter\HTTP\IncomingRequest), Object(CodeIgniter\HTTP\Response), Object(CodeIgniter\Log\Logger))
 2 SYSTEMPATH/CodeIgniter.php(485): CodeIgniter\CodeIgniter->createController()
 3 SYSTEMPATH/CodeIgniter.php(353): CodeIgniter\CodeIgniter->handleRequest(null, Object(Config\Cache), false)
 4 FCPATH/index.php(79): CodeIgniter\CodeIgniter->run()
WARNING - 2024-08-01 06:23:56 --> [DEPRECATED] Creation of dynamic property App\Controllers\Matches::$validation is deprecated in APPPATH/Controllers/BaseController.php on line 57.
 1 SYSTEMPATH/CodeIgniter.php(892): App\Controllers\BaseController->initController(Object(CodeIgniter\HTTP\IncomingRequest), Object(CodeIgniter\HTTP\Response), Object(CodeIgniter\Log\Logger))
 2 SYSTEMPATH/CodeIgniter.php(485): CodeIgniter\CodeIgniter->createController()
 3 SYSTEMPATH/CodeIgniter.php(353): CodeIgniter\CodeIgniter->handleRequest(null, Object(Config\Cache), false)
 4 FCPATH/index.php(79): CodeIgniter\CodeIgniter->run()
WARNING - 2024-08-01 06:23:56 --> [DEPRECATED] Creation of dynamic property App\Controllers\Matches::$validation is deprecated in APPPATH/Controllers/BaseController.php on line 57.
 1 SYSTEMPATH/CodeIgniter.php(892): App\Controllers\BaseController->initController(Object(CodeIgniter\HTTP\IncomingRequest), Object(CodeIgniter\HTTP\Response), Object(CodeIgniter\Log\Logger))
 2 SYSTEMPATH/CodeIgniter.php(485): CodeIgniter\CodeIgniter->createController()
 3 SYSTEMPATH/CodeIgniter.php(353): CodeIgniter\CodeIgniter->handleRequest(null, Object(Config\Cache), false)
 4 FCPATH/index.php(79): CodeIgniter\CodeIgniter->run()
WARNING - 2024-08-01 06:23:58 --> [DEPRECATED] Creation of dynamic property App\Controllers\Matches::$validation is deprecated in APPPATH/Controllers/BaseController.php on line 57.
 1 SYSTEMPATH/CodeIgniter.php(892): App\Controllers\BaseController->initController(Object(CodeIgniter\HTTP\IncomingRequest), Object(CodeIgniter\HTTP\Response), Object(CodeIgniter\Log\Logger))
 2 SYSTEMPATH/CodeIgniter.php(485): CodeIgniter\CodeIgniter->createController()
 3 SYSTEMPATH/CodeIgniter.php(353): CodeIgniter\CodeIgniter->handleRequest(null, Object(Config\Cache), false)
 4 FCPATH/index.php(79): CodeIgniter\CodeIgniter->run()
WARNING - 2024-08-01 06:30:02 --> [DEPRECATED] Creation of dynamic property App\Controllers\Cron\Matches::$validation is deprecated in APPPATH/Controllers/BaseController.php on line 57.
 1 SYSTEMPATH/CodeIgniter.php(892): App\Controllers\BaseController->initController(Object(CodeIgniter\HTTP\IncomingRequest), Object(CodeIgniter\HTTP\Response), Object(CodeIgniter\Log\Logger))
 2 SYSTEMPATH/CodeIgniter.php(485): CodeIgniter\CodeIgniter->createController()
 3 SYSTEMPATH/CodeIgniter.php(353): CodeIgniter\CodeIgniter->handleRequest(null, Object(Config\Cache), false)
 4 FCPATH/index.php(79): CodeIgniter\CodeIgniter->run()
WARNING - 2024-08-01 06:30:02 --> [DEPRECATED] Creation of dynamic property App\Controllers\Cron\Toss::$validation is deprecated in APPPATH/Controllers/BaseController.php on line 57.
 1 SYSTEMPATH/CodeIgniter.php(892): App\Controllers\BaseController->initController(Object(CodeIgniter\HTTP\IncomingRequest), Object(CodeIgniter\HTTP\Response), Object(CodeIgniter\Log\Logger))
 2 SYSTEMPATH/CodeIgniter.php(485): CodeIgniter\CodeIgniter->createController()
 3 SYSTEMPATH/CodeIgniter.php(353): CodeIgniter\CodeIgniter->handleRequest(null, Object(Config\Cache), false)
 4 FCPATH/index.php(79): CodeIgniter\CodeIgniter->run()
WARNING - 2024-08-01 06:30:02 --> [DEPRECATED] Creation of dynamic property App\Controllers\Cron\Players::$validation is deprecated in APPPATH/Controllers/BaseController.php on line 57.
 1 SYSTEMPATH/CodeIgniter.php(892): App\Controllers\BaseController->initController(Object(CodeIgniter\HTTP\IncomingRequest), Object(CodeIgniter\HTTP\Response), Object(CodeIgniter\Log\Logger))
 2 SYSTEMPATH/CodeIgniter.php(485): CodeIgniter\CodeIgniter->createController()
 3 SYSTEMPATH/CodeIgniter.php(353): CodeIgniter\CodeIgniter->handleRequest(null, Object(Config\Cache), false)
 4 FCPATH/index.php(79): CodeIgniter\CodeIgniter->run()
WARNING - 2024-08-01 06:30:02 --> [DEPRECATED] Creation of dynamic property App\Models\UserModel::$userBankAccoTbl is deprecated in APPPATH/Models/UserModel.php on line 18.
 1 APPPATH/Controllers/Cron/Players.php(34): App\Models\UserModel->__construct()
 2 SYSTEMPATH/CodeIgniter.php(919): App\Controllers\Cron\Players->getMatchPlayers()
 3 SYSTEMPATH/CodeIgniter.php(494): CodeIgniter\CodeIgniter->runController(Object(App\Controllers\Cron\Players))
 4 SYSTEMPATH/CodeIgniter.php(353): CodeIgniter\CodeIgniter->handleRequest(null, Object(Config\Cache), false)
 5 FCPATH/index.php(79): CodeIgniter\CodeIgniter->run()
WARNING - 2024-08-01 07:12:40 --> [DEPRECATED] Creation of dynamic property App\Controllers\Cron\News::$validation is deprecated in APPPATH/Controllers/BaseController.php on line 57.
 1 SYSTEMPATH/CodeIgniter.php(892): App\Controllers\BaseController->initController(Object(CodeIgniter\HTTP\IncomingRequest), Object(CodeIgniter\HTTP\Response), Object(CodeIgniter\Log\Logger))
 2 SYSTEMPATH/CodeIgniter.php(485): CodeIgniter\CodeIgniter->createController()
 3 SYSTEMPATH/CodeIgniter.php(353): CodeIgniter\CodeIgniter->handleRequest(null, Object(Config\Cache), false)
 4 FCPATH/index.php(79): CodeIgniter\CodeIgniter->run()
WARNING - 2024-08-01 08:10:20 --> [DEPRECATED] Creation of dynamic property App\Controllers\Cron\News::$validation is deprecated in APPPATH/Controllers/BaseController.php on line 57.
 1 SYSTEMPATH/CodeIgniter.php(892): App\Controllers\BaseController->initController(Object(CodeIgniter\HTTP\IncomingRequest), Object(CodeIgniter\HTTP\Response), Object(CodeIgniter\Log\Logger))
 2 SYSTEMPATH/CodeIgniter.php(485): CodeIgniter\CodeIgniter->createController()
 3 SYSTEMPATH/CodeIgniter.php(353): CodeIgniter\CodeIgniter->handleRequest(null, Object(Config\Cache), false)
 4 FCPATH/index.php(79): CodeIgniter\CodeIgniter->run()
WARNING - 2024-08-01 09:11:17 --> [DEPRECATED] Creation of dynamic property App\Controllers\Cron\News::$validation is deprecated in APPPATH/Controllers/BaseController.php on line 57.
 1 SYSTEMPATH/CodeIgniter.php(892): App\Controllers\BaseController->initController(Object(CodeIgniter\HTTP\IncomingRequest), Object(CodeIgniter\HTTP\Response), Object(CodeIgniter\Log\Logger))
 2 SYSTEMPATH/CodeIgniter.php(485): CodeIgniter\CodeIgniter->createController()
 3 SYSTEMPATH/CodeIgniter.php(353): CodeIgniter\CodeIgniter->handleRequest(null, Object(Config\Cache), false)
 4 FCPATH/index.php(79): CodeIgniter\CodeIgniter->run()
WARNING - 2024-08-01 09:11:17 --> [DEPRECATED] Creation of dynamic property App\Controllers\Matches::$validation is deprecated in APPPATH/Controllers/BaseController.php on line 57.
 1 SYSTEMPATH/CodeIgniter.php(892): App\Controllers\BaseController->initController(Object(CodeIgniter\HTTP\IncomingRequest), Object(CodeIgniter\HTTP\Response), Object(CodeIgniter\Log\Logger))
 2 SYSTEMPATH/CodeIgniter.php(485): CodeIgniter\CodeIgniter->createController()
 3 SYSTEMPATH/CodeIgniter.php(353): CodeIgniter\CodeIgniter->handleRequest(null, Object(Config\Cache), false)
 4 FCPATH/index.php(79): CodeIgniter\CodeIgniter->run()
WARNING - 2024-08-01 09:11:17 --> [DEPRECATED] Creation of dynamic property App\Controllers\Matches::$validation is deprecated in APPPATH/Controllers/BaseController.php on line 57.
 1 SYSTEMPATH/CodeIgniter.php(892): App\Controllers\BaseController->initController(Object(CodeIgniter\HTTP\IncomingRequest), Object(CodeIgniter\HTTP\Response), Object(CodeIgniter\Log\Logger))
 2 SYSTEMPATH/CodeIgniter.php(485): CodeIgniter\CodeIgniter->createController()
 3 SYSTEMPATH/CodeIgniter.php(353): CodeIgniter\CodeIgniter->handleRequest(null, Object(Config\Cache), false)
 4 FCPATH/index.php(79): CodeIgniter\CodeIgniter->run()
WARNING - 2024-08-01 09:11:17 --> [DEPRECATED] Creation of dynamic property App\Controllers\Matches::$validation is deprecated in APPPATH/Controllers/BaseController.php on line 57.
 1 SYSTEMPATH/CodeIgniter.php(892): App\Controllers\BaseController->initController(Object(CodeIgniter\HTTP\IncomingRequest), Object(CodeIgniter\HTTP\Response), Object(CodeIgniter\Log\Logger))
 2 SYSTEMPATH/CodeIgniter.php(485): CodeIgniter\CodeIgniter->createController()
 3 SYSTEMPATH/CodeIgniter.php(353): CodeIgniter\CodeIgniter->handleRequest(null, Object(Config\Cache), false)
 4 FCPATH/index.php(79): CodeIgniter\CodeIgniter->run()
WARNING - 2024-08-01 09:15:03 --> [DEPRECATED] Creation of dynamic property App\Controllers\Cron\News::$validation is deprecated in APPPATH/Controllers/BaseController.php on line 57.
 1 SYSTEMPATH/CodeIgniter.php(892): App\Controllers\BaseController->initController(Object(CodeIgniter\HTTP\IncomingRequest), Object(CodeIgniter\HTTP\Response), Object(CodeIgniter\Log\Logger))
 2 SYSTEMPATH/CodeIgniter.php(485): CodeIgniter\CodeIgniter->createController()
 3 SYSTEMPATH/CodeIgniter.php(353): CodeIgniter\CodeIgniter->handleRequest(null, Object(Config\Cache), false)
 4 FCPATH/index.php(79): CodeIgniter\CodeIgniter->run()
WARNING - 2024-08-01 09:30:02 --> [DEPRECATED] Creation of dynamic property App\Controllers\Cron\Players::$validation is deprecated in APPPATH/Controllers/BaseController.php on line 57.
 1 SYSTEMPATH/CodeIgniter.php(892): App\Controllers\BaseController->initController(Object(CodeIgniter\HTTP\IncomingRequest), Object(CodeIgniter\HTTP\Response), Object(CodeIgniter\Log\Logger))
 2 SYSTEMPATH/CodeIgniter.php(485): CodeIgniter\CodeIgniter->createController()
 3 SYSTEMPATH/CodeIgniter.php(353): CodeIgniter\CodeIgniter->handleRequest(null, Object(Config\Cache), false)
 4 FCPATH/index.php(79): CodeIgniter\CodeIgniter->run()
WARNING - 2024-08-01 09:30:02 --> [DEPRECATED] Creation of dynamic property App\Controllers\Cron\Matches::$validation is deprecated in APPPATH/Controllers/BaseController.php on line 57.
 1 SYSTEMPATH/CodeIgniter.php(892): App\Controllers\BaseController->initController(Object(CodeIgniter\HTTP\IncomingRequest), Object(CodeIgniter\HTTP\Response), Object(CodeIgniter\Log\Logger))
 2 SYSTEMPATH/CodeIgniter.php(485): CodeIgniter\CodeIgniter->createController()
 3 SYSTEMPATH/CodeIgniter.php(353): CodeIgniter\CodeIgniter->handleRequest(null, Object(Config\Cache), false)
 4 FCPATH/index.php(79): CodeIgniter\CodeIgniter->run()
WARNING - 2024-08-01 09:30:02 --> [DEPRECATED] Creation of dynamic property App\Models\UserModel::$userBankAccoTbl is deprecated in APPPATH/Models/UserModel.php on line 18.
 1 APPPATH/Controllers/Cron/Players.php(34): App\Models\UserModel->__construct()
 2 SYSTEMPATH/CodeIgniter.php(919): App\Controllers\Cron\Players->getMatchPlayers()
 3 SYSTEMPATH/CodeIgniter.php(494): CodeIgniter\CodeIgniter->runController(Object(App\Controllers\Cron\Players))
 4 SYSTEMPATH/CodeIgniter.php(353): CodeIgniter\CodeIgniter->handleRequest(null, Object(Config\Cache), false)
 5 FCPATH/index.php(79): CodeIgniter\CodeIgniter->run()
WARNING - 2024-08-01 11:12:23 --> [DEPRECATED] Creation of dynamic property App\Controllers\Matches::$validation is deprecated in APPPATH/Controllers/BaseController.php on line 57.
 1 SYSTEMPATH/CodeIgniter.php(892): App\Controllers\BaseController->initController(Object(CodeIgniter\HTTP\IncomingRequest), Object(CodeIgniter\HTTP\Response), Object(CodeIgniter\Log\Logger))
 2 SYSTEMPATH/CodeIgniter.php(485): CodeIgniter\CodeIgniter->createController()
 3 SYSTEMPATH/CodeIgniter.php(353): CodeIgniter\CodeIgniter->handleRequest(null, Object(Config\Cache), false)
 4 FCPATH/index.php(79): CodeIgniter\CodeIgniter->run()
WARNING - 2024-08-01 11:12:23 --> [DEPRECATED] Creation of dynamic property App\Controllers\Cron\News::$validation is deprecated in APPPATH/Controllers/BaseController.php on line 57.
 1 SYSTEMPATH/CodeIgniter.php(892): App\Controllers\BaseController->initController(Object(CodeIgniter\HTTP\IncomingRequest), Object(CodeIgniter\HTTP\Response), Object(CodeIgniter\Log\Logger))
 2 SYSTEMPATH/CodeIgniter.php(485): CodeIgniter\CodeIgniter->createController()
 3 SYSTEMPATH/CodeIgniter.php(353): CodeIgniter\CodeIgniter->handleRequest(null, Object(Config\Cache), false)
 4 FCPATH/index.php(79): CodeIgniter\CodeIgniter->run()
WARNING - 2024-08-01 11:12:23 --> [DEPRECATED] Creation of dynamic property App\Controllers\Matches::$validation is deprecated in APPPATH/Controllers/BaseController.php on line 57.
 1 SYSTEMPATH/CodeIgniter.php(892): App\Controllers\BaseController->initController(Object(CodeIgniter\HTTP\IncomingRequest), Object(CodeIgniter\HTTP\Response), Object(CodeIgniter\Log\Logger))
 2 SYSTEMPATH/CodeIgniter.php(485): CodeIgniter\CodeIgniter->createController()
 3 SYSTEMPATH/CodeIgniter.php(353): CodeIgniter\CodeIgniter->handleRequest(null, Object(Config\Cache), false)
 4 FCPATH/index.php(79): CodeIgniter\CodeIgniter->run()
WARNING - 2024-08-01 11:12:25 --> [DEPRECATED] Creation of dynamic property App\Controllers\Matches::$validation is deprecated in APPPATH/Controllers/BaseController.php on line 57.
 1 SYSTEMPATH/CodeIgniter.php(892): App\Controllers\BaseController->initController(Object(CodeIgniter\HTTP\IncomingRequest), Object(CodeIgniter\HTTP\Response), Object(CodeIgniter\Log\Logger))
 2 SYSTEMPATH/CodeIgniter.php(485): CodeIgniter\CodeIgniter->createController()
 3 SYSTEMPATH/CodeIgniter.php(353): CodeIgniter\CodeIgniter->handleRequest(null, Object(Config\Cache), false)
 4 FCPATH/index.php(79): CodeIgniter\CodeIgniter->run()
WARNING - 2024-08-01 11:12:25 --> [DEPRECATED] Creation of dynamic property App\Controllers\Matches::$validation is deprecated in APPPATH/Controllers/BaseController.php on line 57.
 1 SYSTEMPATH/CodeIgniter.php(892): App\Controllers\BaseController->initController(Object(CodeIgniter\HTTP\IncomingRequest), Object(CodeIgniter\HTTP\Response), Object(CodeIgniter\Log\Logger))
 2 SYSTEMPATH/CodeIgniter.php(485): CodeIgniter\CodeIgniter->createController()
 3 SYSTEMPATH/CodeIgniter.php(353): CodeIgniter\CodeIgniter->handleRequest(null, Object(Config\Cache), false)
 4 FCPATH/index.php(79): CodeIgniter\CodeIgniter->run()
WARNING - 2024-08-01 11:12:25 --> [DEPRECATED] Creation of dynamic property App\Controllers\Matches::$validation is deprecated in APPPATH/Controllers/BaseController.php on line 57.
 1 SYSTEMPATH/CodeIgniter.php(892): App\Controllers\BaseController->initController(Object(CodeIgniter\HTTP\IncomingRequest), Object(CodeIgniter\HTTP\Response), Object(CodeIgniter\Log\Logger))
 2 SYSTEMPATH/CodeIgniter.php(485): CodeIgniter\CodeIgniter->createController()
 3 SYSTEMPATH/CodeIgniter.php(353): CodeIgniter\CodeIgniter->handleRequest(null, Object(Config\Cache), false)
 4 FCPATH/index.php(79): CodeIgniter\CodeIgniter->run()
WARNING - 2024-08-01 11:12:29 --> [DEPRECATED] Creation of dynamic property App\Controllers\Matches::$validation is deprecated in APPPATH/Controllers/BaseController.php on line 57.
 1 SYSTEMPATH/CodeIgniter.php(892): App\Controllers\BaseController->initController(Object(CodeIgniter\HTTP\IncomingRequest), Object(CodeIgniter\HTTP\Response), Object(CodeIgniter\Log\Logger))
 2 SYSTEMPATH/CodeIgniter.php(485): CodeIgniter\CodeIgniter->createController()
 3 SYSTEMPATH/CodeIgniter.php(353): CodeIgniter\CodeIgniter->handleRequest(null, Object(Config\Cache), false)
 4 FCPATH/index.php(79): CodeIgniter\CodeIgniter->run()
WARNING - 2024-08-01 11:14:57 --> [DEPRECATED] Creation of dynamic property App\Controllers\Cron\News::$validation is deprecated in APPPATH/Controllers/BaseController.php on line 57.
 1 SYSTEMPATH/CodeIgniter.php(892): App\Controllers\BaseController->initController(Object(CodeIgniter\HTTP\IncomingRequest), Object(CodeIgniter\HTTP\Response), Object(CodeIgniter\Log\Logger))
 2 SYSTEMPATH/CodeIgniter.php(485): CodeIgniter\CodeIgniter->createController()
 3 SYSTEMPATH/CodeIgniter.php(353): CodeIgniter\CodeIgniter->handleRequest(null, Object(Config\Cache), false)
 4 FCPATH/index.php(79): CodeIgniter\CodeIgniter->run()
WARNING - 2024-08-01 11:14:59 --> [DEPRECATED] Creation of dynamic property App\Controllers\Matches::$validation is deprecated in APPPATH/Controllers/BaseController.php on line 57.
 1 SYSTEMPATH/CodeIgniter.php(892): App\Controllers\BaseController->initController(Object(CodeIgniter\HTTP\IncomingRequest), Object(CodeIgniter\HTTP\Response), Object(CodeIgniter\Log\Logger))
 2 SYSTEMPATH/CodeIgniter.php(485): CodeIgniter\CodeIgniter->createController()
 3 SYSTEMPATH/CodeIgniter.php(353): CodeIgniter\CodeIgniter->handleRequest(null, Object(Config\Cache), false)
 4 FCPATH/index.php(79): CodeIgniter\CodeIgniter->run()
WARNING - 2024-08-01 11:15:10 --> [DEPRECATED] Creation of dynamic property App\Controllers\Matches::$validation is deprecated in APPPATH/Controllers/BaseController.php on line 57.
 1 SYSTEMPATH/CodeIgniter.php(892): App\Controllers\BaseController->initController(Object(CodeIgniter\HTTP\IncomingRequest), Object(CodeIgniter\HTTP\Response), Object(CodeIgniter\Log\Logger))
 2 SYSTEMPATH/CodeIgniter.php(485): CodeIgniter\CodeIgniter->createController()
 3 SYSTEMPATH/CodeIgniter.php(353): CodeIgniter\CodeIgniter->handleRequest(null, Object(Config\Cache), false)
 4 FCPATH/index.php(79): CodeIgniter\CodeIgniter->run()
WARNING - 2024-08-01 11:15:15 --> [DEPRECATED] Creation of dynamic property App\Controllers\Matches::$validation is deprecated in APPPATH/Controllers/BaseController.php on line 57.
 1 SYSTEMPATH/CodeIgniter.php(892): App\Controllers\BaseController->initController(Object(CodeIgniter\HTTP\IncomingRequest), Object(CodeIgniter\HTTP\Response), Object(CodeIgniter\Log\Logger))
 2 SYSTEMPATH/CodeIgniter.php(485): CodeIgniter\CodeIgniter->createController()
 3 SYSTEMPATH/CodeIgniter.php(353): CodeIgniter\CodeIgniter->handleRequest(null, Object(Config\Cache), false)
 4 FCPATH/index.php(79): CodeIgniter\CodeIgniter->run()
WARNING - 2024-08-01 11:15:15 --> [DEPRECATED] Creation of dynamic property App\Controllers\Matches::$validation is deprecated in APPPATH/Controllers/BaseController.php on line 57.
 1 SYSTEMPATH/CodeIgniter.php(892): App\Controllers\BaseController->initController(Object(CodeIgniter\HTTP\IncomingRequest), Object(CodeIgniter\HTTP\Response), Object(CodeIgniter\Log\Logger))
 2 SYSTEMPATH/CodeIgniter.php(485): CodeIgniter\CodeIgniter->createController()
 3 SYSTEMPATH/CodeIgniter.php(353): CodeIgniter\CodeIgniter->handleRequest(null, Object(Config\Cache), false)
 4 FCPATH/index.php(79): CodeIgniter\CodeIgniter->run()
WARNING - 2024-08-01 11:15:26 --> [DEPRECATED] Creation of dynamic property App\Controllers\Matches::$validation is deprecated in APPPATH/Controllers/BaseController.php on line 57.
 1 SYSTEMPATH/CodeIgniter.php(892): App\Controllers\BaseController->initController(Object(CodeIgniter\HTTP\IncomingRequest), Object(CodeIgniter\HTTP\Response), Object(CodeIgniter\Log\Logger))
 2 SYSTEMPATH/CodeIgniter.php(485): CodeIgniter\CodeIgniter->createController()
 3 SYSTEMPATH/CodeIgniter.php(353): CodeIgniter\CodeIgniter->handleRequest(null, Object(Config\Cache), false)
 4 FCPATH/index.php(79): CodeIgniter\CodeIgniter->run()
WARNING - 2024-08-01 11:28:58 --> [DEPRECATED] Creation of dynamic property App\Controllers\Cron\News::$validation is deprecated in APPPATH/Controllers/BaseController.php on line 57.
 1 SYSTEMPATH/CodeIgniter.php(892): App\Controllers\BaseController->initController(Object(CodeIgniter\HTTP\IncomingRequest), Object(CodeIgniter\HTTP\Response), Object(CodeIgniter\Log\Logger))
 2 SYSTEMPATH/CodeIgniter.php(485): CodeIgniter\CodeIgniter->createController()
 3 SYSTEMPATH/CodeIgniter.php(353): CodeIgniter\CodeIgniter->handleRequest(null, Object(Config\Cache), false)
 4 FCPATH/index.php(79): CodeIgniter\CodeIgniter->run()
WARNING - 2024-08-01 11:36:16 --> [DEPRECATED] Creation of dynamic property App\Controllers\Matches::$validation is deprecated in APPPATH/Controllers/BaseController.php on line 57.
 1 SYSTEMPATH/CodeIgniter.php(892): App\Controllers\BaseController->initController(Object(CodeIgniter\HTTP\IncomingRequest), Object(CodeIgniter\HTTP\Response), Object(CodeIgniter\Log\Logger))
 2 SYSTEMPATH/CodeIgniter.php(485): CodeIgniter\CodeIgniter->createController()
 3 SYSTEMPATH/CodeIgniter.php(353): CodeIgniter\CodeIgniter->handleRequest(null, Object(Config\Cache), false)
 4 FCPATH/index.php(79): CodeIgniter\CodeIgniter->run()
WARNING - 2024-08-01 11:36:16 --> [DEPRECATED] Creation of dynamic property App\Controllers\Matches::$validation is deprecated in APPPATH/Controllers/BaseController.php on line 57.
 1 SYSTEMPATH/CodeIgniter.php(892): App\Controllers\BaseController->initController(Object(CodeIgniter\HTTP\IncomingRequest), Object(CodeIgniter\HTTP\Response), Object(CodeIgniter\Log\Logger))
 2 SYSTEMPATH/CodeIgniter.php(485): CodeIgniter\CodeIgniter->createController()
 3 SYSTEMPATH/CodeIgniter.php(353): CodeIgniter\CodeIgniter->handleRequest(null, Object(Config\Cache), false)
 4 FCPATH/index.php(79): CodeIgniter\CodeIgniter->run()
WARNING - 2024-08-01 11:36:16 --> [DEPRECATED] Creation of dynamic property App\Controllers\Matches::$validation is deprecated in APPPATH/Controllers/BaseController.php on line 57.
 1 SYSTEMPATH/CodeIgniter.php(892): App\Controllers\BaseController->initController(Object(CodeIgniter\HTTP\IncomingRequest), Object(CodeIgniter\HTTP\Response), Object(CodeIgniter\Log\Logger))
 2 SYSTEMPATH/CodeIgniter.php(485): CodeIgniter\CodeIgniter->createController()
 3 SYSTEMPATH/CodeIgniter.php(353): CodeIgniter\CodeIgniter->handleRequest(null, Object(Config\Cache), false)
 4 FCPATH/index.php(79): CodeIgniter\CodeIgniter->run()
WARNING - 2024-08-01 11:36:16 --> [DEPRECATED] Creation of dynamic property App\Controllers\Cron\News::$validation is deprecated in APPPATH/Controllers/BaseController.php on line 57.
 1 SYSTEMPATH/CodeIgniter.php(892): App\Controllers\BaseController->initController(Object(CodeIgniter\HTTP\IncomingRequest), Object(CodeIgniter\HTTP\Response), Object(CodeIgniter\Log\Logger))
 2 SYSTEMPATH/CodeIgniter.php(485): CodeIgniter\CodeIgniter->createController()
 3 SYSTEMPATH/CodeIgniter.php(353): CodeIgniter\CodeIgniter->handleRequest(null, Object(Config\Cache), false)
 4 FCPATH/index.php(79): CodeIgniter\CodeIgniter->run()
WARNING - 2024-08-01 11:36:16 --> [DEPRECATED] Creation of dynamic property App\Controllers\Matches::$validation is deprecated in APPPATH/Controllers/BaseController.php on line 57.
 1 SYSTEMPATH/CodeIgniter.php(892): App\Controllers\BaseController->initController(Object(CodeIgniter\HTTP\IncomingRequest), Object(CodeIgniter\HTTP\Response), Object(CodeIgniter\Log\Logger))
 2 SYSTEMPATH/CodeIgniter.php(485): CodeIgniter\CodeIgniter->createController()
 3 SYSTEMPATH/CodeIgniter.php(353): CodeIgniter\CodeIgniter->handleRequest(null, Object(Config\Cache), false)
 4 FCPATH/index.php(79): CodeIgniter\CodeIgniter->run()
WARNING - 2024-08-01 11:36:16 --> [DEPRECATED] Creation of dynamic property App\Controllers\Matches::$validation is deprecated in APPPATH/Controllers/BaseController.php on line 57.
 1 SYSTEMPATH/CodeIgniter.php(892): App\Controllers\BaseController->initController(Object(CodeIgniter\HTTP\IncomingRequest), Object(CodeIgniter\HTTP\Response), Object(CodeIgniter\Log\Logger))
 2 SYSTEMPATH/CodeIgniter.php(485): CodeIgniter\CodeIgniter->createController()
 3 SYSTEMPATH/CodeIgniter.php(353): CodeIgniter\CodeIgniter->handleRequest(null, Object(Config\Cache), false)
 4 FCPATH/index.php(79): CodeIgniter\CodeIgniter->run()
WARNING - 2024-08-01 11:36:18 --> [DEPRECATED] Creation of dynamic property App\Controllers\Matches::$validation is deprecated in APPPATH/Controllers/BaseController.php on line 57.
 1 SYSTEMPATH/CodeIgniter.php(892): App\Controllers\BaseController->initController(Object(CodeIgniter\HTTP\IncomingRequest), Object(CodeIgniter\HTTP\Response), Object(CodeIgniter\Log\Logger))
 2 SYSTEMPATH/CodeIgniter.php(485): CodeIgniter\CodeIgniter->createController()
 3 SYSTEMPATH/CodeIgniter.php(353): CodeIgniter\CodeIgniter->handleRequest(null, Object(Config\Cache), false)
 4 FCPATH/index.php(79): CodeIgniter\CodeIgniter->run()
WARNING - 2024-08-01 11:42:35 --> [DEPRECATED] Creation of dynamic property App\Controllers\Cron\News::$validation is deprecated in APPPATH/Controllers/BaseController.php on line 57.
 1 SYSTEMPATH/CodeIgniter.php(892): App\Controllers\BaseController->initController(Object(CodeIgniter\HTTP\IncomingRequest), Object(CodeIgniter\HTTP\Response), Object(CodeIgniter\Log\Logger))
 2 SYSTEMPATH/CodeIgniter.php(485): CodeIgniter\CodeIgniter->createController()
 3 SYSTEMPATH/CodeIgniter.php(353): CodeIgniter\CodeIgniter->handleRequest(null, Object(Config\Cache), false)
 4 FCPATH/index.php(79): CodeIgniter\CodeIgniter->run()
WARNING - 2024-08-01 11:42:35 --> [DEPRECATED] Creation of dynamic property App\Controllers\Matches::$validation is deprecated in APPPATH/Controllers/BaseController.php on line 57.
 1 SYSTEMPATH/CodeIgniter.php(892): App\Controllers\BaseController->initController(Object(CodeIgniter\HTTP\IncomingRequest), Object(CodeIgniter\HTTP\Response), Object(CodeIgniter\Log\Logger))
 2 SYSTEMPATH/CodeIgniter.php(485): CodeIgniter\CodeIgniter->createController()
 3 SYSTEMPATH/CodeIgniter.php(353): CodeIgniter\CodeIgniter->handleRequest(null, Object(Config\Cache), false)
 4 FCPATH/index.php(79): CodeIgniter\CodeIgniter->run()
WARNING - 2024-08-01 11:42:35 --> [DEPRECATED] Creation of dynamic property App\Controllers\Matches::$validation is deprecated in APPPATH/Controllers/BaseController.php on line 57.
 1 SYSTEMPATH/CodeIgniter.php(892): App\Controllers\BaseController->initController(Object(CodeIgniter\HTTP\IncomingRequest), Object(CodeIgniter\HTTP\Response), Object(CodeIgniter\Log\Logger))
 2 SYSTEMPATH/CodeIgniter.php(485): CodeIgniter\CodeIgniter->createController()
 3 SYSTEMPATH/CodeIgniter.php(353): CodeIgniter\CodeIgniter->handleRequest(null, Object(Config\Cache), false)
 4 FCPATH/index.php(79): CodeIgniter\CodeIgniter->run()
WARNING - 2024-08-01 11:42:35 --> [DEPRECATED] Creation of dynamic property App\Controllers\Matches::$validation is deprecated in APPPATH/Controllers/BaseController.php on line 57.
 1 SYSTEMPATH/CodeIgniter.php(892): App\Controllers\BaseController->initController(Object(CodeIgniter\HTTP\IncomingRequest), Object(CodeIgniter\HTTP\Response), Object(CodeIgniter\Log\Logger))
 2 SYSTEMPATH/CodeIgniter.php(485): CodeIgniter\CodeIgniter->createController()
 3 SYSTEMPATH/CodeIgniter.php(353): CodeIgniter\CodeIgniter->handleRequest(null, Object(Config\Cache), false)
 4 FCPATH/index.php(79): CodeIgniter\CodeIgniter->run()
WARNING - 2024-08-01 11:42:36 --> [DEPRECATED] Creation of dynamic property App\Controllers\Matches::$validation is deprecated in APPPATH/Controllers/BaseController.php on line 57.
 1 SYSTEMPATH/CodeIgniter.php(892): App\Controllers\BaseController->initController(Object(CodeIgniter\HTTP\IncomingRequest), Object(CodeIgniter\HTTP\Response), Object(CodeIgniter\Log\Logger))
 2 SYSTEMPATH/CodeIgniter.php(485): CodeIgniter\CodeIgniter->createController()
 3 SYSTEMPATH/CodeIgniter.php(353): CodeIgniter\CodeIgniter->handleRequest(null, Object(Config\Cache), false)
 4 FCPATH/index.php(79): CodeIgniter\CodeIgniter->run()
WARNING - 2024-08-01 11:42:36 --> [DEPRECATED] Creation of dynamic property App\Controllers\Matches::$validation is deprecated in APPPATH/Controllers/BaseController.php on line 57.
 1 SYSTEMPATH/CodeIgniter.php(892): App\Controllers\BaseController->initController(Object(CodeIgniter\HTTP\IncomingRequest), Object(CodeIgniter\HTTP\Response), Object(CodeIgniter\Log\Logger))
 2 SYSTEMPATH/CodeIgniter.php(485): CodeIgniter\CodeIgniter->createController()
 3 SYSTEMPATH/CodeIgniter.php(353): CodeIgniter\CodeIgniter->handleRequest(null, Object(Config\Cache), false)
 4 FCPATH/index.php(79): CodeIgniter\CodeIgniter->run()
WARNING - 2024-08-01 11:42:38 --> [DEPRECATED] Creation of dynamic property App\Controllers\Matches::$validation is deprecated in APPPATH/Controllers/BaseController.php on line 57.
 1 SYSTEMPATH/CodeIgniter.php(892): App\Controllers\BaseController->initController(Object(CodeIgniter\HTTP\IncomingRequest), Object(CodeIgniter\HTTP\Response), Object(CodeIgniter\Log\Logger))
 2 SYSTEMPATH/CodeIgniter.php(485): CodeIgniter\CodeIgniter->createController()
 3 SYSTEMPATH/CodeIgniter.php(353): CodeIgniter\CodeIgniter->handleRequest(null, Object(Config\Cache), false)
 4 FCPATH/index.php(79): CodeIgniter\CodeIgniter->run()
WARNING - 2024-08-01 11:44:07 --> [DEPRECATED] Creation of dynamic property App\Controllers\Cron\News::$validation is deprecated in APPPATH/Controllers/BaseController.php on line 57.
 1 SYSTEMPATH/CodeIgniter.php(892): App\Controllers\BaseController->initController(Object(CodeIgniter\HTTP\IncomingRequest), Object(CodeIgniter\HTTP\Response), Object(CodeIgniter\Log\Logger))
 2 SYSTEMPATH/CodeIgniter.php(485): CodeIgniter\CodeIgniter->createController()
 3 SYSTEMPATH/CodeIgniter.php(353): CodeIgniter\CodeIgniter->handleRequest(null, Object(Config\Cache), false)
 4 FCPATH/index.php(79): CodeIgniter\CodeIgniter->run()
WARNING - 2024-08-01 11:44:07 --> [DEPRECATED] Creation of dynamic property App\Controllers\Matches::$validation is deprecated in APPPATH/Controllers/BaseController.php on line 57.
 1 SYSTEMPATH/CodeIgniter.php(892): App\Controllers\BaseController->initController(Object(CodeIgniter\HTTP\IncomingRequest), Object(CodeIgniter\HTTP\Response), Object(CodeIgniter\Log\Logger))
 2 SYSTEMPATH/CodeIgniter.php(485): CodeIgniter\CodeIgniter->createController()
 3 SYSTEMPATH/CodeIgniter.php(353): CodeIgniter\CodeIgniter->handleRequest(null, Object(Config\Cache), false)
 4 FCPATH/index.php(79): CodeIgniter\CodeIgniter->run()
WARNING - 2024-08-01 11:44:07 --> [DEPRECATED] Creation of dynamic property App\Controllers\Matches::$validation is deprecated in APPPATH/Controllers/BaseController.php on line 57.
 1 SYSTEMPATH/CodeIgniter.php(892): App\Controllers\BaseController->initController(Object(CodeIgniter\HTTP\IncomingRequest), Object(CodeIgniter\HTTP\Response), Object(CodeIgniter\Log\Logger))
 2 SYSTEMPATH/CodeIgniter.php(485): CodeIgniter\CodeIgniter->createController()
 3 SYSTEMPATH/CodeIgniter.php(353): CodeIgniter\CodeIgniter->handleRequest(null, Object(Config\Cache), false)
 4 FCPATH/index.php(79): CodeIgniter\CodeIgniter->run()
WARNING - 2024-08-01 11:44:08 --> [DEPRECATED] Creation of dynamic property App\Controllers\Matches::$validation is deprecated in APPPATH/Controllers/BaseController.php on line 57.
 1 SYSTEMPATH/CodeIgniter.php(892): App\Controllers\BaseController->initController(Object(CodeIgniter\HTTP\IncomingRequest), Object(CodeIgniter\HTTP\Response), Object(CodeIgniter\Log\Logger))
 2 SYSTEMPATH/CodeIgniter.php(485): CodeIgniter\CodeIgniter->createController()
 3 SYSTEMPATH/CodeIgniter.php(353): CodeIgniter\CodeIgniter->handleRequest(null, Object(Config\Cache), false)
 4 FCPATH/index.php(79): CodeIgniter\CodeIgniter->run()
WARNING - 2024-08-01 11:44:08 --> [DEPRECATED] Creation of dynamic property App\Controllers\Matches::$validation is deprecated in APPPATH/Controllers/BaseController.php on line 57.
 1 SYSTEMPATH/CodeIgniter.php(892): App\Controllers\BaseController->initController(Object(CodeIgniter\HTTP\IncomingRequest), Object(CodeIgniter\HTTP\Response), Object(CodeIgniter\Log\Logger))
 2 SYSTEMPATH/CodeIgniter.php(485): CodeIgniter\CodeIgniter->createController()
 3 SYSTEMPATH/CodeIgniter.php(353): CodeIgniter\CodeIgniter->handleRequest(null, Object(Config\Cache), false)
 4 FCPATH/index.php(79): CodeIgniter\CodeIgniter->run()
WARNING - 2024-08-01 11:44:11 --> [DEPRECATED] Creation of dynamic property App\Controllers\Matches::$validation is deprecated in APPPATH/Controllers/BaseController.php on line 57.
 1 SYSTEMPATH/CodeIgniter.php(892): App\Controllers\BaseController->initController(Object(CodeIgniter\HTTP\IncomingRequest), Object(CodeIgniter\HTTP\Response), Object(CodeIgniter\Log\Logger))
 2 SYSTEMPATH/CodeIgniter.php(485): CodeIgniter\CodeIgniter->createController()
 3 SYSTEMPATH/CodeIgniter.php(353): CodeIgniter\CodeIgniter->handleRequest(null, Object(Config\Cache), false)
 4 FCPATH/index.php(79): CodeIgniter\CodeIgniter->run()
WARNING - 2024-08-01 11:52:06 --> [DEPRECATED] Creation of dynamic property App\Controllers\Cron\News::$validation is deprecated in APPPATH/Controllers/BaseController.php on line 57.
 1 SYSTEMPATH/CodeIgniter.php(892): App\Controllers\BaseController->initController(Object(CodeIgniter\HTTP\IncomingRequest), Object(CodeIgniter\HTTP\Response), Object(CodeIgniter\Log\Logger))
 2 SYSTEMPATH/CodeIgniter.php(485): CodeIgniter\CodeIgniter->createController()
 3 SYSTEMPATH/CodeIgniter.php(353): CodeIgniter\CodeIgniter->handleRequest(null, Object(Config\Cache), false)
 4 FCPATH/index.php(79): CodeIgniter\CodeIgniter->run()
WARNING - 2024-08-01 11:52:06 --> [DEPRECATED] Creation of dynamic property App\Controllers\Matches::$validation is deprecated in APPPATH/Controllers/BaseController.php on line 57.
 1 SYSTEMPATH/CodeIgniter.php(892): App\Controllers\BaseController->initController(Object(CodeIgniter\HTTP\IncomingRequest), Object(CodeIgniter\HTTP\Response), Object(CodeIgniter\Log\Logger))
 2 SYSTEMPATH/CodeIgniter.php(485): CodeIgniter\CodeIgniter->createController()
 3 SYSTEMPATH/CodeIgniter.php(353): CodeIgniter\CodeIgniter->handleRequest(null, Object(Config\Cache), false)
 4 FCPATH/index.php(79): CodeIgniter\CodeIgniter->run()
WARNING - 2024-08-01 11:52:06 --> [DEPRECATED] Creation of dynamic property App\Controllers\Matches::$validation is deprecated in APPPATH/Controllers/BaseController.php on line 57.
 1 SYSTEMPATH/CodeIgniter.php(892): App\Controllers\BaseController->initController(Object(CodeIgniter\HTTP\IncomingRequest), Object(CodeIgniter\HTTP\Response), Object(CodeIgniter\Log\Logger))
 2 SYSTEMPATH/CodeIgniter.php(485): CodeIgniter\CodeIgniter->createController()
 3 SYSTEMPATH/CodeIgniter.php(353): CodeIgniter\CodeIgniter->handleRequest(null, Object(Config\Cache), false)
 4 FCPATH/index.php(79): CodeIgniter\CodeIgniter->run()
WARNING - 2024-08-01 11:52:06 --> [DEPRECATED] Creation of dynamic property App\Controllers\Matches::$validation is deprecated in APPPATH/Controllers/BaseController.php on line 57.
 1 SYSTEMPATH/CodeIgniter.php(892): App\Controllers\BaseController->initController(Object(CodeIgniter\HTTP\IncomingRequest), Object(CodeIgniter\HTTP\Response), Object(CodeIgniter\Log\Logger))
 2 SYSTEMPATH/CodeIgniter.php(485): CodeIgniter\CodeIgniter->createController()
 3 SYSTEMPATH/CodeIgniter.php(353): CodeIgniter\CodeIgniter->handleRequest(null, Object(Config\Cache), false)
 4 FCPATH/index.php(79): CodeIgniter\CodeIgniter->run()
WARNING - 2024-08-01 11:52:07 --> [DEPRECATED] Creation of dynamic property App\Controllers\Matches::$validation is deprecated in APPPATH/Controllers/BaseController.php on line 57.
 1 SYSTEMPATH/CodeIgniter.php(892): App\Controllers\BaseController->initController(Object(CodeIgniter\HTTP\IncomingRequest), Object(CodeIgniter\HTTP\Response), Object(CodeIgniter\Log\Logger))
 2 SYSTEMPATH/CodeIgniter.php(485): CodeIgniter\CodeIgniter->createController()
 3 SYSTEMPATH/CodeIgniter.php(353): CodeIgniter\CodeIgniter->handleRequest(null, Object(Config\Cache), false)
 4 FCPATH/index.php(79): CodeIgniter\CodeIgniter->run()
WARNING - 2024-08-01 11:52:07 --> [DEPRECATED] Creation of dynamic property App\Controllers\Matches::$validation is deprecated in APPPATH/Controllers/BaseController.php on line 57.
 1 SYSTEMPATH/CodeIgniter.php(892): App\Controllers\BaseController->initController(Object(CodeIgniter\HTTP\IncomingRequest), Object(CodeIgniter\HTTP\Response), Object(CodeIgniter\Log\Logger))
 2 SYSTEMPATH/CodeIgniter.php(485): CodeIgniter\CodeIgniter->createController()
 3 SYSTEMPATH/CodeIgniter.php(353): CodeIgniter\CodeIgniter->handleRequest(null, Object(Config\Cache), false)
 4 FCPATH/index.php(79): CodeIgniter\CodeIgniter->run()
WARNING - 2024-08-01 12:03:06 --> [DEPRECATED] Creation of dynamic property App\Controllers\Matches::$validation is deprecated in APPPATH/Controllers/BaseController.php on line 57.
 1 SYSTEMPATH/CodeIgniter.php(892): App\Controllers\BaseController->initController(Object(CodeIgniter\HTTP\IncomingRequest), Object(CodeIgniter\HTTP\Response), Object(CodeIgniter\Log\Logger))
 2 SYSTEMPATH/CodeIgniter.php(485): CodeIgniter\CodeIgniter->createController()
 3 SYSTEMPATH/CodeIgniter.php(353): CodeIgniter\CodeIgniter->handleRequest(null, Object(Config\Cache), false)
 4 FCPATH/index.php(79): CodeIgniter\CodeIgniter->run()
WARNING - 2024-08-01 12:03:06 --> [DEPRECATED] Creation of dynamic property App\Controllers\Matches::$validation is deprecated in APPPATH/Controllers/BaseController.php on line 57.
 1 SYSTEMPATH/CodeIgniter.php(892): App\Controllers\BaseController->initController(Object(CodeIgniter\HTTP\IncomingRequest), Object(CodeIgniter\HTTP\Response), Object(CodeIgniter\Log\Logger))
 2 SYSTEMPATH/CodeIgniter.php(485): CodeIgniter\CodeIgniter->createController()
 3 SYSTEMPATH/CodeIgniter.php(353): CodeIgniter\CodeIgniter->handleRequest(null, Object(Config\Cache), false)
 4 FCPATH/index.php(79): CodeIgniter\CodeIgniter->run()
WARNING - 2024-08-01 12:03:06 --> [DEPRECATED] Creation of dynamic property App\Controllers\Cron\News::$validation is deprecated in APPPATH/Controllers/BaseController.php on line 57.
 1 SYSTEMPATH/CodeIgniter.php(892): App\Controllers\BaseController->initController(Object(CodeIgniter\HTTP\IncomingRequest), Object(CodeIgniter\HTTP\Response), Object(CodeIgniter\Log\Logger))
 2 SYSTEMPATH/CodeIgniter.php(485): CodeIgniter\CodeIgniter->createController()
 3 SYSTEMPATH/CodeIgniter.php(353): CodeIgniter\CodeIgniter->handleRequest(null, Object(Config\Cache), false)
 4 FCPATH/index.php(79): CodeIgniter\CodeIgniter->run()
WARNING - 2024-08-01 12:03:06 --> [DEPRECATED] Creation of dynamic property App\Controllers\Matches::$validation is deprecated in APPPATH/Controllers/BaseController.php on line 57.
 1 SYSTEMPATH/CodeIgniter.php(892): App\Controllers\BaseController->initController(Object(CodeIgniter\HTTP\IncomingRequest), Object(CodeIgniter\HTTP\Response), Object(CodeIgniter\Log\Logger))
 2 SYSTEMPATH/CodeIgniter.php(485): CodeIgniter\CodeIgniter->createController()
 3 SYSTEMPATH/CodeIgniter.php(353): CodeIgniter\CodeIgniter->handleRequest(null, Object(Config\Cache), false)
 4 FCPATH/index.php(79): CodeIgniter\CodeIgniter->run()
WARNING - 2024-08-01 12:03:08 --> [DEPRECATED] Creation of dynamic property App\Controllers\Matches::$validation is deprecated in APPPATH/Controllers/BaseController.php on line 57.
 1 SYSTEMPATH/CodeIgniter.php(892): App\Controllers\BaseController->initController(Object(CodeIgniter\HTTP\IncomingRequest), Object(CodeIgniter\HTTP\Response), Object(CodeIgniter\Log\Logger))
 2 SYSTEMPATH/CodeIgniter.php(485): CodeIgniter\CodeIgniter->createController()
 3 SYSTEMPATH/CodeIgniter.php(353): CodeIgniter\CodeIgniter->handleRequest(null, Object(Config\Cache), false)
 4 FCPATH/index.php(79): CodeIgniter\CodeIgniter->run()
WARNING - 2024-08-01 12:03:08 --> [DEPRECATED] Creation of dynamic property App\Controllers\Matches::$validation is deprecated in APPPATH/Controllers/BaseController.php on line 57.
 1 SYSTEMPATH/CodeIgniter.php(892): App\Controllers\BaseController->initController(Object(CodeIgniter\HTTP\IncomingRequest), Object(CodeIgniter\HTTP\Response), Object(CodeIgniter\Log\Logger))
 2 SYSTEMPATH/CodeIgniter.php(485): CodeIgniter\CodeIgniter->createController()
 3 SYSTEMPATH/CodeIgniter.php(353): CodeIgniter\CodeIgniter->handleRequest(null, Object(Config\Cache), false)
 4 FCPATH/index.php(79): CodeIgniter\CodeIgniter->run()
WARNING - 2024-08-01 12:03:12 --> [DEPRECATED] Creation of dynamic property App\Controllers\Matches::$validation is deprecated in APPPATH/Controllers/BaseController.php on line 57.
 1 SYSTEMPATH/CodeIgniter.php(892): App\Controllers\BaseController->initController(Object(CodeIgniter\HTTP\IncomingRequest), Object(CodeIgniter\HTTP\Response), Object(CodeIgniter\Log\Logger))
 2 SYSTEMPATH/CodeIgniter.php(485): CodeIgniter\CodeIgniter->createController()
 3 SYSTEMPATH/CodeIgniter.php(353): CodeIgniter\CodeIgniter->handleRequest(null, Object(Config\Cache), false)
 4 FCPATH/index.php(79): CodeIgniter\CodeIgniter->run()
WARNING - 2024-08-01 12:03:19 --> [DEPRECATED] Creation of dynamic property App\Controllers\Matches::$validation is deprecated in APPPATH/Controllers/BaseController.php on line 57.
 1 SYSTEMPATH/CodeIgniter.php(892): App\Controllers\BaseController->initController(Object(CodeIgniter\HTTP\IncomingRequest), Object(CodeIgniter\HTTP\Response), Object(CodeIgniter\Log\Logger))
 2 SYSTEMPATH/CodeIgniter.php(485): CodeIgniter\CodeIgniter->createController()
 3 SYSTEMPATH/CodeIgniter.php(353): CodeIgniter\CodeIgniter->handleRequest(null, Object(Config\Cache), false)
 4 FCPATH/index.php(79): CodeIgniter\CodeIgniter->run()
WARNING - 2024-08-01 12:03:19 --> [DEPRECATED] Creation of dynamic property App\Controllers\Matches::$validation is deprecated in APPPATH/Controllers/BaseController.php on line 57.
 1 SYSTEMPATH/CodeIgniter.php(892): App\Controllers\BaseController->initController(Object(CodeIgniter\HTTP\IncomingRequest), Object(CodeIgniter\HTTP\Response), Object(CodeIgniter\Log\Logger))
 2 SYSTEMPATH/CodeIgniter.php(485): CodeIgniter\CodeIgniter->createController()
 3 SYSTEMPATH/CodeIgniter.php(353): CodeIgniter\CodeIgniter->handleRequest(null, Object(Config\Cache), false)
 4 FCPATH/index.php(79): CodeIgniter\CodeIgniter->run()
WARNING - 2024-08-01 12:03:19 --> [DEPRECATED] Creation of dynamic property App\Controllers\Cron\News::$validation is deprecated in APPPATH/Controllers/BaseController.php on line 57.
 1 SYSTEMPATH/CodeIgniter.php(892): App\Controllers\BaseController->initController(Object(CodeIgniter\HTTP\IncomingRequest), Object(CodeIgniter\HTTP\Response), Object(CodeIgniter\Log\Logger))
 2 SYSTEMPATH/CodeIgniter.php(485): CodeIgniter\CodeIgniter->createController()
 3 SYSTEMPATH/CodeIgniter.php(353): CodeIgniter\CodeIgniter->handleRequest(null, Object(Config\Cache), false)
 4 FCPATH/index.php(79): CodeIgniter\CodeIgniter->run()
WARNING - 2024-08-01 12:03:19 --> [DEPRECATED] Creation of dynamic property App\Controllers\Matches::$validation is deprecated in APPPATH/Controllers/BaseController.php on line 57.
 1 SYSTEMPATH/CodeIgniter.php(892): App\Controllers\BaseController->initController(Object(CodeIgniter\HTTP\IncomingRequest), Object(CodeIgniter\HTTP\Response), Object(CodeIgniter\Log\Logger))
 2 SYSTEMPATH/CodeIgniter.php(485): CodeIgniter\CodeIgniter->createController()
 3 SYSTEMPATH/CodeIgniter.php(353): CodeIgniter\CodeIgniter->handleRequest(null, Object(Config\Cache), false)
 4 FCPATH/index.php(79): CodeIgniter\CodeIgniter->run()
WARNING - 2024-08-01 12:03:19 --> [DEPRECATED] Creation of dynamic property App\Controllers\Matches::$validation is deprecated in APPPATH/Controllers/BaseController.php on line 57.
 1 SYSTEMPATH/CodeIgniter.php(892): App\Controllers\BaseController->initController(Object(CodeIgniter\HTTP\IncomingRequest), Object(CodeIgniter\HTTP\Response), Object(CodeIgniter\Log\Logger))
 2 SYSTEMPATH/CodeIgniter.php(485): CodeIgniter\CodeIgniter->createController()
 3 SYSTEMPATH/CodeIgniter.php(353): CodeIgniter\CodeIgniter->handleRequest(null, Object(Config\Cache), false)
 4 FCPATH/index.php(79): CodeIgniter\CodeIgniter->run()
WARNING - 2024-08-01 12:03:20 --> [DEPRECATED] Creation of dynamic property App\Controllers\Matches::$validation is deprecated in APPPATH/Controllers/BaseController.php on line 57.
 1 SYSTEMPATH/CodeIgniter.php(892): App\Controllers\BaseController->initController(Object(CodeIgniter\HTTP\IncomingRequest), Object(CodeIgniter\HTTP\Response), Object(CodeIgniter\Log\Logger))
 2 SYSTEMPATH/CodeIgniter.php(485): CodeIgniter\CodeIgniter->createController()
 3 SYSTEMPATH/CodeIgniter.php(353): CodeIgniter\CodeIgniter->handleRequest(null, Object(Config\Cache), false)
 4 FCPATH/index.php(79): CodeIgniter\CodeIgniter->run()
WARNING - 2024-08-01 12:03:23 --> [DEPRECATED] Creation of dynamic property App\Controllers\Matches::$validation is deprecated in APPPATH/Controllers/BaseController.php on line 57.
 1 SYSTEMPATH/CodeIgniter.php(892): App\Controllers\BaseController->initController(Object(CodeIgniter\HTTP\IncomingRequest), Object(CodeIgniter\HTTP\Response), Object(CodeIgniter\Log\Logger))
 2 SYSTEMPATH/CodeIgniter.php(485): CodeIgniter\CodeIgniter->createController()
 3 SYSTEMPATH/CodeIgniter.php(353): CodeIgniter\CodeIgniter->handleRequest(null, Object(Config\Cache), false)
 4 FCPATH/index.php(79): CodeIgniter\CodeIgniter->run()
WARNING - 2024-08-01 12:04:22 --> [DEPRECATED] Creation of dynamic property App\Controllers\Matches::$validation is deprecated in APPPATH/Controllers/BaseController.php on line 57.
 1 SYSTEMPATH/CodeIgniter.php(892): App\Controllers\BaseController->initController(Object(CodeIgniter\HTTP\IncomingRequest), Object(CodeIgniter\HTTP\Response), Object(CodeIgniter\Log\Logger))
 2 SYSTEMPATH/CodeIgniter.php(485): CodeIgniter\CodeIgniter->createController()
 3 SYSTEMPATH/CodeIgniter.php(353): CodeIgniter\CodeIgniter->handleRequest(null, Object(Config\Cache), false)
 4 FCPATH/index.php(79): CodeIgniter\CodeIgniter->run()
WARNING - 2024-08-01 12:04:22 --> [DEPRECATED] Creation of dynamic property App\Controllers\Matches::$validation is deprecated in APPPATH/Controllers/BaseController.php on line 57.
 1 SYSTEMPATH/CodeIgniter.php(892): App\Controllers\BaseController->initController(Object(CodeIgniter\HTTP\IncomingRequest), Object(CodeIgniter\HTTP\Response), Object(CodeIgniter\Log\Logger))
 2 SYSTEMPATH/CodeIgniter.php(485): CodeIgniter\CodeIgniter->createController()
 3 SYSTEMPATH/CodeIgniter.php(353): CodeIgniter\CodeIgniter->handleRequest(null, Object(Config\Cache), false)
 4 FCPATH/index.php(79): CodeIgniter\CodeIgniter->run()
WARNING - 2024-08-01 12:04:22 --> [DEPRECATED] Creation of dynamic property App\Controllers\Cron\News::$validation is deprecated in APPPATH/Controllers/BaseController.php on line 57.
 1 SYSTEMPATH/CodeIgniter.php(892): App\Controllers\BaseController->initController(Object(CodeIgniter\HTTP\IncomingRequest), Object(CodeIgniter\HTTP\Response), Object(CodeIgniter\Log\Logger))
 2 SYSTEMPATH/CodeIgniter.php(485): CodeIgniter\CodeIgniter->createController()
 3 SYSTEMPATH/CodeIgniter.php(353): CodeIgniter\CodeIgniter->handleRequest(null, Object(Config\Cache), false)
 4 FCPATH/index.php(79): CodeIgniter\CodeIgniter->run()
WARNING - 2024-08-01 12:04:23 --> [DEPRECATED] Creation of dynamic property App\Controllers\Matches::$validation is deprecated in APPPATH/Controllers/BaseController.php on line 57.
 1 SYSTEMPATH/CodeIgniter.php(892): App\Controllers\BaseController->initController(Object(CodeIgniter\HTTP\IncomingRequest), Object(CodeIgniter\HTTP\Response), Object(CodeIgniter\Log\Logger))
 2 SYSTEMPATH/CodeIgniter.php(485): CodeIgniter\CodeIgniter->createController()
 3 SYSTEMPATH/CodeIgniter.php(353): CodeIgniter\CodeIgniter->handleRequest(null, Object(Config\Cache), false)
 4 FCPATH/index.php(79): CodeIgniter\CodeIgniter->run()
WARNING - 2024-08-01 12:04:23 --> [DEPRECATED] Creation of dynamic property App\Controllers\Matches::$validation is deprecated in APPPATH/Controllers/BaseController.php on line 57.
 1 SYSTEMPATH/CodeIgniter.php(892): App\Controllers\BaseController->initController(Object(CodeIgniter\HTTP\IncomingRequest), Object(CodeIgniter\HTTP\Response), Object(CodeIgniter\Log\Logger))
 2 SYSTEMPATH/CodeIgniter.php(485): CodeIgniter\CodeIgniter->createController()
 3 SYSTEMPATH/CodeIgniter.php(353): CodeIgniter\CodeIgniter->handleRequest(null, Object(Config\Cache), false)
 4 FCPATH/index.php(79): CodeIgniter\CodeIgniter->run()
WARNING - 2024-08-01 12:04:24 --> [DEPRECATED] Creation of dynamic property App\Controllers\Matches::$validation is deprecated in APPPATH/Controllers/BaseController.php on line 57.
 1 SYSTEMPATH/CodeIgniter.php(892): App\Controllers\BaseController->initController(Object(CodeIgniter\HTTP\IncomingRequest), Object(CodeIgniter\HTTP\Response), Object(CodeIgniter\Log\Logger))
 2 SYSTEMPATH/CodeIgniter.php(485): CodeIgniter\CodeIgniter->createController()
 3 SYSTEMPATH/CodeIgniter.php(353): CodeIgniter\CodeIgniter->handleRequest(null, Object(Config\Cache), false)
 4 FCPATH/index.php(79): CodeIgniter\CodeIgniter->run()
WARNING - 2024-08-01 12:04:26 --> [DEPRECATED] Creation of dynamic property App\Controllers\Matches::$validation is deprecated in APPPATH/Controllers/BaseController.php on line 57.
 1 SYSTEMPATH/CodeIgniter.php(892): App\Controllers\BaseController->initController(Object(CodeIgniter\HTTP\IncomingRequest), Object(CodeIgniter\HTTP\Response), Object(CodeIgniter\Log\Logger))
 2 SYSTEMPATH/CodeIgniter.php(485): CodeIgniter\CodeIgniter->createController()
 3 SYSTEMPATH/CodeIgniter.php(353): CodeIgniter\CodeIgniter->handleRequest(null, Object(Config\Cache), false)
 4 FCPATH/index.php(79): CodeIgniter\CodeIgniter->run()
WARNING - 2024-08-01 12:05:25 --> [DEPRECATED] Creation of dynamic property App\Controllers\Matches::$validation is deprecated in APPPATH/Controllers/BaseController.php on line 57.
 1 SYSTEMPATH/CodeIgniter.php(892): App\Controllers\BaseController->initController(Object(CodeIgniter\HTTP\IncomingRequest), Object(CodeIgniter\HTTP\Response), Object(CodeIgniter\Log\Logger))
 2 SYSTEMPATH/CodeIgniter.php(485): CodeIgniter\CodeIgniter->createController()
 3 SYSTEMPATH/CodeIgniter.php(353): CodeIgniter\CodeIgniter->handleRequest(null, Object(Config\Cache), false)
 4 FCPATH/index.php(79): CodeIgniter\CodeIgniter->run()
WARNING - 2024-08-01 12:05:25 --> [DEPRECATED] Creation of dynamic property App\Controllers\Cron\News::$validation is deprecated in APPPATH/Controllers/BaseController.php on line 57.
 1 SYSTEMPATH/CodeIgniter.php(892): App\Controllers\BaseController->initController(Object(CodeIgniter\HTTP\IncomingRequest), Object(CodeIgniter\HTTP\Response), Object(CodeIgniter\Log\Logger))
 2 SYSTEMPATH/CodeIgniter.php(485): CodeIgniter\CodeIgniter->createController()
 3 SYSTEMPATH/CodeIgniter.php(353): CodeIgniter\CodeIgniter->handleRequest(null, Object(Config\Cache), false)
 4 FCPATH/index.php(79): CodeIgniter\CodeIgniter->run()
WARNING - 2024-08-01 12:05:25 --> [DEPRECATED] Creation of dynamic property App\Controllers\Matches::$validation is deprecated in APPPATH/Controllers/BaseController.php on line 57.
 1 SYSTEMPATH/CodeIgniter.php(892): App\Controllers\BaseController->initController(Object(CodeIgniter\HTTP\IncomingRequest), Object(CodeIgniter\HTTP\Response), Object(CodeIgniter\Log\Logger))
 2 SYSTEMPATH/CodeIgniter.php(485): CodeIgniter\CodeIgniter->createController()
 3 SYSTEMPATH/CodeIgniter.php(353): CodeIgniter\CodeIgniter->handleRequest(null, Object(Config\Cache), false)
 4 FCPATH/index.php(79): CodeIgniter\CodeIgniter->run()
WARNING - 2024-08-01 12:05:27 --> [DEPRECATED] Creation of dynamic property App\Controllers\Matches::$validation is deprecated in APPPATH/Controllers/BaseController.php on line 57.
 1 SYSTEMPATH/CodeIgniter.php(892): App\Controllers\BaseController->initController(Object(CodeIgniter\HTTP\IncomingRequest), Object(CodeIgniter\HTTP\Response), Object(CodeIgniter\Log\Logger))
 2 SYSTEMPATH/CodeIgniter.php(485): CodeIgniter\CodeIgniter->createController()
 3 SYSTEMPATH/CodeIgniter.php(353): CodeIgniter\CodeIgniter->handleRequest(null, Object(Config\Cache), false)
 4 FCPATH/index.php(79): CodeIgniter\CodeIgniter->run()
WARNING - 2024-08-01 12:05:27 --> [DEPRECATED] Creation of dynamic property App\Controllers\Matches::$validation is deprecated in APPPATH/Controllers/BaseController.php on line 57.
 1 SYSTEMPATH/CodeIgniter.php(892): App\Controllers\BaseController->initController(Object(CodeIgniter\HTTP\IncomingRequest), Object(CodeIgniter\HTTP\Response), Object(CodeIgniter\Log\Logger))
 2 SYSTEMPATH/CodeIgniter.php(485): CodeIgniter\CodeIgniter->createController()
 3 SYSTEMPATH/CodeIgniter.php(353): CodeIgniter\CodeIgniter->handleRequest(null, Object(Config\Cache), false)
 4 FCPATH/index.php(79): CodeIgniter\CodeIgniter->run()
WARNING - 2024-08-01 12:05:28 --> [DEPRECATED] Creation of dynamic property App\Controllers\Matches::$validation is deprecated in APPPATH/Controllers/BaseController.php on line 57.
 1 SYSTEMPATH/CodeIgniter.php(892): App\Controllers\BaseController->initController(Object(CodeIgniter\HTTP\IncomingRequest), Object(CodeIgniter\HTTP\Response), Object(CodeIgniter\Log\Logger))
 2 SYSTEMPATH/CodeIgniter.php(485): CodeIgniter\CodeIgniter->createController()
 3 SYSTEMPATH/CodeIgniter.php(353): CodeIgniter\CodeIgniter->handleRequest(null, Object(Config\Cache), false)
 4 FCPATH/index.php(79): CodeIgniter\CodeIgniter->run()
WARNING - 2024-08-01 12:05:30 --> [DEPRECATED] Creation of dynamic property App\Controllers\Matches::$validation is deprecated in APPPATH/Controllers/BaseController.php on line 57.
 1 SYSTEMPATH/CodeIgniter.php(892): App\Controllers\BaseController->initController(Object(CodeIgniter\HTTP\IncomingRequest), Object(CodeIgniter\HTTP\Response), Object(CodeIgniter\Log\Logger))
 2 SYSTEMPATH/CodeIgniter.php(485): CodeIgniter\CodeIgniter->createController()
 3 SYSTEMPATH/CodeIgniter.php(353): CodeIgniter\CodeIgniter->handleRequest(null, Object(Config\Cache), false)
 4 FCPATH/index.php(79): CodeIgniter\CodeIgniter->run()
WARNING - 2024-08-01 12:06:56 --> [DEPRECATED] Creation of dynamic property App\Controllers\Matches::$validation is deprecated in APPPATH/Controllers/BaseController.php on line 57.
 1 SYSTEMPATH/CodeIgniter.php(892): App\Controllers\BaseController->initController(Object(CodeIgniter\HTTP\IncomingRequest), Object(CodeIgniter\HTTP\Response), Object(CodeIgniter\Log\Logger))
 2 SYSTEMPATH/CodeIgniter.php(485): CodeIgniter\CodeIgniter->createController()
 3 SYSTEMPATH/CodeIgniter.php(353): CodeIgniter\CodeIgniter->handleRequest(null, Object(Config\Cache), false)
 4 FCPATH/index.php(79): CodeIgniter\CodeIgniter->run()
WARNING - 2024-08-01 12:06:56 --> [DEPRECATED] Creation of dynamic property App\Controllers\Matches::$validation is deprecated in APPPATH/Controllers/BaseController.php on line 57.
 1 SYSTEMPATH/CodeIgniter.php(892): App\Controllers\BaseController->initController(Object(CodeIgniter\HTTP\IncomingRequest), Object(CodeIgniter\HTTP\Response), Object(CodeIgniter\Log\Logger))
 2 SYSTEMPATH/CodeIgniter.php(485): CodeIgniter\CodeIgniter->createController()
 3 SYSTEMPATH/CodeIgniter.php(353): CodeIgniter\CodeIgniter->handleRequest(null, Object(Config\Cache), false)
 4 FCPATH/index.php(79): CodeIgniter\CodeIgniter->run()
WARNING - 2024-08-01 12:06:56 --> [DEPRECATED] Creation of dynamic property App\Controllers\Cron\News::$validation is deprecated in APPPATH/Controllers/BaseController.php on line 57.
 1 SYSTEMPATH/CodeIgniter.php(892): App\Controllers\BaseController->initController(Object(CodeIgniter\HTTP\IncomingRequest), Object(CodeIgniter\HTTP\Response), Object(CodeIgniter\Log\Logger))
 2 SYSTEMPATH/CodeIgniter.php(485): CodeIgniter\CodeIgniter->createController()
 3 SYSTEMPATH/CodeIgniter.php(353): CodeIgniter\CodeIgniter->handleRequest(null, Object(Config\Cache), false)
 4 FCPATH/index.php(79): CodeIgniter\CodeIgniter->run()
WARNING - 2024-08-01 12:06:57 --> [DEPRECATED] Creation of dynamic property App\Controllers\Matches::$validation is deprecated in APPPATH/Controllers/BaseController.php on line 57.
 1 SYSTEMPATH/CodeIgniter.php(892): App\Controllers\BaseController->initController(Object(CodeIgniter\HTTP\IncomingRequest), Object(CodeIgniter\HTTP\Response), Object(CodeIgniter\Log\Logger))
 2 SYSTEMPATH/CodeIgniter.php(485): CodeIgniter\CodeIgniter->createController()
 3 SYSTEMPATH/CodeIgniter.php(353): CodeIgniter\CodeIgniter->handleRequest(null, Object(Config\Cache), false)
 4 FCPATH/index.php(79): CodeIgniter\CodeIgniter->run()
WARNING - 2024-08-01 12:07:00 --> [DEPRECATED] Creation of dynamic property App\Controllers\Matches::$validation is deprecated in APPPATH/Controllers/BaseController.php on line 57.
 1 SYSTEMPATH/CodeIgniter.php(892): App\Controllers\BaseController->initController(Object(CodeIgniter\HTTP\IncomingRequest), Object(CodeIgniter\HTTP\Response), Object(CodeIgniter\Log\Logger))
 2 SYSTEMPATH/CodeIgniter.php(485): CodeIgniter\CodeIgniter->createController()
 3 SYSTEMPATH/CodeIgniter.php(353): CodeIgniter\CodeIgniter->handleRequest(null, Object(Config\Cache), false)
 4 FCPATH/index.php(79): CodeIgniter\CodeIgniter->run()
WARNING - 2024-08-01 12:07:00 --> [DEPRECATED] Creation of dynamic property App\Controllers\Matches::$validation is deprecated in APPPATH/Controllers/BaseController.php on line 57.
 1 SYSTEMPATH/CodeIgniter.php(892): App\Controllers\BaseController->initController(Object(CodeIgniter\HTTP\IncomingRequest), Object(CodeIgniter\HTTP\Response), Object(CodeIgniter\Log\Logger))
 2 SYSTEMPATH/CodeIgniter.php(485): CodeIgniter\CodeIgniter->createController()
 3 SYSTEMPATH/CodeIgniter.php(353): CodeIgniter\CodeIgniter->handleRequest(null, Object(Config\Cache), false)
 4 FCPATH/index.php(79): CodeIgniter\CodeIgniter->run()
WARNING - 2024-08-01 12:07:05 --> [DEPRECATED] Creation of dynamic property App\Controllers\Matches::$validation is deprecated in APPPATH/Controllers/BaseController.php on line 57.
 1 SYSTEMPATH/CodeIgniter.php(892): App\Controllers\BaseController->initController(Object(CodeIgniter\HTTP\IncomingRequest), Object(CodeIgniter\HTTP\Response), Object(CodeIgniter\Log\Logger))
 2 SYSTEMPATH/CodeIgniter.php(485): CodeIgniter\CodeIgniter->createController()
 3 SYSTEMPATH/CodeIgniter.php(353): CodeIgniter\CodeIgniter->handleRequest(null, Object(Config\Cache), false)
 4 FCPATH/index.php(79): CodeIgniter\CodeIgniter->run()
WARNING - 2024-08-01 12:10:57 --> [DEPRECATED] Creation of dynamic property App\Controllers\Matches::$validation is deprecated in APPPATH/Controllers/BaseController.php on line 57.
 1 SYSTEMPATH/CodeIgniter.php(892): App\Controllers\BaseController->initController(Object(CodeIgniter\HTTP\IncomingRequest), Object(CodeIgniter\HTTP\Response), Object(CodeIgniter\Log\Logger))
 2 SYSTEMPATH/CodeIgniter.php(485): CodeIgniter\CodeIgniter->createController()
 3 SYSTEMPATH/CodeIgniter.php(353): CodeIgniter\CodeIgniter->handleRequest(null, Object(Config\Cache), false)
 4 FCPATH/index.php(79): CodeIgniter\CodeIgniter->run()
WARNING - 2024-08-01 12:10:57 --> [DEPRECATED] Creation of dynamic property App\Controllers\Matches::$validation is deprecated in APPPATH/Controllers/BaseController.php on line 57.
 1 SYSTEMPATH/CodeIgniter.php(892): App\Controllers\BaseController->initController(Object(CodeIgniter\HTTP\IncomingRequest), Object(CodeIgniter\HTTP\Response), Object(CodeIgniter\Log\Logger))
 2 SYSTEMPATH/CodeIgniter.php(485): CodeIgniter\CodeIgniter->createController()
 3 SYSTEMPATH/CodeIgniter.php(353): CodeIgniter\CodeIgniter->handleRequest(null, Object(Config\Cache), false)
 4 FCPATH/index.php(79): CodeIgniter\CodeIgniter->run()
WARNING - 2024-08-01 12:10:57 --> [DEPRECATED] Creation of dynamic property App\Controllers\Cron\News::$validation is deprecated in APPPATH/Controllers/BaseController.php on line 57.
 1 SYSTEMPATH/CodeIgniter.php(892): App\Controllers\BaseController->initController(Object(CodeIgniter\HTTP\IncomingRequest), Object(CodeIgniter\HTTP\Response), Object(CodeIgniter\Log\Logger))
 2 SYSTEMPATH/CodeIgniter.php(485): CodeIgniter\CodeIgniter->createController()
 3 SYSTEMPATH/CodeIgniter.php(353): CodeIgniter\CodeIgniter->handleRequest(null, Object(Config\Cache), false)
 4 FCPATH/index.php(79): CodeIgniter\CodeIgniter->run()
WARNING - 2024-08-01 12:10:57 --> [DEPRECATED] Creation of dynamic property App\Controllers\Matches::$validation is deprecated in APPPATH/Controllers/BaseController.php on line 57.
 1 SYSTEMPATH/CodeIgniter.php(892): App\Controllers\BaseController->initController(Object(CodeIgniter\HTTP\IncomingRequest), Object(CodeIgniter\HTTP\Response), Object(CodeIgniter\Log\Logger))
 2 SYSTEMPATH/CodeIgniter.php(485): CodeIgniter\CodeIgniter->createController()
 3 SYSTEMPATH/CodeIgniter.php(353): CodeIgniter\CodeIgniter->handleRequest(null, Object(Config\Cache), false)
 4 FCPATH/index.php(79): CodeIgniter\CodeIgniter->run()
WARNING - 2024-08-01 12:10:57 --> [DEPRECATED] Creation of dynamic property App\Controllers\Matches::$validation is deprecated in APPPATH/Controllers/BaseController.php on line 57.
 1 SYSTEMPATH/CodeIgniter.php(892): App\Controllers\BaseController->initController(Object(CodeIgniter\HTTP\IncomingRequest), Object(CodeIgniter\HTTP\Response), Object(CodeIgniter\Log\Logger))
 2 SYSTEMPATH/CodeIgniter.php(485): CodeIgniter\CodeIgniter->createController()
 3 SYSTEMPATH/CodeIgniter.php(353): CodeIgniter\CodeIgniter->handleRequest(null, Object(Config\Cache), false)
 4 FCPATH/index.php(79): CodeIgniter\CodeIgniter->run()
WARNING - 2024-08-01 12:10:58 --> [DEPRECATED] Creation of dynamic property App\Controllers\Matches::$validation is deprecated in APPPATH/Controllers/BaseController.php on line 57.
 1 SYSTEMPATH/CodeIgniter.php(892): App\Controllers\BaseController->initController(Object(CodeIgniter\HTTP\IncomingRequest), Object(CodeIgniter\HTTP\Response), Object(CodeIgniter\Log\Logger))
 2 SYSTEMPATH/CodeIgniter.php(485): CodeIgniter\CodeIgniter->createController()
 3 SYSTEMPATH/CodeIgniter.php(353): CodeIgniter\CodeIgniter->handleRequest(null, Object(Config\Cache), false)
 4 FCPATH/index.php(79): CodeIgniter\CodeIgniter->run()
WARNING - 2024-08-01 12:11:00 --> [DEPRECATED] Creation of dynamic property App\Controllers\Matches::$validation is deprecated in APPPATH/Controllers/BaseController.php on line 57.
 1 SYSTEMPATH/CodeIgniter.php(892): App\Controllers\BaseController->initController(Object(CodeIgniter\HTTP\IncomingRequest), Object(CodeIgniter\HTTP\Response), Object(CodeIgniter\Log\Logger))
 2 SYSTEMPATH/CodeIgniter.php(485): CodeIgniter\CodeIgniter->createController()
 3 SYSTEMPATH/CodeIgniter.php(353): CodeIgniter\CodeIgniter->handleRequest(null, Object(Config\Cache), false)
 4 FCPATH/index.php(79): CodeIgniter\CodeIgniter->run()
WARNING - 2024-08-01 12:28:09 --> [DEPRECATED] Creation of dynamic property App\Controllers\Matches::$validation is deprecated in APPPATH/Controllers/BaseController.php on line 57.
 1 SYSTEMPATH/CodeIgniter.php(892): App\Controllers\BaseController->initController(Object(CodeIgniter\HTTP\IncomingRequest), Object(CodeIgniter\HTTP\Response), Object(CodeIgniter\Log\Logger))
 2 SYSTEMPATH/CodeIgniter.php(485): CodeIgniter\CodeIgniter->createController()
 3 SYSTEMPATH/CodeIgniter.php(353): CodeIgniter\CodeIgniter->handleRequest(null, Object(Config\Cache), false)
 4 FCPATH/index.php(79): CodeIgniter\CodeIgniter->run()
WARNING - 2024-08-01 12:28:09 --> [DEPRECATED] Creation of dynamic property App\Controllers\Matches::$validation is deprecated in APPPATH/Controllers/BaseController.php on line 57.
 1 SYSTEMPATH/CodeIgniter.php(892): App\Controllers\BaseController->initController(Object(CodeIgniter\HTTP\IncomingRequest), Object(CodeIgniter\HTTP\Response), Object(CodeIgniter\Log\Logger))
 2 SYSTEMPATH/CodeIgniter.php(485): CodeIgniter\CodeIgniter->createController()
 3 SYSTEMPATH/CodeIgniter.php(353): CodeIgniter\CodeIgniter->handleRequest(null, Object(Config\Cache), false)
 4 FCPATH/index.php(79): CodeIgniter\CodeIgniter->run()
WARNING - 2024-08-01 12:28:09 --> [DEPRECATED] Creation of dynamic property App\Controllers\Cron\News::$validation is deprecated in APPPATH/Controllers/BaseController.php on line 57.
 1 SYSTEMPATH/CodeIgniter.php(892): App\Controllers\BaseController->initController(Object(CodeIgniter\HTTP\IncomingRequest), Object(CodeIgniter\HTTP\Response), Object(CodeIgniter\Log\Logger))
 2 SYSTEMPATH/CodeIgniter.php(485): CodeIgniter\CodeIgniter->createController()
 3 SYSTEMPATH/CodeIgniter.php(353): CodeIgniter\CodeIgniter->handleRequest(null, Object(Config\Cache), false)
 4 FCPATH/index.php(79): CodeIgniter\CodeIgniter->run()
WARNING - 2024-08-01 12:28:09 --> [DEPRECATED] Creation of dynamic property App\Controllers\Matches::$validation is deprecated in APPPATH/Controllers/BaseController.php on line 57.
 1 SYSTEMPATH/CodeIgniter.php(892): App\Controllers\BaseController->initController(Object(CodeIgniter\HTTP\IncomingRequest), Object(CodeIgniter\HTTP\Response), Object(CodeIgniter\Log\Logger))
 2 SYSTEMPATH/CodeIgniter.php(485): CodeIgniter\CodeIgniter->createController()
 3 SYSTEMPATH/CodeIgniter.php(353): CodeIgniter\CodeIgniter->handleRequest(null, Object(Config\Cache), false)
 4 FCPATH/index.php(79): CodeIgniter\CodeIgniter->run()
WARNING - 2024-08-01 12:28:11 --> [DEPRECATED] Creation of dynamic property App\Controllers\Matches::$validation is deprecated in APPPATH/Controllers/BaseController.php on line 57.
 1 SYSTEMPATH/CodeIgniter.php(892): App\Controllers\BaseController->initController(Object(CodeIgniter\HTTP\IncomingRequest), Object(CodeIgniter\HTTP\Response), Object(CodeIgniter\Log\Logger))
 2 SYSTEMPATH/CodeIgniter.php(485): CodeIgniter\CodeIgniter->createController()
 3 SYSTEMPATH/CodeIgniter.php(353): CodeIgniter\CodeIgniter->handleRequest(null, Object(Config\Cache), false)
 4 FCPATH/index.php(79): CodeIgniter\CodeIgniter->run()
WARNING - 2024-08-01 12:28:12 --> [DEPRECATED] Creation of dynamic property App\Controllers\Matches::$validation is deprecated in APPPATH/Controllers/BaseController.php on line 57.
 1 SYSTEMPATH/CodeIgniter.php(892): App\Controllers\BaseController->initController(Object(CodeIgniter\HTTP\IncomingRequest), Object(CodeIgniter\HTTP\Response), Object(CodeIgniter\Log\Logger))
 2 SYSTEMPATH/CodeIgniter.php(485): CodeIgniter\CodeIgniter->createController()
 3 SYSTEMPATH/CodeIgniter.php(353): CodeIgniter\CodeIgniter->handleRequest(null, Object(Config\Cache), false)
 4 FCPATH/index.php(79): CodeIgniter\CodeIgniter->run()
WARNING - 2024-08-01 12:28:16 --> [DEPRECATED] Creation of dynamic property App\Controllers\Matches::$validation is deprecated in APPPATH/Controllers/BaseController.php on line 57.
 1 SYSTEMPATH/CodeIgniter.php(892): App\Controllers\BaseController->initController(Object(CodeIgniter\HTTP\IncomingRequest), Object(CodeIgniter\HTTP\Response), Object(CodeIgniter\Log\Logger))
 2 SYSTEMPATH/CodeIgniter.php(485): CodeIgniter\CodeIgniter->createController()
 3 SYSTEMPATH/CodeIgniter.php(353): CodeIgniter\CodeIgniter->handleRequest(null, Object(Config\Cache), false)
 4 FCPATH/index.php(79): CodeIgniter\CodeIgniter->run()
WARNING - 2024-08-01 12:30:02 --> [DEPRECATED] Creation of dynamic property App\Controllers\Cron\Players::$validation is deprecated in APPPATH/Controllers/BaseController.php on line 57.
 1 SYSTEMPATH/CodeIgniter.php(892): App\Controllers\BaseController->initController(Object(CodeIgniter\HTTP\IncomingRequest), Object(CodeIgniter\HTTP\Response), Object(CodeIgniter\Log\Logger))
 2 SYSTEMPATH/CodeIgniter.php(485): CodeIgniter\CodeIgniter->createController()
 3 SYSTEMPATH/CodeIgniter.php(353): CodeIgniter\CodeIgniter->handleRequest(null, Object(Config\Cache), false)
 4 FCPATH/index.php(79): CodeIgniter\CodeIgniter->run()
WARNING - 2024-08-01 12:30:02 --> [DEPRECATED] Creation of dynamic property App\Controllers\Cron\Matches::$validation is deprecated in APPPATH/Controllers/BaseController.php on line 57.
 1 SYSTEMPATH/CodeIgniter.php(892): App\Controllers\BaseController->initController(Object(CodeIgniter\HTTP\IncomingRequest), Object(CodeIgniter\HTTP\Response), Object(CodeIgniter\Log\Logger))
 2 SYSTEMPATH/CodeIgniter.php(485): CodeIgniter\CodeIgniter->createController()
 3 SYSTEMPATH/CodeIgniter.php(353): CodeIgniter\CodeIgniter->handleRequest(null, Object(Config\Cache), false)
 4 FCPATH/index.php(79): CodeIgniter\CodeIgniter->run()
WARNING - 2024-08-01 12:30:02 --> [DEPRECATED] Creation of dynamic property App\Models\UserModel::$userBankAccoTbl is deprecated in APPPATH/Models/UserModel.php on line 18.
 1 APPPATH/Controllers/Cron/Players.php(34): App\Models\UserModel->__construct()
 2 SYSTEMPATH/CodeIgniter.php(919): App\Controllers\Cron\Players->getMatchPlayers()
 3 SYSTEMPATH/CodeIgniter.php(494): CodeIgniter\CodeIgniter->runController(Object(App\Controllers\Cron\Players))
 4 SYSTEMPATH/CodeIgniter.php(353): CodeIgniter\CodeIgniter->handleRequest(null, Object(Config\Cache), false)
 5 FCPATH/index.php(79): CodeIgniter\CodeIgniter->run()
WARNING - 2024-08-01 12:30:31 --> [DEPRECATED] Creation of dynamic property App\Controllers\Matches::$validation is deprecated in APPPATH/Controllers/BaseController.php on line 57.
 1 SYSTEMPATH/CodeIgniter.php(892): App\Controllers\BaseController->initController(Object(CodeIgniter\HTTP\IncomingRequest), Object(CodeIgniter\HTTP\Response), Object(CodeIgniter\Log\Logger))
 2 SYSTEMPATH/CodeIgniter.php(485): CodeIgniter\CodeIgniter->createController()
 3 SYSTEMPATH/CodeIgniter.php(353): CodeIgniter\CodeIgniter->handleRequest(null, Object(Config\Cache), false)
 4 FCPATH/index.php(79): CodeIgniter\CodeIgniter->run()
WARNING - 2024-08-01 12:30:31 --> [DEPRECATED] Creation of dynamic property App\Controllers\Matches::$validation is deprecated in APPPATH/Controllers/BaseController.php on line 57.
 1 SYSTEMPATH/CodeIgniter.php(892): App\Controllers\BaseController->initController(Object(CodeIgniter\HTTP\IncomingRequest), Object(CodeIgniter\HTTP\Response), Object(CodeIgniter\Log\Logger))
 2 SYSTEMPATH/CodeIgniter.php(485): CodeIgniter\CodeIgniter->createController()
 3 SYSTEMPATH/CodeIgniter.php(353): CodeIgniter\CodeIgniter->handleRequest(null, Object(Config\Cache), false)
 4 FCPATH/index.php(79): CodeIgniter\CodeIgniter->run()
WARNING - 2024-08-01 12:30:31 --> [DEPRECATED] Creation of dynamic property App\Controllers\Cron\News::$validation is deprecated in APPPATH/Controllers/BaseController.php on line 57.
 1 SYSTEMPATH/CodeIgniter.php(892): App\Controllers\BaseController->initController(Object(CodeIgniter\HTTP\IncomingRequest), Object(CodeIgniter\HTTP\Response), Object(CodeIgniter\Log\Logger))
 2 SYSTEMPATH/CodeIgniter.php(485): CodeIgniter\CodeIgniter->createController()
 3 SYSTEMPATH/CodeIgniter.php(353): CodeIgniter\CodeIgniter->handleRequest(null, Object(Config\Cache), false)
 4 FCPATH/index.php(79): CodeIgniter\CodeIgniter->run()
WARNING - 2024-08-01 12:30:32 --> [DEPRECATED] Creation of dynamic property App\Controllers\Matches::$validation is deprecated in APPPATH/Controllers/BaseController.php on line 57.
 1 SYSTEMPATH/CodeIgniter.php(892): App\Controllers\BaseController->initController(Object(CodeIgniter\HTTP\IncomingRequest), Object(CodeIgniter\HTTP\Response), Object(CodeIgniter\Log\Logger))
 2 SYSTEMPATH/CodeIgniter.php(485): CodeIgniter\CodeIgniter->createController()
 3 SYSTEMPATH/CodeIgniter.php(353): CodeIgniter\CodeIgniter->handleRequest(null, Object(Config\Cache), false)
 4 FCPATH/index.php(79): CodeIgniter\CodeIgniter->run()
WARNING - 2024-08-01 12:30:34 --> [DEPRECATED] Creation of dynamic property App\Controllers\Matches::$validation is deprecated in APPPATH/Controllers/BaseController.php on line 57.
 1 SYSTEMPATH/CodeIgniter.php(892): App\Controllers\BaseController->initController(Object(CodeIgniter\HTTP\IncomingRequest), Object(CodeIgniter\HTTP\Response), Object(CodeIgniter\Log\Logger))
 2 SYSTEMPATH/CodeIgniter.php(485): CodeIgniter\CodeIgniter->createController()
 3 SYSTEMPATH/CodeIgniter.php(353): CodeIgniter\CodeIgniter->handleRequest(null, Object(Config\Cache), false)
 4 FCPATH/index.php(79): CodeIgniter\CodeIgniter->run()
WARNING - 2024-08-01 12:30:34 --> [DEPRECATED] Creation of dynamic property App\Controllers\Matches::$validation is deprecated in APPPATH/Controllers/BaseController.php on line 57.
 1 SYSTEMPATH/CodeIgniter.php(892): App\Controllers\BaseController->initController(Object(CodeIgniter\HTTP\IncomingRequest), Object(CodeIgniter\HTTP\Response), Object(CodeIgniter\Log\Logger))
 2 SYSTEMPATH/CodeIgniter.php(485): CodeIgniter\CodeIgniter->createController()
 3 SYSTEMPATH/CodeIgniter.php(353): CodeIgniter\CodeIgniter->handleRequest(null, Object(Config\Cache), false)
 4 FCPATH/index.php(79): CodeIgniter\CodeIgniter->run()
WARNING - 2024-08-01 12:30:37 --> [DEPRECATED] Creation of dynamic property App\Controllers\Matches::$validation is deprecated in APPPATH/Controllers/BaseController.php on line 57.
 1 SYSTEMPATH/CodeIgniter.php(892): App\Controllers\BaseController->initController(Object(CodeIgniter\HTTP\IncomingRequest), Object(CodeIgniter\HTTP\Response), Object(CodeIgniter\Log\Logger))
 2 SYSTEMPATH/CodeIgniter.php(485): CodeIgniter\CodeIgniter->createController()
 3 SYSTEMPATH/CodeIgniter.php(353): CodeIgniter\CodeIgniter->handleRequest(null, Object(Config\Cache), false)
 4 FCPATH/index.php(79): CodeIgniter\CodeIgniter->run()
WARNING - 2024-08-01 12:46:17 --> [DEPRECATED] Creation of dynamic property App\Controllers\Cron\News::$validation is deprecated in APPPATH/Controllers/BaseController.php on line 57.
 1 SYSTEMPATH/CodeIgniter.php(892): App\Controllers\BaseController->initController(Object(CodeIgniter\HTTP\IncomingRequest), Object(CodeIgniter\HTTP\Response), Object(CodeIgniter\Log\Logger))
 2 SYSTEMPATH/CodeIgniter.php(485): CodeIgniter\CodeIgniter->createController()
 3 SYSTEMPATH/CodeIgniter.php(353): CodeIgniter\CodeIgniter->handleRequest(null, Object(Config\Cache), false)
 4 FCPATH/index.php(79): CodeIgniter\CodeIgniter->run()
WARNING - 2024-08-01 12:46:17 --> [DEPRECATED] Creation of dynamic property App\Controllers\Matches::$validation is deprecated in APPPATH/Controllers/BaseController.php on line 57.
 1 SYSTEMPATH/CodeIgniter.php(892): App\Controllers\BaseController->initController(Object(CodeIgniter\HTTP\IncomingRequest), Object(CodeIgniter\HTTP\Response), Object(CodeIgniter\Log\Logger))
 2 SYSTEMPATH/CodeIgniter.php(485): CodeIgniter\CodeIgniter->createController()
 3 SYSTEMPATH/CodeIgniter.php(353): CodeIgniter\CodeIgniter->handleRequest(null, Object(Config\Cache), false)
 4 FCPATH/index.php(79): CodeIgniter\CodeIgniter->run()
WARNING - 2024-08-01 12:46:17 --> [DEPRECATED] Creation of dynamic property App\Controllers\Matches::$validation is deprecated in APPPATH/Controllers/BaseController.php on line 57.
 1 SYSTEMPATH/CodeIgniter.php(892): App\Controllers\BaseController->initController(Object(CodeIgniter\HTTP\IncomingRequest), Object(CodeIgniter\HTTP\Response), Object(CodeIgniter\Log\Logger))
 2 SYSTEMPATH/CodeIgniter.php(485): CodeIgniter\CodeIgniter->createController()
 3 SYSTEMPATH/CodeIgniter.php(353): CodeIgniter\CodeIgniter->handleRequest(null, Object(Config\Cache), false)
 4 FCPATH/index.php(79): CodeIgniter\CodeIgniter->run()
WARNING - 2024-08-01 12:46:18 --> [DEPRECATED] Creation of dynamic property App\Controllers\Matches::$validation is deprecated in APPPATH/Controllers/BaseController.php on line 57.
 1 SYSTEMPATH/CodeIgniter.php(892): App\Controllers\BaseController->initController(Object(CodeIgniter\HTTP\IncomingRequest), Object(CodeIgniter\HTTP\Response), Object(CodeIgniter\Log\Logger))
 2 SYSTEMPATH/CodeIgniter.php(485): CodeIgniter\CodeIgniter->createController()
 3 SYSTEMPATH/CodeIgniter.php(353): CodeIgniter\CodeIgniter->handleRequest(null, Object(Config\Cache), false)
 4 FCPATH/index.php(79): CodeIgniter\CodeIgniter->run()
WARNING - 2024-08-01 12:46:19 --> [DEPRECATED] Creation of dynamic property App\Controllers\Matches::$validation is deprecated in APPPATH/Controllers/BaseController.php on line 57.
 1 SYSTEMPATH/CodeIgniter.php(892): App\Controllers\BaseController->initController(Object(CodeIgniter\HTTP\IncomingRequest), Object(CodeIgniter\HTTP\Response), Object(CodeIgniter\Log\Logger))
 2 SYSTEMPATH/CodeIgniter.php(485): CodeIgniter\CodeIgniter->createController()
 3 SYSTEMPATH/CodeIgniter.php(353): CodeIgniter\CodeIgniter->handleRequest(null, Object(Config\Cache), false)
 4 FCPATH/index.php(79): CodeIgniter\CodeIgniter->run()
WARNING - 2024-08-01 12:46:19 --> [DEPRECATED] Creation of dynamic property App\Controllers\Matches::$validation is deprecated in APPPATH/Controllers/BaseController.php on line 57.
 1 SYSTEMPATH/CodeIgniter.php(892): App\Controllers\BaseController->initController(Object(CodeIgniter\HTTP\IncomingRequest), Object(CodeIgniter\HTTP\Response), Object(CodeIgniter\Log\Logger))
 2 SYSTEMPATH/CodeIgniter.php(485): CodeIgniter\CodeIgniter->createController()
 3 SYSTEMPATH/CodeIgniter.php(353): CodeIgniter\CodeIgniter->handleRequest(null, Object(Config\Cache), false)
 4 FCPATH/index.php(79): CodeIgniter\CodeIgniter->run()
WARNING - 2024-08-01 12:46:21 --> [DEPRECATED] Creation of dynamic property App\Controllers\Matches::$validation is deprecated in APPPATH/Controllers/BaseController.php on line 57.
 1 SYSTEMPATH/CodeIgniter.php(892): App\Controllers\BaseController->initController(Object(CodeIgniter\HTTP\IncomingRequest), Object(CodeIgniter\HTTP\Response), Object(CodeIgniter\Log\Logger))
 2 SYSTEMPATH/CodeIgniter.php(485): CodeIgniter\CodeIgniter->createController()
 3 SYSTEMPATH/CodeIgniter.php(353): CodeIgniter\CodeIgniter->handleRequest(null, Object(Config\Cache), false)
 4 FCPATH/index.php(79): CodeIgniter\CodeIgniter->run()
WARNING - 2024-08-01 12:46:29 --> [DEPRECATED] Creation of dynamic property App\Controllers\Matches::$validation is deprecated in APPPATH/Controllers/BaseController.php on line 57.
 1 SYSTEMPATH/CodeIgniter.php(892): App\Controllers\BaseController->initController(Object(CodeIgniter\HTTP\IncomingRequest), Object(CodeIgniter\HTTP\Response), Object(CodeIgniter\Log\Logger))
 2 SYSTEMPATH/CodeIgniter.php(485): CodeIgniter\CodeIgniter->createController()
 3 SYSTEMPATH/CodeIgniter.php(353): CodeIgniter\CodeIgniter->handleRequest(null, Object(Config\Cache), false)
 4 FCPATH/index.php(79): CodeIgniter\CodeIgniter->run()
WARNING - 2024-08-01 12:46:29 --> [DEPRECATED] Creation of dynamic property App\Controllers\Matches::$validation is deprecated in APPPATH/Controllers/BaseController.php on line 57.
 1 SYSTEMPATH/CodeIgniter.php(892): App\Controllers\BaseController->initController(Object(CodeIgniter\HTTP\IncomingRequest), Object(CodeIgniter\HTTP\Response), Object(CodeIgniter\Log\Logger))
 2 SYSTEMPATH/CodeIgniter.php(485): CodeIgniter\CodeIgniter->createController()
 3 SYSTEMPATH/CodeIgniter.php(353): CodeIgniter\CodeIgniter->handleRequest(null, Object(Config\Cache), false)
 4 FCPATH/index.php(79): CodeIgniter\CodeIgniter->run()
WARNING - 2024-08-01 12:46:29 --> [DEPRECATED] Creation of dynamic property App\Controllers\Cron\News::$validation is deprecated in APPPATH/Controllers/BaseController.php on line 57.
 1 SYSTEMPATH/CodeIgniter.php(892): App\Controllers\BaseController->initController(Object(CodeIgniter\HTTP\IncomingRequest), Object(CodeIgniter\HTTP\Response), Object(CodeIgniter\Log\Logger))
 2 SYSTEMPATH/CodeIgniter.php(485): CodeIgniter\CodeIgniter->createController()
 3 SYSTEMPATH/CodeIgniter.php(353): CodeIgniter\CodeIgniter->handleRequest(null, Object(Config\Cache), false)
 4 FCPATH/index.php(79): CodeIgniter\CodeIgniter->run()
WARNING - 2024-08-01 12:46:29 --> [DEPRECATED] Creation of dynamic property App\Controllers\Matches::$validation is deprecated in APPPATH/Controllers/BaseController.php on line 57.
 1 SYSTEMPATH/CodeIgniter.php(892): App\Controllers\BaseController->initController(Object(CodeIgniter\HTTP\IncomingRequest), Object(CodeIgniter\HTTP\Response), Object(CodeIgniter\Log\Logger))
 2 SYSTEMPATH/CodeIgniter.php(485): CodeIgniter\CodeIgniter->createController()
 3 SYSTEMPATH/CodeIgniter.php(353): CodeIgniter\CodeIgniter->handleRequest(null, Object(Config\Cache), false)
 4 FCPATH/index.php(79): CodeIgniter\CodeIgniter->run()
WARNING - 2024-08-01 12:46:29 --> [DEPRECATED] Creation of dynamic property App\Controllers\Matches::$validation is deprecated in APPPATH/Controllers/BaseController.php on line 57.
 1 SYSTEMPATH/CodeIgniter.php(892): App\Controllers\BaseController->initController(Object(CodeIgniter\HTTP\IncomingRequest), Object(CodeIgniter\HTTP\Response), Object(CodeIgniter\Log\Logger))
 2 SYSTEMPATH/CodeIgniter.php(485): CodeIgniter\CodeIgniter->createController()
 3 SYSTEMPATH/CodeIgniter.php(353): CodeIgniter\CodeIgniter->handleRequest(null, Object(Config\Cache), false)
 4 FCPATH/index.php(79): CodeIgniter\CodeIgniter->run()
WARNING - 2024-08-01 12:46:30 --> [DEPRECATED] Creation of dynamic property App\Controllers\Matches::$validation is deprecated in APPPATH/Controllers/BaseController.php on line 57.
 1 SYSTEMPATH/CodeIgniter.php(892): App\Controllers\BaseController->initController(Object(CodeIgniter\HTTP\IncomingRequest), Object(CodeIgniter\HTTP\Response), Object(CodeIgniter\Log\Logger))
 2 SYSTEMPATH/CodeIgniter.php(485): CodeIgniter\CodeIgniter->createController()
 3 SYSTEMPATH/CodeIgniter.php(353): CodeIgniter\CodeIgniter->handleRequest(null, Object(Config\Cache), false)
 4 FCPATH/index.php(79): CodeIgniter\CodeIgniter->run()
WARNING - 2024-08-01 12:46:33 --> [DEPRECATED] Creation of dynamic property App\Controllers\Matches::$validation is deprecated in APPPATH/Controllers/BaseController.php on line 57.
 1 SYSTEMPATH/CodeIgniter.php(892): App\Controllers\BaseController->initController(Object(CodeIgniter\HTTP\IncomingRequest), Object(CodeIgniter\HTTP\Response), Object(CodeIgniter\Log\Logger))
 2 SYSTEMPATH/CodeIgniter.php(485): CodeIgniter\CodeIgniter->createController()
 3 SYSTEMPATH/CodeIgniter.php(353): CodeIgniter\CodeIgniter->handleRequest(null, Object(Config\Cache), false)
 4 FCPATH/index.php(79): CodeIgniter\CodeIgniter->run()
WARNING - 2024-08-01 12:48:45 --> [DEPRECATED] Creation of dynamic property App\Controllers\Matches::$validation is deprecated in APPPATH/Controllers/BaseController.php on line 57.
 1 SYSTEMPATH/CodeIgniter.php(892): App\Controllers\BaseController->initController(Object(CodeIgniter\HTTP\IncomingRequest), Object(CodeIgniter\HTTP\Response), Object(CodeIgniter\Log\Logger))
 2 SYSTEMPATH/CodeIgniter.php(485): CodeIgniter\CodeIgniter->createController()
 3 SYSTEMPATH/CodeIgniter.php(353): CodeIgniter\CodeIgniter->handleRequest(null, Object(Config\Cache), false)
 4 FCPATH/index.php(79): CodeIgniter\CodeIgniter->run()
WARNING - 2024-08-01 12:48:45 --> [DEPRECATED] Creation of dynamic property App\Controllers\Matches::$validation is deprecated in APPPATH/Controllers/BaseController.php on line 57.
 1 SYSTEMPATH/CodeIgniter.php(892): App\Controllers\BaseController->initController(Object(CodeIgniter\HTTP\IncomingRequest), Object(CodeIgniter\HTTP\Response), Object(CodeIgniter\Log\Logger))
 2 SYSTEMPATH/CodeIgniter.php(485): CodeIgniter\CodeIgniter->createController()
 3 SYSTEMPATH/CodeIgniter.php(353): CodeIgniter\CodeIgniter->handleRequest(null, Object(Config\Cache), false)
 4 FCPATH/index.php(79): CodeIgniter\CodeIgniter->run()
WARNING - 2024-08-01 12:48:45 --> [DEPRECATED] Creation of dynamic property App\Controllers\Cron\News::$validation is deprecated in APPPATH/Controllers/BaseController.php on line 57.
 1 SYSTEMPATH/CodeIgniter.php(892): App\Controllers\BaseController->initController(Object(CodeIgniter\HTTP\IncomingRequest), Object(CodeIgniter\HTTP\Response), Object(CodeIgniter\Log\Logger))
 2 SYSTEMPATH/CodeIgniter.php(485): CodeIgniter\CodeIgniter->createController()
 3 SYSTEMPATH/CodeIgniter.php(353): CodeIgniter\CodeIgniter->handleRequest(null, Object(Config\Cache), false)
 4 FCPATH/index.php(79): CodeIgniter\CodeIgniter->run()
WARNING - 2024-08-01 12:48:45 --> [DEPRECATED] Creation of dynamic property App\Controllers\Matches::$validation is deprecated in APPPATH/Controllers/BaseController.php on line 57.
 1 SYSTEMPATH/CodeIgniter.php(892): App\Controllers\BaseController->initController(Object(CodeIgniter\HTTP\IncomingRequest), Object(CodeIgniter\HTTP\Response), Object(CodeIgniter\Log\Logger))
 2 SYSTEMPATH/CodeIgniter.php(485): CodeIgniter\CodeIgniter->createController()
 3 SYSTEMPATH/CodeIgniter.php(353): CodeIgniter\CodeIgniter->handleRequest(null, Object(Config\Cache), false)
 4 FCPATH/index.php(79): CodeIgniter\CodeIgniter->run()
WARNING - 2024-08-01 12:48:47 --> [DEPRECATED] Creation of dynamic property App\Controllers\Matches::$validation is deprecated in APPPATH/Controllers/BaseController.php on line 57.
 1 SYSTEMPATH/CodeIgniter.php(892): App\Controllers\BaseController->initController(Object(CodeIgniter\HTTP\IncomingRequest), Object(CodeIgniter\HTTP\Response), Object(CodeIgniter\Log\Logger))
 2 SYSTEMPATH/CodeIgniter.php(485): CodeIgniter\CodeIgniter->createController()
 3 SYSTEMPATH/CodeIgniter.php(353): CodeIgniter\CodeIgniter->handleRequest(null, Object(Config\Cache), false)
 4 FCPATH/index.php(79): CodeIgniter\CodeIgniter->run()
WARNING - 2024-08-01 12:48:48 --> [DEPRECATED] Creation of dynamic property App\Controllers\Matches::$validation is deprecated in APPPATH/Controllers/BaseController.php on line 57.
 1 SYSTEMPATH/CodeIgniter.php(892): App\Controllers\BaseController->initController(Object(CodeIgniter\HTTP\IncomingRequest), Object(CodeIgniter\HTTP\Response), Object(CodeIgniter\Log\Logger))
 2 SYSTEMPATH/CodeIgniter.php(485): CodeIgniter\CodeIgniter->createController()
 3 SYSTEMPATH/CodeIgniter.php(353): CodeIgniter\CodeIgniter->handleRequest(null, Object(Config\Cache), false)
 4 FCPATH/index.php(79): CodeIgniter\CodeIgniter->run()
WARNING - 2024-08-01 12:48:51 --> [DEPRECATED] Creation of dynamic property App\Controllers\Matches::$validation is deprecated in APPPATH/Controllers/BaseController.php on line 57.
 1 SYSTEMPATH/CodeIgniter.php(892): App\Controllers\BaseController->initController(Object(CodeIgniter\HTTP\IncomingRequest), Object(CodeIgniter\HTTP\Response), Object(CodeIgniter\Log\Logger))
 2 SYSTEMPATH/CodeIgniter.php(485): CodeIgniter\CodeIgniter->createController()
 3 SYSTEMPATH/CodeIgniter.php(353): CodeIgniter\CodeIgniter->handleRequest(null, Object(Config\Cache), false)
 4 FCPATH/index.php(79): CodeIgniter\CodeIgniter->run()
WARNING - 2024-08-01 12:49:14 --> [DEPRECATED] Creation of dynamic property App\Controllers\Matches::$validation is deprecated in APPPATH/Controllers/BaseController.php on line 57.
 1 SYSTEMPATH/CodeIgniter.php(892): App\Controllers\BaseController->initController(Object(CodeIgniter\HTTP\IncomingRequest), Object(CodeIgniter\HTTP\Response), Object(CodeIgniter\Log\Logger))
 2 SYSTEMPATH/CodeIgniter.php(485): CodeIgniter\CodeIgniter->createController()
 3 SYSTEMPATH/CodeIgniter.php(353): CodeIgniter\CodeIgniter->handleRequest(null, Object(Config\Cache), false)
 4 FCPATH/index.php(79): CodeIgniter\CodeIgniter->run()
WARNING - 2024-08-01 12:49:14 --> [DEPRECATED] Creation of dynamic property App\Controllers\Matches::$validation is deprecated in APPPATH/Controllers/BaseController.php on line 57.
 1 SYSTEMPATH/CodeIgniter.php(892): App\Controllers\BaseController->initController(Object(CodeIgniter\HTTP\IncomingRequest), Object(CodeIgniter\HTTP\Response), Object(CodeIgniter\Log\Logger))
 2 SYSTEMPATH/CodeIgniter.php(485): CodeIgniter\CodeIgniter->createController()
 3 SYSTEMPATH/CodeIgniter.php(353): CodeIgniter\CodeIgniter->handleRequest(null, Object(Config\Cache), false)
 4 FCPATH/index.php(79): CodeIgniter\CodeIgniter->run()
WARNING - 2024-08-01 12:49:14 --> [DEPRECATED] Creation of dynamic property App\Controllers\Cron\News::$validation is deprecated in APPPATH/Controllers/BaseController.php on line 57.
 1 SYSTEMPATH/CodeIgniter.php(892): App\Controllers\BaseController->initController(Object(CodeIgniter\HTTP\IncomingRequest), Object(CodeIgniter\HTTP\Response), Object(CodeIgniter\Log\Logger))
 2 SYSTEMPATH/CodeIgniter.php(485): CodeIgniter\CodeIgniter->createController()
 3 SYSTEMPATH/CodeIgniter.php(353): CodeIgniter\CodeIgniter->handleRequest(null, Object(Config\Cache), false)
 4 FCPATH/index.php(79): CodeIgniter\CodeIgniter->run()
WARNING - 2024-08-01 12:49:15 --> [DEPRECATED] Creation of dynamic property App\Controllers\Matches::$validation is deprecated in APPPATH/Controllers/BaseController.php on line 57.
 1 SYSTEMPATH/CodeIgniter.php(892): App\Controllers\BaseController->initController(Object(CodeIgniter\HTTP\IncomingRequest), Object(CodeIgniter\HTTP\Response), Object(CodeIgniter\Log\Logger))
 2 SYSTEMPATH/CodeIgniter.php(485): CodeIgniter\CodeIgniter->createController()
 3 SYSTEMPATH/CodeIgniter.php(353): CodeIgniter\CodeIgniter->handleRequest(null, Object(Config\Cache), false)
 4 FCPATH/index.php(79): CodeIgniter\CodeIgniter->run()
WARNING - 2024-08-01 12:49:15 --> [DEPRECATED] Creation of dynamic property App\Controllers\Matches::$validation is deprecated in APPPATH/Controllers/BaseController.php on line 57.
 1 SYSTEMPATH/CodeIgniter.php(892): App\Controllers\BaseController->initController(Object(CodeIgniter\HTTP\IncomingRequest), Object(CodeIgniter\HTTP\Response), Object(CodeIgniter\Log\Logger))
 2 SYSTEMPATH/CodeIgniter.php(485): CodeIgniter\CodeIgniter->createController()
 3 SYSTEMPATH/CodeIgniter.php(353): CodeIgniter\CodeIgniter->handleRequest(null, Object(Config\Cache), false)
 4 FCPATH/index.php(79): CodeIgniter\CodeIgniter->run()
WARNING - 2024-08-01 12:49:15 --> [DEPRECATED] Creation of dynamic property App\Controllers\Matches::$validation is deprecated in APPPATH/Controllers/BaseController.php on line 57.
 1 SYSTEMPATH/CodeIgniter.php(892): App\Controllers\BaseController->initController(Object(CodeIgniter\HTTP\IncomingRequest), Object(CodeIgniter\HTTP\Response), Object(CodeIgniter\Log\Logger))
 2 SYSTEMPATH/CodeIgniter.php(485): CodeIgniter\CodeIgniter->createController()
 3 SYSTEMPATH/CodeIgniter.php(353): CodeIgniter\CodeIgniter->handleRequest(null, Object(Config\Cache), false)
 4 FCPATH/index.php(79): CodeIgniter\CodeIgniter->run()
WARNING - 2024-08-01 12:49:18 --> [DEPRECATED] Creation of dynamic property App\Controllers\Matches::$validation is deprecated in APPPATH/Controllers/BaseController.php on line 57.
 1 SYSTEMPATH/CodeIgniter.php(892): App\Controllers\BaseController->initController(Object(CodeIgniter\HTTP\IncomingRequest), Object(CodeIgniter\HTTP\Response), Object(CodeIgniter\Log\Logger))
 2 SYSTEMPATH/CodeIgniter.php(485): CodeIgniter\CodeIgniter->createController()
 3 SYSTEMPATH/CodeIgniter.php(353): CodeIgniter\CodeIgniter->handleRequest(null, Object(Config\Cache), false)
 4 FCPATH/index.php(79): CodeIgniter\CodeIgniter->run()
WARNING - 2024-08-01 12:51:29 --> [DEPRECATED] Creation of dynamic property App\Controllers\Matches::$validation is deprecated in APPPATH/Controllers/BaseController.php on line 57.
 1 SYSTEMPATH/CodeIgniter.php(892): App\Controllers\BaseController->initController(Object(CodeIgniter\HTTP\IncomingRequest), Object(CodeIgniter\HTTP\Response), Object(CodeIgniter\Log\Logger))
 2 SYSTEMPATH/CodeIgniter.php(485): CodeIgniter\CodeIgniter->createController()
 3 SYSTEMPATH/CodeIgniter.php(353): CodeIgniter\CodeIgniter->handleRequest(null, Object(Config\Cache), false)
 4 FCPATH/index.php(79): CodeIgniter\CodeIgniter->run()
WARNING - 2024-08-01 12:51:29 --> [DEPRECATED] Creation of dynamic property App\Controllers\Cron\News::$validation is deprecated in APPPATH/Controllers/BaseController.php on line 57.
 1 SYSTEMPATH/CodeIgniter.php(892): App\Controllers\BaseController->initController(Object(CodeIgniter\HTTP\IncomingRequest), Object(CodeIgniter\HTTP\Response), Object(CodeIgniter\Log\Logger))
 2 SYSTEMPATH/CodeIgniter.php(485): CodeIgniter\CodeIgniter->createController()
 3 SYSTEMPATH/CodeIgniter.php(353): CodeIgniter\CodeIgniter->handleRequest(null, Object(Config\Cache), false)
 4 FCPATH/index.php(79): CodeIgniter\CodeIgniter->run()
WARNING - 2024-08-01 12:51:29 --> [DEPRECATED] Creation of dynamic property App\Controllers\Matches::$validation is deprecated in APPPATH/Controllers/BaseController.php on line 57.
 1 SYSTEMPATH/CodeIgniter.php(892): App\Controllers\BaseController->initController(Object(CodeIgniter\HTTP\IncomingRequest), Object(CodeIgniter\HTTP\Response), Object(CodeIgniter\Log\Logger))
 2 SYSTEMPATH/CodeIgniter.php(485): CodeIgniter\CodeIgniter->createController()
 3 SYSTEMPATH/CodeIgniter.php(353): CodeIgniter\CodeIgniter->handleRequest(null, Object(Config\Cache), false)
 4 FCPATH/index.php(79): CodeIgniter\CodeIgniter->run()
WARNING - 2024-08-01 12:51:29 --> [DEPRECATED] Creation of dynamic property App\Controllers\Matches::$validation is deprecated in APPPATH/Controllers/BaseController.php on line 57.
 1 SYSTEMPATH/CodeIgniter.php(892): App\Controllers\BaseController->initController(Object(CodeIgniter\HTTP\IncomingRequest), Object(CodeIgniter\HTTP\Response), Object(CodeIgniter\Log\Logger))
 2 SYSTEMPATH/CodeIgniter.php(485): CodeIgniter\CodeIgniter->createController()
 3 SYSTEMPATH/CodeIgniter.php(353): CodeIgniter\CodeIgniter->handleRequest(null, Object(Config\Cache), false)
 4 FCPATH/index.php(79): CodeIgniter\CodeIgniter->run()
WARNING - 2024-08-01 12:51:32 --> [DEPRECATED] Creation of dynamic property App\Controllers\Matches::$validation is deprecated in APPPATH/Controllers/BaseController.php on line 57.
 1 SYSTEMPATH/CodeIgniter.php(892): App\Controllers\BaseController->initController(Object(CodeIgniter\HTTP\IncomingRequest), Object(CodeIgniter\HTTP\Response), Object(CodeIgniter\Log\Logger))
 2 SYSTEMPATH/CodeIgniter.php(485): CodeIgniter\CodeIgniter->createController()
 3 SYSTEMPATH/CodeIgniter.php(353): CodeIgniter\CodeIgniter->handleRequest(null, Object(Config\Cache), false)
 4 FCPATH/index.php(79): CodeIgniter\CodeIgniter->run()
WARNING - 2024-08-01 12:51:32 --> [DEPRECATED] Creation of dynamic property App\Controllers\Matches::$validation is deprecated in APPPATH/Controllers/BaseController.php on line 57.
 1 SYSTEMPATH/CodeIgniter.php(892): App\Controllers\BaseController->initController(Object(CodeIgniter\HTTP\IncomingRequest), Object(CodeIgniter\HTTP\Response), Object(CodeIgniter\Log\Logger))
 2 SYSTEMPATH/CodeIgniter.php(485): CodeIgniter\CodeIgniter->createController()
 3 SYSTEMPATH/CodeIgniter.php(353): CodeIgniter\CodeIgniter->handleRequest(null, Object(Config\Cache), false)
 4 FCPATH/index.php(79): CodeIgniter\CodeIgniter->run()
WARNING - 2024-08-01 12:51:36 --> [DEPRECATED] Creation of dynamic property App\Controllers\Matches::$validation is deprecated in APPPATH/Controllers/BaseController.php on line 57.
 1 SYSTEMPATH/CodeIgniter.php(892): App\Controllers\BaseController->initController(Object(CodeIgniter\HTTP\IncomingRequest), Object(CodeIgniter\HTTP\Response), Object(CodeIgniter\Log\Logger))
 2 SYSTEMPATH/CodeIgniter.php(485): CodeIgniter\CodeIgniter->createController()
 3 SYSTEMPATH/CodeIgniter.php(353): CodeIgniter\CodeIgniter->handleRequest(null, Object(Config\Cache), false)
 4 FCPATH/index.php(79): CodeIgniter\CodeIgniter->run()
WARNING - 2024-08-01 12:52:48 --> [DEPRECATED] Creation of dynamic property App\Controllers\Matches::$validation is deprecated in APPPATH/Controllers/BaseController.php on line 57.
 1 SYSTEMPATH/CodeIgniter.php(892): App\Controllers\BaseController->initController(Object(CodeIgniter\HTTP\IncomingRequest), Object(CodeIgniter\HTTP\Response), Object(CodeIgniter\Log\Logger))
 2 SYSTEMPATH/CodeIgniter.php(485): CodeIgniter\CodeIgniter->createController()
 3 SYSTEMPATH/CodeIgniter.php(353): CodeIgniter\CodeIgniter->handleRequest(null, Object(Config\Cache), false)
 4 FCPATH/index.php(79): CodeIgniter\CodeIgniter->run()
WARNING - 2024-08-01 12:52:48 --> [DEPRECATED] Creation of dynamic property App\Controllers\Cron\News::$validation is deprecated in APPPATH/Controllers/BaseController.php on line 57.
 1 SYSTEMPATH/CodeIgniter.php(892): App\Controllers\BaseController->initController(Object(CodeIgniter\HTTP\IncomingRequest), Object(CodeIgniter\HTTP\Response), Object(CodeIgniter\Log\Logger))
 2 SYSTEMPATH/CodeIgniter.php(485): CodeIgniter\CodeIgniter->createController()
 3 SYSTEMPATH/CodeIgniter.php(353): CodeIgniter\CodeIgniter->handleRequest(null, Object(Config\Cache), false)
 4 FCPATH/index.php(79): CodeIgniter\CodeIgniter->run()
WARNING - 2024-08-01 12:52:48 --> [DEPRECATED] Creation of dynamic property App\Controllers\Matches::$validation is deprecated in APPPATH/Controllers/BaseController.php on line 57.
 1 SYSTEMPATH/CodeIgniter.php(892): App\Controllers\BaseController->initController(Object(CodeIgniter\HTTP\IncomingRequest), Object(CodeIgniter\HTTP\Response), Object(CodeIgniter\Log\Logger))
 2 SYSTEMPATH/CodeIgniter.php(485): CodeIgniter\CodeIgniter->createController()
 3 SYSTEMPATH/CodeIgniter.php(353): CodeIgniter\CodeIgniter->handleRequest(null, Object(Config\Cache), false)
 4 FCPATH/index.php(79): CodeIgniter\CodeIgniter->run()
WARNING - 2024-08-01 12:52:49 --> [DEPRECATED] Creation of dynamic property App\Controllers\Matches::$validation is deprecated in APPPATH/Controllers/BaseController.php on line 57.
 1 SYSTEMPATH/CodeIgniter.php(892): App\Controllers\BaseController->initController(Object(CodeIgniter\HTTP\IncomingRequest), Object(CodeIgniter\HTTP\Response), Object(CodeIgniter\Log\Logger))
 2 SYSTEMPATH/CodeIgniter.php(485): CodeIgniter\CodeIgniter->createController()
 3 SYSTEMPATH/CodeIgniter.php(353): CodeIgniter\CodeIgniter->handleRequest(null, Object(Config\Cache), false)
 4 FCPATH/index.php(79): CodeIgniter\CodeIgniter->run()
WARNING - 2024-08-01 12:52:49 --> [DEPRECATED] Creation of dynamic property App\Controllers\Matches::$validation is deprecated in APPPATH/Controllers/BaseController.php on line 57.
 1 SYSTEMPATH/CodeIgniter.php(892): App\Controllers\BaseController->initController(Object(CodeIgniter\HTTP\IncomingRequest), Object(CodeIgniter\HTTP\Response), Object(CodeIgniter\Log\Logger))
 2 SYSTEMPATH/CodeIgniter.php(485): CodeIgniter\CodeIgniter->createController()
 3 SYSTEMPATH/CodeIgniter.php(353): CodeIgniter\CodeIgniter->handleRequest(null, Object(Config\Cache), false)
 4 FCPATH/index.php(79): CodeIgniter\CodeIgniter->run()
WARNING - 2024-08-01 12:52:50 --> [DEPRECATED] Creation of dynamic property App\Controllers\Matches::$validation is deprecated in APPPATH/Controllers/BaseController.php on line 57.
 1 SYSTEMPATH/CodeIgniter.php(892): App\Controllers\BaseController->initController(Object(CodeIgniter\HTTP\IncomingRequest), Object(CodeIgniter\HTTP\Response), Object(CodeIgniter\Log\Logger))
 2 SYSTEMPATH/CodeIgniter.php(485): CodeIgniter\CodeIgniter->createController()
 3 SYSTEMPATH/CodeIgniter.php(353): CodeIgniter\CodeIgniter->handleRequest(null, Object(Config\Cache), false)
 4 FCPATH/index.php(79): CodeIgniter\CodeIgniter->run()
WARNING - 2024-08-01 12:52:52 --> [DEPRECATED] Creation of dynamic property App\Controllers\Matches::$validation is deprecated in APPPATH/Controllers/BaseController.php on line 57.
 1 SYSTEMPATH/CodeIgniter.php(892): App\Controllers\BaseController->initController(Object(CodeIgniter\HTTP\IncomingRequest), Object(CodeIgniter\HTTP\Response), Object(CodeIgniter\Log\Logger))
 2 SYSTEMPATH/CodeIgniter.php(485): CodeIgniter\CodeIgniter->createController()
 3 SYSTEMPATH/CodeIgniter.php(353): CodeIgniter\CodeIgniter->handleRequest(null, Object(Config\Cache), false)
 4 FCPATH/index.php(79): CodeIgniter\CodeIgniter->run()
WARNING - 2024-08-01 12:52:56 --> [DEPRECATED] Creation of dynamic property App\Controllers\Matches::$validation is deprecated in APPPATH/Controllers/BaseController.php on line 57.
 1 SYSTEMPATH/CodeIgniter.php(892): App\Controllers\BaseController->initController(Object(CodeIgniter\HTTP\IncomingRequest), Object(CodeIgniter\HTTP\Response), Object(CodeIgniter\Log\Logger))
 2 SYSTEMPATH/CodeIgniter.php(485): CodeIgniter\CodeIgniter->createController()
 3 SYSTEMPATH/CodeIgniter.php(353): CodeIgniter\CodeIgniter->handleRequest(null, Object(Config\Cache), false)
 4 FCPATH/index.php(79): CodeIgniter\CodeIgniter->run()
WARNING - 2024-08-01 12:52:56 --> [DEPRECATED] Creation of dynamic property App\Controllers\Matches::$validation is deprecated in APPPATH/Controllers/BaseController.php on line 57.
 1 SYSTEMPATH/CodeIgniter.php(892): App\Controllers\BaseController->initController(Object(CodeIgniter\HTTP\IncomingRequest), Object(CodeIgniter\HTTP\Response), Object(CodeIgniter\Log\Logger))
 2 SYSTEMPATH/CodeIgniter.php(485): CodeIgniter\CodeIgniter->createController()
 3 SYSTEMPATH/CodeIgniter.php(353): CodeIgniter\CodeIgniter->handleRequest(null, Object(Config\Cache), false)
 4 FCPATH/index.php(79): CodeIgniter\CodeIgniter->run()
WARNING - 2024-08-01 12:52:56 --> [DEPRECATED] Creation of dynamic property App\Controllers\Cron\News::$validation is deprecated in APPPATH/Controllers/BaseController.php on line 57.
 1 SYSTEMPATH/CodeIgniter.php(892): App\Controllers\BaseController->initController(Object(CodeIgniter\HTTP\IncomingRequest), Object(CodeIgniter\HTTP\Response), Object(CodeIgniter\Log\Logger))
 2 SYSTEMPATH/CodeIgniter.php(485): CodeIgniter\CodeIgniter->createController()
 3 SYSTEMPATH/CodeIgniter.php(353): CodeIgniter\CodeIgniter->handleRequest(null, Object(Config\Cache), false)
 4 FCPATH/index.php(79): CodeIgniter\CodeIgniter->run()
WARNING - 2024-08-01 12:52:57 --> [DEPRECATED] Creation of dynamic property App\Controllers\Matches::$validation is deprecated in APPPATH/Controllers/BaseController.php on line 57.
 1 SYSTEMPATH/CodeIgniter.php(892): App\Controllers\BaseController->initController(Object(CodeIgniter\HTTP\IncomingRequest), Object(CodeIgniter\HTTP\Response), Object(CodeIgniter\Log\Logger))
 2 SYSTEMPATH/CodeIgniter.php(485): CodeIgniter\CodeIgniter->createController()
 3 SYSTEMPATH/CodeIgniter.php(353): CodeIgniter\CodeIgniter->handleRequest(null, Object(Config\Cache), false)
 4 FCPATH/index.php(79): CodeIgniter\CodeIgniter->run()
WARNING - 2024-08-01 12:52:57 --> [DEPRECATED] Creation of dynamic property App\Controllers\Matches::$validation is deprecated in APPPATH/Controllers/BaseController.php on line 57.
 1 SYSTEMPATH/CodeIgniter.php(892): App\Controllers\BaseController->initController(Object(CodeIgniter\HTTP\IncomingRequest), Object(CodeIgniter\HTTP\Response), Object(CodeIgniter\Log\Logger))
 2 SYSTEMPATH/CodeIgniter.php(485): CodeIgniter\CodeIgniter->createController()
 3 SYSTEMPATH/CodeIgniter.php(353): CodeIgniter\CodeIgniter->handleRequest(null, Object(Config\Cache), false)
 4 FCPATH/index.php(79): CodeIgniter\CodeIgniter->run()
WARNING - 2024-08-01 12:52:59 --> [DEPRECATED] Creation of dynamic property App\Controllers\Matches::$validation is deprecated in APPPATH/Controllers/BaseController.php on line 57.
 1 SYSTEMPATH/CodeIgniter.php(892): App\Controllers\BaseController->initController(Object(CodeIgniter\HTTP\IncomingRequest), Object(CodeIgniter\HTTP\Response), Object(CodeIgniter\Log\Logger))
 2 SYSTEMPATH/CodeIgniter.php(485): CodeIgniter\CodeIgniter->createController()
 3 SYSTEMPATH/CodeIgniter.php(353): CodeIgniter\CodeIgniter->handleRequest(null, Object(Config\Cache), false)
 4 FCPATH/index.php(79): CodeIgniter\CodeIgniter->run()
WARNING - 2024-08-01 12:53:37 --> [DEPRECATED] Creation of dynamic property App\Controllers\Matches::$validation is deprecated in APPPATH/Controllers/BaseController.php on line 57.
 1 SYSTEMPATH/CodeIgniter.php(892): App\Controllers\BaseController->initController(Object(CodeIgniter\HTTP\IncomingRequest), Object(CodeIgniter\HTTP\Response), Object(CodeIgniter\Log\Logger))
 2 SYSTEMPATH/CodeIgniter.php(485): CodeIgniter\CodeIgniter->createController()
 3 SYSTEMPATH/CodeIgniter.php(353): CodeIgniter\CodeIgniter->handleRequest(null, Object(Config\Cache), false)
 4 FCPATH/index.php(79): CodeIgniter\CodeIgniter->run()
WARNING - 2024-08-01 12:53:37 --> [DEPRECATED] Creation of dynamic property App\Controllers\Matches::$validation is deprecated in APPPATH/Controllers/BaseController.php on line 57.
 1 SYSTEMPATH/CodeIgniter.php(892): App\Controllers\BaseController->initController(Object(CodeIgniter\HTTP\IncomingRequest), Object(CodeIgniter\HTTP\Response), Object(CodeIgniter\Log\Logger))
 2 SYSTEMPATH/CodeIgniter.php(485): CodeIgniter\CodeIgniter->createController()
 3 SYSTEMPATH/CodeIgniter.php(353): CodeIgniter\CodeIgniter->handleRequest(null, Object(Config\Cache), false)
 4 FCPATH/index.php(79): CodeIgniter\CodeIgniter->run()
WARNING - 2024-08-01 12:53:37 --> [DEPRECATED] Creation of dynamic property App\Controllers\Matches::$validation is deprecated in APPPATH/Controllers/BaseController.php on line 57.
 1 SYSTEMPATH/CodeIgniter.php(892): App\Controllers\BaseController->initController(Object(CodeIgniter\HTTP\IncomingRequest), Object(CodeIgniter\HTTP\Response), Object(CodeIgniter\Log\Logger))
 2 SYSTEMPATH/CodeIgniter.php(485): CodeIgniter\CodeIgniter->createController()
 3 SYSTEMPATH/CodeIgniter.php(353): CodeIgniter\CodeIgniter->handleRequest(null, Object(Config\Cache), false)
 4 FCPATH/index.php(79): CodeIgniter\CodeIgniter->run()
WARNING - 2024-08-01 12:53:37 --> [DEPRECATED] Creation of dynamic property App\Controllers\Cron\News::$validation is deprecated in APPPATH/Controllers/BaseController.php on line 57.
 1 SYSTEMPATH/CodeIgniter.php(892): App\Controllers\BaseController->initController(Object(CodeIgniter\HTTP\IncomingRequest), Object(CodeIgniter\HTTP\Response), Object(CodeIgniter\Log\Logger))
 2 SYSTEMPATH/CodeIgniter.php(485): CodeIgniter\CodeIgniter->createController()
 3 SYSTEMPATH/CodeIgniter.php(353): CodeIgniter\CodeIgniter->handleRequest(null, Object(Config\Cache), false)
 4 FCPATH/index.php(79): CodeIgniter\CodeIgniter->run()
WARNING - 2024-08-01 12:53:37 --> [DEPRECATED] Creation of dynamic property App\Controllers\Matches::$validation is deprecated in APPPATH/Controllers/BaseController.php on line 57.
 1 SYSTEMPATH/CodeIgniter.php(892): App\Controllers\BaseController->initController(Object(CodeIgniter\HTTP\IncomingRequest), Object(CodeIgniter\HTTP\Response), Object(CodeIgniter\Log\Logger))
 2 SYSTEMPATH/CodeIgniter.php(485): CodeIgniter\CodeIgniter->createController()
 3 SYSTEMPATH/CodeIgniter.php(353): CodeIgniter\CodeIgniter->handleRequest(null, Object(Config\Cache), false)
 4 FCPATH/index.php(79): CodeIgniter\CodeIgniter->run()
WARNING - 2024-08-01 12:53:37 --> [DEPRECATED] Creation of dynamic property App\Controllers\Matches::$validation is deprecated in APPPATH/Controllers/BaseController.php on line 57.
 1 SYSTEMPATH/CodeIgniter.php(892): App\Controllers\BaseController->initController(Object(CodeIgniter\HTTP\IncomingRequest), Object(CodeIgniter\HTTP\Response), Object(CodeIgniter\Log\Logger))
 2 SYSTEMPATH/CodeIgniter.php(485): CodeIgniter\CodeIgniter->createController()
 3 SYSTEMPATH/CodeIgniter.php(353): CodeIgniter\CodeIgniter->handleRequest(null, Object(Config\Cache), false)
 4 FCPATH/index.php(79): CodeIgniter\CodeIgniter->run()
WARNING - 2024-08-01 12:53:40 --> [DEPRECATED] Creation of dynamic property App\Controllers\Matches::$validation is deprecated in APPPATH/Controllers/BaseController.php on line 57.
 1 SYSTEMPATH/CodeIgniter.php(892): App\Controllers\BaseController->initController(Object(CodeIgniter\HTTP\IncomingRequest), Object(CodeIgniter\HTTP\Response), Object(CodeIgniter\Log\Logger))
 2 SYSTEMPATH/CodeIgniter.php(485): CodeIgniter\CodeIgniter->createController()
 3 SYSTEMPATH/CodeIgniter.php(353): CodeIgniter\CodeIgniter->handleRequest(null, Object(Config\Cache), false)
 4 FCPATH/index.php(79): CodeIgniter\CodeIgniter->run()
WARNING - 2024-08-01 13:42:13 --> [DEPRECATED] Creation of dynamic property App\Controllers\Cron\News::$validation is deprecated in APPPATH/Controllers/BaseController.php on line 57.
 1 SYSTEMPATH/CodeIgniter.php(892): App\Controllers\BaseController->initController(Object(CodeIgniter\HTTP\IncomingRequest), Object(CodeIgniter\HTTP\Response), Object(CodeIgniter\Log\Logger))
 2 SYSTEMPATH/CodeIgniter.php(485): CodeIgniter\CodeIgniter->createController()
 3 SYSTEMPATH/CodeIgniter.php(353): CodeIgniter\CodeIgniter->handleRequest(null, Object(Config\Cache), false)
 4 FCPATH/index.php(79): CodeIgniter\CodeIgniter->run()
WARNING - 2024-08-01 14:39:55 --> [DEPRECATED] Creation of dynamic property App\Controllers\Cron\News::$validation is deprecated in APPPATH/Controllers/BaseController.php on line 57.
 1 SYSTEMPATH/CodeIgniter.php(892): App\Controllers\BaseController->initController(Object(CodeIgniter\HTTP\IncomingRequest), Object(CodeIgniter\HTTP\Response), Object(CodeIgniter\Log\Logger))
 2 SYSTEMPATH/CodeIgniter.php(485): CodeIgniter\CodeIgniter->createController()
 3 SYSTEMPATH/CodeIgniter.php(353): CodeIgniter\CodeIgniter->handleRequest(null, Object(Config\Cache), false)
 4 FCPATH/index.php(79): CodeIgniter\CodeIgniter->run()
WARNING - 2024-08-01 15:25:40 --> [DEPRECATED] Creation of dynamic property App\Controllers\Cron\News::$validation is deprecated in APPPATH/Controllers/BaseController.php on line 57.
 1 SYSTEMPATH/CodeIgniter.php(892): App\Controllers\BaseController->initController(Object(CodeIgniter\HTTP\IncomingRequest), Object(CodeIgniter\HTTP\Response), Object(CodeIgniter\Log\Logger))
 2 SYSTEMPATH/CodeIgniter.php(485): CodeIgniter\CodeIgniter->createController()
 3 SYSTEMPATH/CodeIgniter.php(353): CodeIgniter\CodeIgniter->handleRequest(null, Object(Config\Cache), false)
 4 FCPATH/index.php(79): CodeIgniter\CodeIgniter->run()
WARNING - 2024-08-01 15:30:01 --> [DEPRECATED] Creation of dynamic property App\Controllers\Cron\Matches::$validation is deprecated in APPPATH/Controllers/BaseController.php on line 57.
 1 SYSTEMPATH/CodeIgniter.php(892): App\Controllers\BaseController->initController(Object(CodeIgniter\HTTP\IncomingRequest), Object(CodeIgniter\HTTP\Response), Object(CodeIgniter\Log\Logger))
 2 SYSTEMPATH/CodeIgniter.php(485): CodeIgniter\CodeIgniter->createController()
 3 SYSTEMPATH/CodeIgniter.php(353): CodeIgniter\CodeIgniter->handleRequest(null, Object(Config\Cache), false)
 4 FCPATH/index.php(79): CodeIgniter\CodeIgniter->run()
WARNING - 2024-08-01 15:30:01 --> [DEPRECATED] Creation of dynamic property App\Controllers\Cron\Players::$validation is deprecated in APPPATH/Controllers/BaseController.php on line 57.
 1 SYSTEMPATH/CodeIgniter.php(892): App\Controllers\BaseController->initController(Object(CodeIgniter\HTTP\IncomingRequest), Object(CodeIgniter\HTTP\Response), Object(CodeIgniter\Log\Logger))
 2 SYSTEMPATH/CodeIgniter.php(485): CodeIgniter\CodeIgniter->createController()
 3 SYSTEMPATH/CodeIgniter.php(353): CodeIgniter\CodeIgniter->handleRequest(null, Object(Config\Cache), false)
 4 FCPATH/index.php(79): CodeIgniter\CodeIgniter->run()
WARNING - 2024-08-01 15:30:01 --> [DEPRECATED] Creation of dynamic property App\Models\UserModel::$userBankAccoTbl is deprecated in APPPATH/Models/UserModel.php on line 18.
 1 APPPATH/Controllers/Cron/Players.php(34): App\Models\UserModel->__construct()
 2 SYSTEMPATH/CodeIgniter.php(919): App\Controllers\Cron\Players->getMatchPlayers()
 3 SYSTEMPATH/CodeIgniter.php(494): CodeIgniter\CodeIgniter->runController(Object(App\Controllers\Cron\Players))
 4 SYSTEMPATH/CodeIgniter.php(353): CodeIgniter\CodeIgniter->handleRequest(null, Object(Config\Cache), false)
 5 FCPATH/index.php(79): CodeIgniter\CodeIgniter->run()
WARNING - 2024-08-01 15:58:56 --> [DEPRECATED] Creation of dynamic property App\Controllers\Cron\News::$validation is deprecated in APPPATH/Controllers/BaseController.php on line 57.
 1 SYSTEMPATH/CodeIgniter.php(892): App\Controllers\BaseController->initController(Object(CodeIgniter\HTTP\IncomingRequest), Object(CodeIgniter\HTTP\Response), Object(CodeIgniter\Log\Logger))
 2 SYSTEMPATH/CodeIgniter.php(485): CodeIgniter\CodeIgniter->createController()
 3 SYSTEMPATH/CodeIgniter.php(353): CodeIgniter\CodeIgniter->handleRequest(null, Object(Config\Cache), false)
 4 FCPATH/index.php(79): CodeIgniter\CodeIgniter->run()
WARNING - 2024-08-01 17:39:34 --> [DEPRECATED] Creation of dynamic property App\Controllers\Cron\News::$validation is deprecated in APPPATH/Controllers/BaseController.php on line 57.
 1 SYSTEMPATH/CodeIgniter.php(892): App\Controllers\BaseController->initController(Object(CodeIgniter\HTTP\IncomingRequest), Object(CodeIgniter\HTTP\Response), Object(CodeIgniter\Log\Logger))
 2 SYSTEMPATH/CodeIgniter.php(485): CodeIgniter\CodeIgniter->createController()
 3 SYSTEMPATH/CodeIgniter.php(353): CodeIgniter\CodeIgniter->handleRequest(null, Object(Config\Cache), false)
 4 FCPATH/index.php(79): CodeIgniter\CodeIgniter->run()
WARNING - 2024-08-01 18:30:03 --> [DEPRECATED] Creation of dynamic property App\Controllers\Cron\Players::$validation is deprecated in APPPATH/Controllers/BaseController.php on line 57.
 1 SYSTEMPATH/CodeIgniter.php(892): App\Controllers\BaseController->initController(Object(CodeIgniter\HTTP\IncomingRequest), Object(CodeIgniter\HTTP\Response), Object(CodeIgniter\Log\Logger))
 2 SYSTEMPATH/CodeIgniter.php(485): CodeIgniter\CodeIgniter->createController()
 3 SYSTEMPATH/CodeIgniter.php(353): CodeIgniter\CodeIgniter->handleRequest(null, Object(Config\Cache), false)
 4 FCPATH/index.php(79): CodeIgniter\CodeIgniter->run()
WARNING - 2024-08-01 18:30:03 --> [DEPRECATED] Creation of dynamic property App\Controllers\Cron\Matches::$validation is deprecated in APPPATH/Controllers/BaseController.php on line 57.
 1 SYSTEMPATH/CodeIgniter.php(892): App\Controllers\BaseController->initController(Object(CodeIgniter\HTTP\IncomingRequest), Object(CodeIgniter\HTTP\Response), Object(CodeIgniter\Log\Logger))
 2 SYSTEMPATH/CodeIgniter.php(485): CodeIgniter\CodeIgniter->createController()
 3 SYSTEMPATH/CodeIgniter.php(353): CodeIgniter\CodeIgniter->handleRequest(null, Object(Config\Cache), false)
 4 FCPATH/index.php(79): CodeIgniter\CodeIgniter->run()
WARNING - 2024-08-01 18:30:03 --> [DEPRECATED] Creation of dynamic property App\Controllers\Cron\Toss::$validation is deprecated in APPPATH/Controllers/BaseController.php on line 57.
 1 SYSTEMPATH/CodeIgniter.php(892): App\Controllers\BaseController->initController(Object(CodeIgniter\HTTP\IncomingRequest), Object(CodeIgniter\HTTP\Response), Object(CodeIgniter\Log\Logger))
 2 SYSTEMPATH/CodeIgniter.php(485): CodeIgniter\CodeIgniter->createController()
 3 SYSTEMPATH/CodeIgniter.php(353): CodeIgniter\CodeIgniter->handleRequest(null, Object(Config\Cache), false)
 4 FCPATH/index.php(79): CodeIgniter\CodeIgniter->run()
WARNING - 2024-08-01 18:30:04 --> [DEPRECATED] Creation of dynamic property App\Models\UserModel::$userBankAccoTbl is deprecated in APPPATH/Models/UserModel.php on line 18.
 1 APPPATH/Controllers/Cron/Players.php(34): App\Models\UserModel->__construct()
 2 SYSTEMPATH/CodeIgniter.php(919): App\Controllers\Cron\Players->getMatchPlayers()
 3 SYSTEMPATH/CodeIgniter.php(494): CodeIgniter\CodeIgniter->runController(Object(App\Controllers\Cron\Players))
 4 SYSTEMPATH/CodeIgniter.php(353): CodeIgniter\CodeIgniter->handleRequest(null, Object(Config\Cache), false)
 5 FCPATH/index.php(79): CodeIgniter\CodeIgniter->run()
WARNING - 2024-08-01 18:31:22 --> [DEPRECATED] Creation of dynamic property App\Controllers\Cron\News::$validation is deprecated in APPPATH/Controllers/BaseController.php on line 57.
 1 SYSTEMPATH/CodeIgniter.php(892): App\Controllers\BaseController->initController(Object(CodeIgniter\HTTP\IncomingRequest), Object(CodeIgniter\HTTP\Response), Object(CodeIgniter\Log\Logger))
 2 SYSTEMPATH/CodeIgniter.php(485): CodeIgniter\CodeIgniter->createController()
 3 SYSTEMPATH/CodeIgniter.php(353): CodeIgniter\CodeIgniter->handleRequest(null, Object(Config\Cache), false)
 4 FCPATH/index.php(79): CodeIgniter\CodeIgniter->run()
WARNING - 2024-08-01 18:49:12 --> [DEPRECATED] Creation of dynamic property App\Controllers\Matches::$validation is deprecated in APPPATH/Controllers/BaseController.php on line 57.
 1 SYSTEMPATH/CodeIgniter.php(892): App\Controllers\BaseController->initController(Object(CodeIgniter\HTTP\IncomingRequest), Object(CodeIgniter\HTTP\Response), Object(CodeIgniter\Log\Logger))
 2 SYSTEMPATH/CodeIgniter.php(485): CodeIgniter\CodeIgniter->createController()
 3 SYSTEMPATH/CodeIgniter.php(353): CodeIgniter\CodeIgniter->handleRequest(null, Object(Config\Cache), false)
 4 FCPATH/index.php(79): CodeIgniter\CodeIgniter->run()
WARNING - 2024-08-01 18:49:12 --> [DEPRECATED] Creation of dynamic property App\Controllers\Matches::$validation is deprecated in APPPATH/Controllers/BaseController.php on line 57.
 1 SYSTEMPATH/CodeIgniter.php(892): App\Controllers\BaseController->initController(Object(CodeIgniter\HTTP\IncomingRequest), Object(CodeIgniter\HTTP\Response), Object(CodeIgniter\Log\Logger))
 2 SYSTEMPATH/CodeIgniter.php(485): CodeIgniter\CodeIgniter->createController()
 3 SYSTEMPATH/CodeIgniter.php(353): CodeIgniter\CodeIgniter->handleRequest(null, Object(Config\Cache), false)
 4 FCPATH/index.php(79): CodeIgniter\CodeIgniter->run()
WARNING - 2024-08-01 18:49:12 --> [DEPRECATED] Creation of dynamic property App\Controllers\Cron\News::$validation is deprecated in APPPATH/Controllers/BaseController.php on line 57.
 1 SYSTEMPATH/CodeIgniter.php(892): App\Controllers\BaseController->initController(Object(CodeIgniter\HTTP\IncomingRequest), Object(CodeIgniter\HTTP\Response), Object(CodeIgniter\Log\Logger))
 2 SYSTEMPATH/CodeIgniter.php(485): CodeIgniter\CodeIgniter->createController()
 3 SYSTEMPATH/CodeIgniter.php(353): CodeIgniter\CodeIgniter->handleRequest(null, Object(Config\Cache), false)
 4 FCPATH/index.php(79): CodeIgniter\CodeIgniter->run()
WARNING - 2024-08-01 18:49:12 --> [DEPRECATED] Creation of dynamic property App\Controllers\Matches::$validation is deprecated in APPPATH/Controllers/BaseController.php on line 57.
 1 SYSTEMPATH/CodeIgniter.php(892): App\Controllers\BaseController->initController(Object(CodeIgniter\HTTP\IncomingRequest), Object(CodeIgniter\HTTP\Response), Object(CodeIgniter\Log\Logger))
 2 SYSTEMPATH/CodeIgniter.php(485): CodeIgniter\CodeIgniter->createController()
 3 SYSTEMPATH/CodeIgniter.php(353): CodeIgniter\CodeIgniter->handleRequest(null, Object(Config\Cache), false)
 4 FCPATH/index.php(79): CodeIgniter\CodeIgniter->run()
WARNING - 2024-08-01 18:49:12 --> [DEPRECATED] Creation of dynamic property App\Controllers\Matches::$validation is deprecated in APPPATH/Controllers/BaseController.php on line 57.
 1 SYSTEMPATH/CodeIgniter.php(892): App\Controllers\BaseController->initController(Object(CodeIgniter\HTTP\IncomingRequest), Object(CodeIgniter\HTTP\Response), Object(CodeIgniter\Log\Logger))
 2 SYSTEMPATH/CodeIgniter.php(485): CodeIgniter\CodeIgniter->createController()
 3 SYSTEMPATH/CodeIgniter.php(353): CodeIgniter\CodeIgniter->handleRequest(null, Object(Config\Cache), false)
 4 FCPATH/index.php(79): CodeIgniter\CodeIgniter->run()
WARNING - 2024-08-01 18:49:12 --> [DEPRECATED] Creation of dynamic property App\Controllers\Matches::$validation is deprecated in APPPATH/Controllers/BaseController.php on line 57.
 1 SYSTEMPATH/CodeIgniter.php(892): App\Controllers\BaseController->initController(Object(CodeIgniter\HTTP\IncomingRequest), Object(CodeIgniter\HTTP\Response), Object(CodeIgniter\Log\Logger))
 2 SYSTEMPATH/CodeIgniter.php(485): CodeIgniter\CodeIgniter->createController()
 3 SYSTEMPATH/CodeIgniter.php(353): CodeIgniter\CodeIgniter->handleRequest(null, Object(Config\Cache), false)
 4 FCPATH/index.php(79): CodeIgniter\CodeIgniter->run()
WARNING - 2024-08-01 18:49:13 --> [DEPRECATED] Creation of dynamic property App\Controllers\Matches::$validation is deprecated in APPPATH/Controllers/BaseController.php on line 57.
 1 SYSTEMPATH/CodeIgniter.php(892): App\Controllers\BaseController->initController(Object(CodeIgniter\HTTP\IncomingRequest), Object(CodeIgniter\HTTP\Response), Object(CodeIgniter\Log\Logger))
 2 SYSTEMPATH/CodeIgniter.php(485): CodeIgniter\CodeIgniter->createController()
 3 SYSTEMPATH/CodeIgniter.php(353): CodeIgniter\CodeIgniter->handleRequest(null, Object(Config\Cache), false)
 4 FCPATH/index.php(79): CodeIgniter\CodeIgniter->run()
WARNING - 2024-08-01 18:49:13 --> [DEPRECATED] Creation of dynamic property App\Controllers\Cron\News::$validation is deprecated in APPPATH/Controllers/BaseController.php on line 57.
 1 SYSTEMPATH/CodeIgniter.php(892): App\Controllers\BaseController->initController(Object(CodeIgniter\HTTP\IncomingRequest), Object(CodeIgniter\HTTP\Response), Object(CodeIgniter\Log\Logger))
 2 SYSTEMPATH/CodeIgniter.php(485): CodeIgniter\CodeIgniter->createController()
 3 SYSTEMPATH/CodeIgniter.php(353): CodeIgniter\CodeIgniter->handleRequest(null, Object(Config\Cache), false)
 4 FCPATH/index.php(79): CodeIgniter\CodeIgniter->run()
WARNING - 2024-08-01 18:49:13 --> [DEPRECATED] Creation of dynamic property App\Controllers\Matches::$validation is deprecated in APPPATH/Controllers/BaseController.php on line 57.
 1 SYSTEMPATH/CodeIgniter.php(892): App\Controllers\BaseController->initController(Object(CodeIgniter\HTTP\IncomingRequest), Object(CodeIgniter\HTTP\Response), Object(CodeIgniter\Log\Logger))
 2 SYSTEMPATH/CodeIgniter.php(485): CodeIgniter\CodeIgniter->createController()
 3 SYSTEMPATH/CodeIgniter.php(353): CodeIgniter\CodeIgniter->handleRequest(null, Object(Config\Cache), false)
 4 FCPATH/index.php(79): CodeIgniter\CodeIgniter->run()
WARNING - 2024-08-01 18:49:13 --> [DEPRECATED] Creation of dynamic property App\Controllers\Matches::$validation is deprecated in APPPATH/Controllers/BaseController.php on line 57.
 1 SYSTEMPATH/CodeIgniter.php(892): App\Controllers\BaseController->initController(Object(CodeIgniter\HTTP\IncomingRequest), Object(CodeIgniter\HTTP\Response), Object(CodeIgniter\Log\Logger))
 2 SYSTEMPATH/CodeIgniter.php(485): CodeIgniter\CodeIgniter->createController()
 3 SYSTEMPATH/CodeIgniter.php(353): CodeIgniter\CodeIgniter->handleRequest(null, Object(Config\Cache), false)
 4 FCPATH/index.php(79): CodeIgniter\CodeIgniter->run()
WARNING - 2024-08-01 18:49:14 --> [DEPRECATED] Creation of dynamic property App\Controllers\Matches::$validation is deprecated in APPPATH/Controllers/BaseController.php on line 57.
 1 SYSTEMPATH/CodeIgniter.php(892): App\Controllers\BaseController->initController(Object(CodeIgniter\HTTP\IncomingRequest), Object(CodeIgniter\HTTP\Response), Object(CodeIgniter\Log\Logger))
 2 SYSTEMPATH/CodeIgniter.php(485): CodeIgniter\CodeIgniter->createController()
 3 SYSTEMPATH/CodeIgniter.php(353): CodeIgniter\CodeIgniter->handleRequest(null, Object(Config\Cache), false)
 4 FCPATH/index.php(79): CodeIgniter\CodeIgniter->run()
WARNING - 2024-08-01 18:49:14 --> [DEPRECATED] Creation of dynamic property App\Controllers\Matches::$validation is deprecated in APPPATH/Controllers/BaseController.php on line 57.
 1 SYSTEMPATH/CodeIgniter.php(892): App\Controllers\BaseController->initController(Object(CodeIgniter\HTTP\IncomingRequest), Object(CodeIgniter\HTTP\Response), Object(CodeIgniter\Log\Logger))
 2 SYSTEMPATH/CodeIgniter.php(485): CodeIgniter\CodeIgniter->createController()
 3 SYSTEMPATH/CodeIgniter.php(353): CodeIgniter\CodeIgniter->handleRequest(null, Object(Config\Cache), false)
 4 FCPATH/index.php(79): CodeIgniter\CodeIgniter->run()
WARNING - 2024-08-01 18:49:14 --> [DEPRECATED] Creation of dynamic property App\Controllers\Matches::$validation is deprecated in APPPATH/Controllers/BaseController.php on line 57.
 1 SYSTEMPATH/CodeIgniter.php(892): App\Controllers\BaseController->initController(Object(CodeIgniter\HTTP\IncomingRequest), Object(CodeIgniter\HTTP\Response), Object(CodeIgniter\Log\Logger))
 2 SYSTEMPATH/CodeIgniter.php(485): CodeIgniter\CodeIgniter->createController()
 3 SYSTEMPATH/CodeIgniter.php(353): CodeIgniter\CodeIgniter->handleRequest(null, Object(Config\Cache), false)
 4 FCPATH/index.php(79): CodeIgniter\CodeIgniter->run()
WARNING - 2024-08-01 18:49:18 --> [DEPRECATED] Creation of dynamic property App\Controllers\Cron\News::$validation is deprecated in APPPATH/Controllers/BaseController.php on line 57.
 1 SYSTEMPATH/CodeIgniter.php(892): App\Controllers\BaseController->initController(Object(CodeIgniter\HTTP\IncomingRequest), Object(CodeIgniter\HTTP\Response), Object(CodeIgniter\Log\Logger))
 2 SYSTEMPATH/CodeIgniter.php(485): CodeIgniter\CodeIgniter->createController()
 3 SYSTEMPATH/CodeIgniter.php(353): CodeIgniter\CodeIgniter->handleRequest(null, Object(Config\Cache), false)
 4 FCPATH/index.php(79): CodeIgniter\CodeIgniter->run()
WARNING - 2024-08-01 18:49:18 --> [DEPRECATED] Creation of dynamic property App\Controllers\Matches::$validation is deprecated in APPPATH/Controllers/BaseController.php on line 57.
 1 SYSTEMPATH/CodeIgniter.php(892): App\Controllers\BaseController->initController(Object(CodeIgniter\HTTP\IncomingRequest), Object(CodeIgniter\HTTP\Response), Object(CodeIgniter\Log\Logger))
 2 SYSTEMPATH/CodeIgniter.php(485): CodeIgniter\CodeIgniter->createController()
 3 SYSTEMPATH/CodeIgniter.php(353): CodeIgniter\CodeIgniter->handleRequest(null, Object(Config\Cache), false)
 4 FCPATH/index.php(79): CodeIgniter\CodeIgniter->run()
WARNING - 2024-08-01 18:49:18 --> [DEPRECATED] Creation of dynamic property App\Controllers\Matches::$validation is deprecated in APPPATH/Controllers/BaseController.php on line 57.
 1 SYSTEMPATH/CodeIgniter.php(892): App\Controllers\BaseController->initController(Object(CodeIgniter\HTTP\IncomingRequest), Object(CodeIgniter\HTTP\Response), Object(CodeIgniter\Log\Logger))
 2 SYSTEMPATH/CodeIgniter.php(485): CodeIgniter\CodeIgniter->createController()
 3 SYSTEMPATH/CodeIgniter.php(353): CodeIgniter\CodeIgniter->handleRequest(null, Object(Config\Cache), false)
 4 FCPATH/index.php(79): CodeIgniter\CodeIgniter->run()
WARNING - 2024-08-01 18:49:18 --> [DEPRECATED] Creation of dynamic property App\Controllers\Matches::$validation is deprecated in APPPATH/Controllers/BaseController.php on line 57.
 1 SYSTEMPATH/CodeIgniter.php(892): App\Controllers\BaseController->initController(Object(CodeIgniter\HTTP\IncomingRequest), Object(CodeIgniter\HTTP\Response), Object(CodeIgniter\Log\Logger))
 2 SYSTEMPATH/CodeIgniter.php(485): CodeIgniter\CodeIgniter->createController()
 3 SYSTEMPATH/CodeIgniter.php(353): CodeIgniter\CodeIgniter->handleRequest(null, Object(Config\Cache), false)
 4 FCPATH/index.php(79): CodeIgniter\CodeIgniter->run()
WARNING - 2024-08-01 18:49:18 --> [DEPRECATED] Creation of dynamic property App\Controllers\Matches::$validation is deprecated in APPPATH/Controllers/BaseController.php on line 57.
 1 SYSTEMPATH/CodeIgniter.php(892): App\Controllers\BaseController->initController(Object(CodeIgniter\HTTP\IncomingRequest), Object(CodeIgniter\HTTP\Response), Object(CodeIgniter\Log\Logger))
 2 SYSTEMPATH/CodeIgniter.php(485): CodeIgniter\CodeIgniter->createController()
 3 SYSTEMPATH/CodeIgniter.php(353): CodeIgniter\CodeIgniter->handleRequest(null, Object(Config\Cache), false)
 4 FCPATH/index.php(79): CodeIgniter\CodeIgniter->run()
WARNING - 2024-08-01 18:49:18 --> [DEPRECATED] Creation of dynamic property App\Controllers\Matches::$validation is deprecated in APPPATH/Controllers/BaseController.php on line 57.
 1 SYSTEMPATH/CodeIgniter.php(892): App\Controllers\BaseController->initController(Object(CodeIgniter\HTTP\IncomingRequest), Object(CodeIgniter\HTTP\Response), Object(CodeIgniter\Log\Logger))
 2 SYSTEMPATH/CodeIgniter.php(485): CodeIgniter\CodeIgniter->createController()
 3 SYSTEMPATH/CodeIgniter.php(353): CodeIgniter\CodeIgniter->handleRequest(null, Object(Config\Cache), false)
 4 FCPATH/index.php(79): CodeIgniter\CodeIgniter->run()
WARNING - 2024-08-01 18:50:51 --> [DEPRECATED] Creation of dynamic property App\Controllers\Matches::$validation is deprecated in APPPATH/Controllers/BaseController.php on line 57.
 1 SYSTEMPATH/CodeIgniter.php(892): App\Controllers\BaseController->initController(Object(CodeIgniter\HTTP\IncomingRequest), Object(CodeIgniter\HTTP\Response), Object(CodeIgniter\Log\Logger))
 2 SYSTEMPATH/CodeIgniter.php(485): CodeIgniter\CodeIgniter->createController()
 3 SYSTEMPATH/CodeIgniter.php(353): CodeIgniter\CodeIgniter->handleRequest(null, Object(Config\Cache), false)
 4 FCPATH/index.php(79): CodeIgniter\CodeIgniter->run()
WARNING - 2024-08-01 18:50:51 --> [DEPRECATED] Creation of dynamic property App\Controllers\Matches::$validation is deprecated in APPPATH/Controllers/BaseController.php on line 57.
 1 SYSTEMPATH/CodeIgniter.php(892): App\Controllers\BaseController->initController(Object(CodeIgniter\HTTP\IncomingRequest), Object(CodeIgniter\HTTP\Response), Object(CodeIgniter\Log\Logger))
 2 SYSTEMPATH/CodeIgniter.php(485): CodeIgniter\CodeIgniter->createController()
 3 SYSTEMPATH/CodeIgniter.php(353): CodeIgniter\CodeIgniter->handleRequest(null, Object(Config\Cache), false)
 4 FCPATH/index.php(79): CodeIgniter\CodeIgniter->run()
WARNING - 2024-08-01 18:50:51 --> [DEPRECATED] Creation of dynamic property App\Controllers\Cron\News::$validation is deprecated in APPPATH/Controllers/BaseController.php on line 57.
 1 SYSTEMPATH/CodeIgniter.php(892): App\Controllers\BaseController->initController(Object(CodeIgniter\HTTP\IncomingRequest), Object(CodeIgniter\HTTP\Response), Object(CodeIgniter\Log\Logger))
 2 SYSTEMPATH/CodeIgniter.php(485): CodeIgniter\CodeIgniter->createController()
 3 SYSTEMPATH/CodeIgniter.php(353): CodeIgniter\CodeIgniter->handleRequest(null, Object(Config\Cache), false)
 4 FCPATH/index.php(79): CodeIgniter\CodeIgniter->run()
WARNING - 2024-08-01 18:50:51 --> [DEPRECATED] Creation of dynamic property App\Controllers\Matches::$validation is deprecated in APPPATH/Controllers/BaseController.php on line 57.
 1 SYSTEMPATH/CodeIgniter.php(892): App\Controllers\BaseController->initController(Object(CodeIgniter\HTTP\IncomingRequest), Object(CodeIgniter\HTTP\Response), Object(CodeIgniter\Log\Logger))
 2 SYSTEMPATH/CodeIgniter.php(485): CodeIgniter\CodeIgniter->createController()
 3 SYSTEMPATH/CodeIgniter.php(353): CodeIgniter\CodeIgniter->handleRequest(null, Object(Config\Cache), false)
 4 FCPATH/index.php(79): CodeIgniter\CodeIgniter->run()
WARNING - 2024-08-01 18:50:51 --> [DEPRECATED] Creation of dynamic property App\Controllers\Matches::$validation is deprecated in APPPATH/Controllers/BaseController.php on line 57.
 1 SYSTEMPATH/CodeIgniter.php(892): App\Controllers\BaseController->initController(Object(CodeIgniter\HTTP\IncomingRequest), Object(CodeIgniter\HTTP\Response), Object(CodeIgniter\Log\Logger))
 2 SYSTEMPATH/CodeIgniter.php(485): CodeIgniter\CodeIgniter->createController()
 3 SYSTEMPATH/CodeIgniter.php(353): CodeIgniter\CodeIgniter->handleRequest(null, Object(Config\Cache), false)
 4 FCPATH/index.php(79): CodeIgniter\CodeIgniter->run()
WARNING - 2024-08-01 18:50:51 --> [DEPRECATED] Creation of dynamic property App\Controllers\Matches::$validation is deprecated in APPPATH/Controllers/BaseController.php on line 57.
 1 SYSTEMPATH/CodeIgniter.php(892): App\Controllers\BaseController->initController(Object(CodeIgniter\HTTP\IncomingRequest), Object(CodeIgniter\HTTP\Response), Object(CodeIgniter\Log\Logger))
 2 SYSTEMPATH/CodeIgniter.php(485): CodeIgniter\CodeIgniter->createController()
 3 SYSTEMPATH/CodeIgniter.php(353): CodeIgniter\CodeIgniter->handleRequest(null, Object(Config\Cache), false)
 4 FCPATH/index.php(79): CodeIgniter\CodeIgniter->run()
WARNING - 2024-08-01 18:50:53 --> [DEPRECATED] Creation of dynamic property App\Controllers\Matches::$validation is deprecated in APPPATH/Controllers/BaseController.php on line 57.
 1 SYSTEMPATH/CodeIgniter.php(892): App\Controllers\BaseController->initController(Object(CodeIgniter\HTTP\IncomingRequest), Object(CodeIgniter\HTTP\Response), Object(CodeIgniter\Log\Logger))
 2 SYSTEMPATH/CodeIgniter.php(485): CodeIgniter\CodeIgniter->createController()
 3 SYSTEMPATH/CodeIgniter.php(353): CodeIgniter\CodeIgniter->handleRequest(null, Object(Config\Cache), false)
 4 FCPATH/index.php(79): CodeIgniter\CodeIgniter->run()
WARNING - 2024-08-01 18:50:55 --> [DEPRECATED] Creation of dynamic property App\Controllers\Matches::$validation is deprecated in APPPATH/Controllers/BaseController.php on line 57.
 1 SYSTEMPATH/CodeIgniter.php(892): App\Controllers\BaseController->initController(Object(CodeIgniter\HTTP\IncomingRequest), Object(CodeIgniter\HTTP\Response), Object(CodeIgniter\Log\Logger))
 2 SYSTEMPATH/CodeIgniter.php(485): CodeIgniter\CodeIgniter->createController()
 3 SYSTEMPATH/CodeIgniter.php(353): CodeIgniter\CodeIgniter->handleRequest(null, Object(Config\Cache), false)
 4 FCPATH/index.php(79): CodeIgniter\CodeIgniter->run()
WARNING - 2024-08-01 18:50:55 --> [DEPRECATED] Creation of dynamic property App\Controllers\Matches::$validation is deprecated in APPPATH/Controllers/BaseController.php on line 57.
 1 SYSTEMPATH/CodeIgniter.php(892): App\Controllers\BaseController->initController(Object(CodeIgniter\HTTP\IncomingRequest), Object(CodeIgniter\HTTP\Response), Object(CodeIgniter\Log\Logger))
 2 SYSTEMPATH/CodeIgniter.php(485): CodeIgniter\CodeIgniter->createController()
 3 SYSTEMPATH/CodeIgniter.php(353): CodeIgniter\CodeIgniter->handleRequest(null, Object(Config\Cache), false)
 4 FCPATH/index.php(79): CodeIgniter\CodeIgniter->run()
WARNING - 2024-08-01 18:50:55 --> [DEPRECATED] Creation of dynamic property App\Controllers\Cron\News::$validation is deprecated in APPPATH/Controllers/BaseController.php on line 57.
 1 SYSTEMPATH/CodeIgniter.php(892): App\Controllers\BaseController->initController(Object(CodeIgniter\HTTP\IncomingRequest), Object(CodeIgniter\HTTP\Response), Object(CodeIgniter\Log\Logger))
 2 SYSTEMPATH/CodeIgniter.php(485): CodeIgniter\CodeIgniter->createController()
 3 SYSTEMPATH/CodeIgniter.php(353): CodeIgniter\CodeIgniter->handleRequest(null, Object(Config\Cache), false)
 4 FCPATH/index.php(79): CodeIgniter\CodeIgniter->run()
WARNING - 2024-08-01 18:50:55 --> [DEPRECATED] Creation of dynamic property App\Controllers\Matches::$validation is deprecated in APPPATH/Controllers/BaseController.php on line 57.
 1 SYSTEMPATH/CodeIgniter.php(892): App\Controllers\BaseController->initController(Object(CodeIgniter\HTTP\IncomingRequest), Object(CodeIgniter\HTTP\Response), Object(CodeIgniter\Log\Logger))
 2 SYSTEMPATH/CodeIgniter.php(485): CodeIgniter\CodeIgniter->createController()
 3 SYSTEMPATH/CodeIgniter.php(353): CodeIgniter\CodeIgniter->handleRequest(null, Object(Config\Cache), false)
 4 FCPATH/index.php(79): CodeIgniter\CodeIgniter->run()
WARNING - 2024-08-01 18:50:55 --> [DEPRECATED] Creation of dynamic property App\Controllers\Matches::$validation is deprecated in APPPATH/Controllers/BaseController.php on line 57.
 1 SYSTEMPATH/CodeIgniter.php(892): App\Controllers\BaseController->initController(Object(CodeIgniter\HTTP\IncomingRequest), Object(CodeIgniter\HTTP\Response), Object(CodeIgniter\Log\Logger))
 2 SYSTEMPATH/CodeIgniter.php(485): CodeIgniter\CodeIgniter->createController()
 3 SYSTEMPATH/CodeIgniter.php(353): CodeIgniter\CodeIgniter->handleRequest(null, Object(Config\Cache), false)
 4 FCPATH/index.php(79): CodeIgniter\CodeIgniter->run()
WARNING - 2024-08-01 18:50:56 --> [DEPRECATED] Creation of dynamic property App\Controllers\Matches::$validation is deprecated in APPPATH/Controllers/BaseController.php on line 57.
 1 SYSTEMPATH/CodeIgniter.php(892): App\Controllers\BaseController->initController(Object(CodeIgniter\HTTP\IncomingRequest), Object(CodeIgniter\HTTP\Response), Object(CodeIgniter\Log\Logger))
 2 SYSTEMPATH/CodeIgniter.php(485): CodeIgniter\CodeIgniter->createController()
 3 SYSTEMPATH/CodeIgniter.php(353): CodeIgniter\CodeIgniter->handleRequest(null, Object(Config\Cache), false)
 4 FCPATH/index.php(79): CodeIgniter\CodeIgniter->run()
WARNING - 2024-08-01 18:51:08 --> [DEPRECATED] Creation of dynamic property App\Controllers\Matches::$validation is deprecated in APPPATH/Controllers/BaseController.php on line 57.
 1 SYSTEMPATH/CodeIgniter.php(892): App\Controllers\BaseController->initController(Object(CodeIgniter\HTTP\IncomingRequest), Object(CodeIgniter\HTTP\Response), Object(CodeIgniter\Log\Logger))
 2 SYSTEMPATH/CodeIgniter.php(485): CodeIgniter\CodeIgniter->createController()
 3 SYSTEMPATH/CodeIgniter.php(353): CodeIgniter\CodeIgniter->handleRequest(null, Object(Config\Cache), false)
 4 FCPATH/index.php(79): CodeIgniter\CodeIgniter->run()
WARNING - 2024-08-01 18:51:08 --> [DEPRECATED] Creation of dynamic property App\Controllers\Matches::$validation is deprecated in APPPATH/Controllers/BaseController.php on line 57.
 1 SYSTEMPATH/CodeIgniter.php(892): App\Controllers\BaseController->initController(Object(CodeIgniter\HTTP\IncomingRequest), Object(CodeIgniter\HTTP\Response), Object(CodeIgniter\Log\Logger))
 2 SYSTEMPATH/CodeIgniter.php(485): CodeIgniter\CodeIgniter->createController()
 3 SYSTEMPATH/CodeIgniter.php(353): CodeIgniter\CodeIgniter->handleRequest(null, Object(Config\Cache), false)
 4 FCPATH/index.php(79): CodeIgniter\CodeIgniter->run()
WARNING - 2024-08-01 18:51:08 --> [DEPRECATED] Creation of dynamic property App\Controllers\Cron\News::$validation is deprecated in APPPATH/Controllers/BaseController.php on line 57.
 1 SYSTEMPATH/CodeIgniter.php(892): App\Controllers\BaseController->initController(Object(CodeIgniter\HTTP\IncomingRequest), Object(CodeIgniter\HTTP\Response), Object(CodeIgniter\Log\Logger))
 2 SYSTEMPATH/CodeIgniter.php(485): CodeIgniter\CodeIgniter->createController()
 3 SYSTEMPATH/CodeIgniter.php(353): CodeIgniter\CodeIgniter->handleRequest(null, Object(Config\Cache), false)
 4 FCPATH/index.php(79): CodeIgniter\CodeIgniter->run()
WARNING - 2024-08-01 18:51:08 --> [DEPRECATED] Creation of dynamic property App\Controllers\Matches::$validation is deprecated in APPPATH/Controllers/BaseController.php on line 57.
 1 SYSTEMPATH/CodeIgniter.php(892): App\Controllers\BaseController->initController(Object(CodeIgniter\HTTP\IncomingRequest), Object(CodeIgniter\HTTP\Response), Object(CodeIgniter\Log\Logger))
 2 SYSTEMPATH/CodeIgniter.php(485): CodeIgniter\CodeIgniter->createController()
 3 SYSTEMPATH/CodeIgniter.php(353): CodeIgniter\CodeIgniter->handleRequest(null, Object(Config\Cache), false)
 4 FCPATH/index.php(79): CodeIgniter\CodeIgniter->run()
WARNING - 2024-08-01 18:51:08 --> [DEPRECATED] Creation of dynamic property App\Controllers\Matches::$validation is deprecated in APPPATH/Controllers/BaseController.php on line 57.
 1 SYSTEMPATH/CodeIgniter.php(892): App\Controllers\BaseController->initController(Object(CodeIgniter\HTTP\IncomingRequest), Object(CodeIgniter\HTTP\Response), Object(CodeIgniter\Log\Logger))
 2 SYSTEMPATH/CodeIgniter.php(485): CodeIgniter\CodeIgniter->createController()
 3 SYSTEMPATH/CodeIgniter.php(353): CodeIgniter\CodeIgniter->handleRequest(null, Object(Config\Cache), false)
 4 FCPATH/index.php(79): CodeIgniter\CodeIgniter->run()
WARNING - 2024-08-01 18:51:08 --> [DEPRECATED] Creation of dynamic property App\Controllers\Matches::$validation is deprecated in APPPATH/Controllers/BaseController.php on line 57.
 1 SYSTEMPATH/CodeIgniter.php(892): App\Controllers\BaseController->initController(Object(CodeIgniter\HTTP\IncomingRequest), Object(CodeIgniter\HTTP\Response), Object(CodeIgniter\Log\Logger))
 2 SYSTEMPATH/CodeIgniter.php(485): CodeIgniter\CodeIgniter->createController()
 3 SYSTEMPATH/CodeIgniter.php(353): CodeIgniter\CodeIgniter->handleRequest(null, Object(Config\Cache), false)
 4 FCPATH/index.php(79): CodeIgniter\CodeIgniter->run()
WARNING - 2024-08-01 18:51:10 --> [DEPRECATED] Creation of dynamic property App\Controllers\Matches::$validation is deprecated in APPPATH/Controllers/BaseController.php on line 57.
 1 SYSTEMPATH/CodeIgniter.php(892): App\Controllers\BaseController->initController(Object(CodeIgniter\HTTP\IncomingRequest), Object(CodeIgniter\HTTP\Response), Object(CodeIgniter\Log\Logger))
 2 SYSTEMPATH/CodeIgniter.php(485): CodeIgniter\CodeIgniter->createController()
 3 SYSTEMPATH/CodeIgniter.php(353): CodeIgniter\CodeIgniter->handleRequest(null, Object(Config\Cache), false)
 4 FCPATH/index.php(79): CodeIgniter\CodeIgniter->run()
WARNING - 2024-08-01 18:51:33 --> [DEPRECATED] Creation of dynamic property App\Controllers\Matches::$validation is deprecated in APPPATH/Controllers/BaseController.php on line 57.
 1 SYSTEMPATH/CodeIgniter.php(892): App\Controllers\BaseController->initController(Object(CodeIgniter\HTTP\IncomingRequest), Object(CodeIgniter\HTTP\Response), Object(CodeIgniter\Log\Logger))
 2 SYSTEMPATH/CodeIgniter.php(485): CodeIgniter\CodeIgniter->createController()
 3 SYSTEMPATH/CodeIgniter.php(353): CodeIgniter\CodeIgniter->handleRequest(null, Object(Config\Cache), false)
 4 FCPATH/index.php(79): CodeIgniter\CodeIgniter->run()
WARNING - 2024-08-01 18:51:34 --> [DEPRECATED] Creation of dynamic property App\Controllers\Cron\News::$validation is deprecated in APPPATH/Controllers/BaseController.php on line 57.
 1 SYSTEMPATH/CodeIgniter.php(892): App\Controllers\BaseController->initController(Object(CodeIgniter\HTTP\IncomingRequest), Object(CodeIgniter\HTTP\Response), Object(CodeIgniter\Log\Logger))
 2 SYSTEMPATH/CodeIgniter.php(485): CodeIgniter\CodeIgniter->createController()
 3 SYSTEMPATH/CodeIgniter.php(353): CodeIgniter\CodeIgniter->handleRequest(null, Object(Config\Cache), false)
 4 FCPATH/index.php(79): CodeIgniter\CodeIgniter->run()
WARNING - 2024-08-01 18:51:34 --> [DEPRECATED] Creation of dynamic property App\Controllers\Matches::$validation is deprecated in APPPATH/Controllers/BaseController.php on line 57.
 1 SYSTEMPATH/CodeIgniter.php(892): App\Controllers\BaseController->initController(Object(CodeIgniter\HTTP\IncomingRequest), Object(CodeIgniter\HTTP\Response), Object(CodeIgniter\Log\Logger))
 2 SYSTEMPATH/CodeIgniter.php(485): CodeIgniter\CodeIgniter->createController()
 3 SYSTEMPATH/CodeIgniter.php(353): CodeIgniter\CodeIgniter->handleRequest(null, Object(Config\Cache), false)
 4 FCPATH/index.php(79): CodeIgniter\CodeIgniter->run()
WARNING - 2024-08-01 18:51:34 --> [DEPRECATED] Creation of dynamic property App\Controllers\Matches::$validation is deprecated in APPPATH/Controllers/BaseController.php on line 57.
 1 SYSTEMPATH/CodeIgniter.php(892): App\Controllers\BaseController->initController(Object(CodeIgniter\HTTP\IncomingRequest), Object(CodeIgniter\HTTP\Response), Object(CodeIgniter\Log\Logger))
 2 SYSTEMPATH/CodeIgniter.php(485): CodeIgniter\CodeIgniter->createController()
 3 SYSTEMPATH/CodeIgniter.php(353): CodeIgniter\CodeIgniter->handleRequest(null, Object(Config\Cache), false)
 4 FCPATH/index.php(79): CodeIgniter\CodeIgniter->run()
WARNING - 2024-08-01 18:51:34 --> [DEPRECATED] Creation of dynamic property App\Controllers\Matches::$validation is deprecated in APPPATH/Controllers/BaseController.php on line 57.
 1 SYSTEMPATH/CodeIgniter.php(892): App\Controllers\BaseController->initController(Object(CodeIgniter\HTTP\IncomingRequest), Object(CodeIgniter\HTTP\Response), Object(CodeIgniter\Log\Logger))
 2 SYSTEMPATH/CodeIgniter.php(485): CodeIgniter\CodeIgniter->createController()
 3 SYSTEMPATH/CodeIgniter.php(353): CodeIgniter\CodeIgniter->handleRequest(null, Object(Config\Cache), false)
 4 FCPATH/index.php(79): CodeIgniter\CodeIgniter->run()
WARNING - 2024-08-01 18:51:34 --> [DEPRECATED] Creation of dynamic property App\Controllers\Matches::$validation is deprecated in APPPATH/Controllers/BaseController.php on line 57.
 1 SYSTEMPATH/CodeIgniter.php(892): App\Controllers\BaseController->initController(Object(CodeIgniter\HTTP\IncomingRequest), Object(CodeIgniter\HTTP\Response), Object(CodeIgniter\Log\Logger))
 2 SYSTEMPATH/CodeIgniter.php(485): CodeIgniter\CodeIgniter->createController()
 3 SYSTEMPATH/CodeIgniter.php(353): CodeIgniter\CodeIgniter->handleRequest(null, Object(Config\Cache), false)
 4 FCPATH/index.php(79): CodeIgniter\CodeIgniter->run()
WARNING - 2024-08-01 18:51:52 --> [DEPRECATED] Creation of dynamic property App\Controllers\Matches::$validation is deprecated in APPPATH/Controllers/BaseController.php on line 57.
 1 SYSTEMPATH/CodeIgniter.php(892): App\Controllers\BaseController->initController(Object(CodeIgniter\HTTP\IncomingRequest), Object(CodeIgniter\HTTP\Response), Object(CodeIgniter\Log\Logger))
 2 SYSTEMPATH/CodeIgniter.php(485): CodeIgniter\CodeIgniter->createController()
 3 SYSTEMPATH/CodeIgniter.php(353): CodeIgniter\CodeIgniter->handleRequest(null, Object(Config\Cache), false)
 4 FCPATH/index.php(79): CodeIgniter\CodeIgniter->run()
WARNING - 2024-08-01 18:51:52 --> [DEPRECATED] Creation of dynamic property App\Controllers\Matches::$validation is deprecated in APPPATH/Controllers/BaseController.php on line 57.
 1 SYSTEMPATH/CodeIgniter.php(892): App\Controllers\BaseController->initController(Object(CodeIgniter\HTTP\IncomingRequest), Object(CodeIgniter\HTTP\Response), Object(CodeIgniter\Log\Logger))
 2 SYSTEMPATH/CodeIgniter.php(485): CodeIgniter\CodeIgniter->createController()
 3 SYSTEMPATH/CodeIgniter.php(353): CodeIgniter\CodeIgniter->handleRequest(null, Object(Config\Cache), false)
 4 FCPATH/index.php(79): CodeIgniter\CodeIgniter->run()
WARNING - 2024-08-01 18:51:52 --> [DEPRECATED] Creation of dynamic property App\Controllers\Cron\News::$validation is deprecated in APPPATH/Controllers/BaseController.php on line 57.
 1 SYSTEMPATH/CodeIgniter.php(892): App\Controllers\BaseController->initController(Object(CodeIgniter\HTTP\IncomingRequest), Object(CodeIgniter\HTTP\Response), Object(CodeIgniter\Log\Logger))
 2 SYSTEMPATH/CodeIgniter.php(485): CodeIgniter\CodeIgniter->createController()
 3 SYSTEMPATH/CodeIgniter.php(353): CodeIgniter\CodeIgniter->handleRequest(null, Object(Config\Cache), false)
 4 FCPATH/index.php(79): CodeIgniter\CodeIgniter->run()
WARNING - 2024-08-01 18:51:52 --> [DEPRECATED] Creation of dynamic property App\Controllers\Matches::$validation is deprecated in APPPATH/Controllers/BaseController.php on line 57.
 1 SYSTEMPATH/CodeIgniter.php(892): App\Controllers\BaseController->initController(Object(CodeIgniter\HTTP\IncomingRequest), Object(CodeIgniter\HTTP\Response), Object(CodeIgniter\Log\Logger))
 2 SYSTEMPATH/CodeIgniter.php(485): CodeIgniter\CodeIgniter->createController()
 3 SYSTEMPATH/CodeIgniter.php(353): CodeIgniter\CodeIgniter->handleRequest(null, Object(Config\Cache), false)
 4 FCPATH/index.php(79): CodeIgniter\CodeIgniter->run()
WARNING - 2024-08-01 18:51:52 --> [DEPRECATED] Creation of dynamic property App\Controllers\Matches::$validation is deprecated in APPPATH/Controllers/BaseController.php on line 57.
 1 SYSTEMPATH/CodeIgniter.php(892): App\Controllers\BaseController->initController(Object(CodeIgniter\HTTP\IncomingRequest), Object(CodeIgniter\HTTP\Response), Object(CodeIgniter\Log\Logger))
 2 SYSTEMPATH/CodeIgniter.php(485): CodeIgniter\CodeIgniter->createController()
 3 SYSTEMPATH/CodeIgniter.php(353): CodeIgniter\CodeIgniter->handleRequest(null, Object(Config\Cache), false)
 4 FCPATH/index.php(79): CodeIgniter\CodeIgniter->run()
WARNING - 2024-08-01 18:51:53 --> [DEPRECATED] Creation of dynamic property App\Controllers\Matches::$validation is deprecated in APPPATH/Controllers/BaseController.php on line 57.
 1 SYSTEMPATH/CodeIgniter.php(892): App\Controllers\BaseController->initController(Object(CodeIgniter\HTTP\IncomingRequest), Object(CodeIgniter\HTTP\Response), Object(CodeIgniter\Log\Logger))
 2 SYSTEMPATH/CodeIgniter.php(485): CodeIgniter\CodeIgniter->createController()
 3 SYSTEMPATH/CodeIgniter.php(353): CodeIgniter\CodeIgniter->handleRequest(null, Object(Config\Cache), false)
 4 FCPATH/index.php(79): CodeIgniter\CodeIgniter->run()
WARNING - 2024-08-01 18:51:55 --> [DEPRECATED] Creation of dynamic property App\Controllers\Matches::$validation is deprecated in APPPATH/Controllers/BaseController.php on line 57.
 1 SYSTEMPATH/CodeIgniter.php(892): App\Controllers\BaseController->initController(Object(CodeIgniter\HTTP\IncomingRequest), Object(CodeIgniter\HTTP\Response), Object(CodeIgniter\Log\Logger))
 2 SYSTEMPATH/CodeIgniter.php(485): CodeIgniter\CodeIgniter->createController()
 3 SYSTEMPATH/CodeIgniter.php(353): CodeIgniter\CodeIgniter->handleRequest(null, Object(Config\Cache), false)
 4 FCPATH/index.php(79): CodeIgniter\CodeIgniter->run()
WARNING - 2024-08-01 18:52:00 --> [DEPRECATED] Creation of dynamic property App\Controllers\Matches::$validation is deprecated in APPPATH/Controllers/BaseController.php on line 57.
 1 SYSTEMPATH/CodeIgniter.php(892): App\Controllers\BaseController->initController(Object(CodeIgniter\HTTP\IncomingRequest), Object(CodeIgniter\HTTP\Response), Object(CodeIgniter\Log\Logger))
 2 SYSTEMPATH/CodeIgniter.php(485): CodeIgniter\CodeIgniter->createController()
 3 SYSTEMPATH/CodeIgniter.php(353): CodeIgniter\CodeIgniter->handleRequest(null, Object(Config\Cache), false)
 4 FCPATH/index.php(79): CodeIgniter\CodeIgniter->run()
WARNING - 2024-08-01 18:52:01 --> [DEPRECATED] Creation of dynamic property App\Controllers\Matches::$validation is deprecated in APPPATH/Controllers/BaseController.php on line 57.
 1 SYSTEMPATH/CodeIgniter.php(892): App\Controllers\BaseController->initController(Object(CodeIgniter\HTTP\IncomingRequest), Object(CodeIgniter\HTTP\Response), Object(CodeIgniter\Log\Logger))
 2 SYSTEMPATH/CodeIgniter.php(485): CodeIgniter\CodeIgniter->createController()
 3 SYSTEMPATH/CodeIgniter.php(353): CodeIgniter\CodeIgniter->handleRequest(null, Object(Config\Cache), false)
 4 FCPATH/index.php(79): CodeIgniter\CodeIgniter->run()
WARNING - 2024-08-01 18:52:01 --> [DEPRECATED] Creation of dynamic property App\Controllers\Cron\News::$validation is deprecated in APPPATH/Controllers/BaseController.php on line 57.
 1 SYSTEMPATH/CodeIgniter.php(892): App\Controllers\BaseController->initController(Object(CodeIgniter\HTTP\IncomingRequest), Object(CodeIgniter\HTTP\Response), Object(CodeIgniter\Log\Logger))
 2 SYSTEMPATH/CodeIgniter.php(485): CodeIgniter\CodeIgniter->createController()
 3 SYSTEMPATH/CodeIgniter.php(353): CodeIgniter\CodeIgniter->handleRequest(null, Object(Config\Cache), false)
 4 FCPATH/index.php(79): CodeIgniter\CodeIgniter->run()
WARNING - 2024-08-01 18:52:01 --> [DEPRECATED] Creation of dynamic property App\Controllers\Matches::$validation is deprecated in APPPATH/Controllers/BaseController.php on line 57.
 1 SYSTEMPATH/CodeIgniter.php(892): App\Controllers\BaseController->initController(Object(CodeIgniter\HTTP\IncomingRequest), Object(CodeIgniter\HTTP\Response), Object(CodeIgniter\Log\Logger))
 2 SYSTEMPATH/CodeIgniter.php(485): CodeIgniter\CodeIgniter->createController()
 3 SYSTEMPATH/CodeIgniter.php(353): CodeIgniter\CodeIgniter->handleRequest(null, Object(Config\Cache), false)
 4 FCPATH/index.php(79): CodeIgniter\CodeIgniter->run()
WARNING - 2024-08-01 18:52:01 --> [DEPRECATED] Creation of dynamic property App\Controllers\Matches::$validation is deprecated in APPPATH/Controllers/BaseController.php on line 57.
 1 SYSTEMPATH/CodeIgniter.php(892): App\Controllers\BaseController->initController(Object(CodeIgniter\HTTP\IncomingRequest), Object(CodeIgniter\HTTP\Response), Object(CodeIgniter\Log\Logger))
 2 SYSTEMPATH/CodeIgniter.php(485): CodeIgniter\CodeIgniter->createController()
 3 SYSTEMPATH/CodeIgniter.php(353): CodeIgniter\CodeIgniter->handleRequest(null, Object(Config\Cache), false)
 4 FCPATH/index.php(79): CodeIgniter\CodeIgniter->run()
WARNING - 2024-08-01 18:52:01 --> [DEPRECATED] Creation of dynamic property App\Controllers\Matches::$validation is deprecated in APPPATH/Controllers/BaseController.php on line 57.
 1 SYSTEMPATH/CodeIgniter.php(892): App\Controllers\BaseController->initController(Object(CodeIgniter\HTTP\IncomingRequest), Object(CodeIgniter\HTTP\Response), Object(CodeIgniter\Log\Logger))
 2 SYSTEMPATH/CodeIgniter.php(485): CodeIgniter\CodeIgniter->createController()
 3 SYSTEMPATH/CodeIgniter.php(353): CodeIgniter\CodeIgniter->handleRequest(null, Object(Config\Cache), false)
 4 FCPATH/index.php(79): CodeIgniter\CodeIgniter->run()
WARNING - 2024-08-01 18:52:03 --> [DEPRECATED] Creation of dynamic property App\Controllers\Matches::$validation is deprecated in APPPATH/Controllers/BaseController.php on line 57.
 1 SYSTEMPATH/CodeIgniter.php(892): App\Controllers\BaseController->initController(Object(CodeIgniter\HTTP\IncomingRequest), Object(CodeIgniter\HTTP\Response), Object(CodeIgniter\Log\Logger))
 2 SYSTEMPATH/CodeIgniter.php(485): CodeIgniter\CodeIgniter->createController()
 3 SYSTEMPATH/CodeIgniter.php(353): CodeIgniter\CodeIgniter->handleRequest(null, Object(Config\Cache), false)
 4 FCPATH/index.php(79): CodeIgniter\CodeIgniter->run()
WARNING - 2024-08-01 18:52:35 --> [DEPRECATED] Creation of dynamic property App\Controllers\Matches::$validation is deprecated in APPPATH/Controllers/BaseController.php on line 57.
 1 SYSTEMPATH/CodeIgniter.php(892): App\Controllers\BaseController->initController(Object(CodeIgniter\HTTP\IncomingRequest), Object(CodeIgniter\HTTP\Response), Object(CodeIgniter\Log\Logger))
 2 SYSTEMPATH/CodeIgniter.php(485): CodeIgniter\CodeIgniter->createController()
 3 SYSTEMPATH/CodeIgniter.php(353): CodeIgniter\CodeIgniter->handleRequest(null, Object(Config\Cache), false)
 4 FCPATH/index.php(79): CodeIgniter\CodeIgniter->run()
WARNING - 2024-08-01 18:52:35 --> [DEPRECATED] Creation of dynamic property App\Controllers\Matches::$validation is deprecated in APPPATH/Controllers/BaseController.php on line 57.
 1 SYSTEMPATH/CodeIgniter.php(892): App\Controllers\BaseController->initController(Object(CodeIgniter\HTTP\IncomingRequest), Object(CodeIgniter\HTTP\Response), Object(CodeIgniter\Log\Logger))
 2 SYSTEMPATH/CodeIgniter.php(485): CodeIgniter\CodeIgniter->createController()
 3 SYSTEMPATH/CodeIgniter.php(353): CodeIgniter\CodeIgniter->handleRequest(null, Object(Config\Cache), false)
 4 FCPATH/index.php(79): CodeIgniter\CodeIgniter->run()
WARNING - 2024-08-01 18:52:35 --> [DEPRECATED] Creation of dynamic property App\Controllers\Cron\News::$validation is deprecated in APPPATH/Controllers/BaseController.php on line 57.
 1 SYSTEMPATH/CodeIgniter.php(892): App\Controllers\BaseController->initController(Object(CodeIgniter\HTTP\IncomingRequest), Object(CodeIgniter\HTTP\Response), Object(CodeIgniter\Log\Logger))
 2 SYSTEMPATH/CodeIgniter.php(485): CodeIgniter\CodeIgniter->createController()
 3 SYSTEMPATH/CodeIgniter.php(353): CodeIgniter\CodeIgniter->handleRequest(null, Object(Config\Cache), false)
 4 FCPATH/index.php(79): CodeIgniter\CodeIgniter->run()
WARNING - 2024-08-01 18:52:35 --> [DEPRECATED] Creation of dynamic property App\Controllers\Matches::$validation is deprecated in APPPATH/Controllers/BaseController.php on line 57.
 1 SYSTEMPATH/CodeIgniter.php(892): App\Controllers\BaseController->initController(Object(CodeIgniter\HTTP\IncomingRequest), Object(CodeIgniter\HTTP\Response), Object(CodeIgniter\Log\Logger))
 2 SYSTEMPATH/CodeIgniter.php(485): CodeIgniter\CodeIgniter->createController()
 3 SYSTEMPATH/CodeIgniter.php(353): CodeIgniter\CodeIgniter->handleRequest(null, Object(Config\Cache), false)
 4 FCPATH/index.php(79): CodeIgniter\CodeIgniter->run()
WARNING - 2024-08-01 18:52:35 --> [DEPRECATED] Creation of dynamic property App\Controllers\Matches::$validation is deprecated in APPPATH/Controllers/BaseController.php on line 57.
 1 SYSTEMPATH/CodeIgniter.php(892): App\Controllers\BaseController->initController(Object(CodeIgniter\HTTP\IncomingRequest), Object(CodeIgniter\HTTP\Response), Object(CodeIgniter\Log\Logger))
 2 SYSTEMPATH/CodeIgniter.php(485): CodeIgniter\CodeIgniter->createController()
 3 SYSTEMPATH/CodeIgniter.php(353): CodeIgniter\CodeIgniter->handleRequest(null, Object(Config\Cache), false)
 4 FCPATH/index.php(79): CodeIgniter\CodeIgniter->run()
WARNING - 2024-08-01 18:52:35 --> [DEPRECATED] Creation of dynamic property App\Controllers\Matches::$validation is deprecated in APPPATH/Controllers/BaseController.php on line 57.
 1 SYSTEMPATH/CodeIgniter.php(892): App\Controllers\BaseController->initController(Object(CodeIgniter\HTTP\IncomingRequest), Object(CodeIgniter\HTTP\Response), Object(CodeIgniter\Log\Logger))
 2 SYSTEMPATH/CodeIgniter.php(485): CodeIgniter\CodeIgniter->createController()
 3 SYSTEMPATH/CodeIgniter.php(353): CodeIgniter\CodeIgniter->handleRequest(null, Object(Config\Cache), false)
 4 FCPATH/index.php(79): CodeIgniter\CodeIgniter->run()
WARNING - 2024-08-01 18:52:37 --> [DEPRECATED] Creation of dynamic property App\Controllers\Matches::$validation is deprecated in APPPATH/Controllers/BaseController.php on line 57.
 1 SYSTEMPATH/CodeIgniter.php(892): App\Controllers\BaseController->initController(Object(CodeIgniter\HTTP\IncomingRequest), Object(CodeIgniter\HTTP\Response), Object(CodeIgniter\Log\Logger))
 2 SYSTEMPATH/CodeIgniter.php(485): CodeIgniter\CodeIgniter->createController()
 3 SYSTEMPATH/CodeIgniter.php(353): CodeIgniter\CodeIgniter->handleRequest(null, Object(Config\Cache), false)
 4 FCPATH/index.php(79): CodeIgniter\CodeIgniter->run()
WARNING - 2024-08-01 18:52:46 --> [DEPRECATED] Creation of dynamic property App\Controllers\Matches::$validation is deprecated in APPPATH/Controllers/BaseController.php on line 57.
 1 SYSTEMPATH/CodeIgniter.php(892): App\Controllers\BaseController->initController(Object(CodeIgniter\HTTP\IncomingRequest), Object(CodeIgniter\HTTP\Response), Object(CodeIgniter\Log\Logger))
 2 SYSTEMPATH/CodeIgniter.php(485): CodeIgniter\CodeIgniter->createController()
 3 SYSTEMPATH/CodeIgniter.php(353): CodeIgniter\CodeIgniter->handleRequest(null, Object(Config\Cache), false)
 4 FCPATH/index.php(79): CodeIgniter\CodeIgniter->run()
WARNING - 2024-08-01 18:52:46 --> [DEPRECATED] Creation of dynamic property App\Controllers\Matches::$validation is deprecated in APPPATH/Controllers/BaseController.php on line 57.
 1 SYSTEMPATH/CodeIgniter.php(892): App\Controllers\BaseController->initController(Object(CodeIgniter\HTTP\IncomingRequest), Object(CodeIgniter\HTTP\Response), Object(CodeIgniter\Log\Logger))
 2 SYSTEMPATH/CodeIgniter.php(485): CodeIgniter\CodeIgniter->createController()
 3 SYSTEMPATH/CodeIgniter.php(353): CodeIgniter\CodeIgniter->handleRequest(null, Object(Config\Cache), false)
 4 FCPATH/index.php(79): CodeIgniter\CodeIgniter->run()
WARNING - 2024-08-01 18:52:46 --> [DEPRECATED] Creation of dynamic property App\Controllers\Cron\News::$validation is deprecated in APPPATH/Controllers/BaseController.php on line 57.
 1 SYSTEMPATH/CodeIgniter.php(892): App\Controllers\BaseController->initController(Object(CodeIgniter\HTTP\IncomingRequest), Object(CodeIgniter\HTTP\Response), Object(CodeIgniter\Log\Logger))
 2 SYSTEMPATH/CodeIgniter.php(485): CodeIgniter\CodeIgniter->createController()
 3 SYSTEMPATH/CodeIgniter.php(353): CodeIgniter\CodeIgniter->handleRequest(null, Object(Config\Cache), false)
 4 FCPATH/index.php(79): CodeIgniter\CodeIgniter->run()
WARNING - 2024-08-01 18:52:46 --> [DEPRECATED] Creation of dynamic property App\Controllers\Matches::$validation is deprecated in APPPATH/Controllers/BaseController.php on line 57.
 1 SYSTEMPATH/CodeIgniter.php(892): App\Controllers\BaseController->initController(Object(CodeIgniter\HTTP\IncomingRequest), Object(CodeIgniter\HTTP\Response), Object(CodeIgniter\Log\Logger))
 2 SYSTEMPATH/CodeIgniter.php(485): CodeIgniter\CodeIgniter->createController()
 3 SYSTEMPATH/CodeIgniter.php(353): CodeIgniter\CodeIgniter->handleRequest(null, Object(Config\Cache), false)
 4 FCPATH/index.php(79): CodeIgniter\CodeIgniter->run()
WARNING - 2024-08-01 18:52:46 --> [DEPRECATED] Creation of dynamic property App\Controllers\Matches::$validation is deprecated in APPPATH/Controllers/BaseController.php on line 57.
 1 SYSTEMPATH/CodeIgniter.php(892): App\Controllers\BaseController->initController(Object(CodeIgniter\HTTP\IncomingRequest), Object(CodeIgniter\HTTP\Response), Object(CodeIgniter\Log\Logger))
 2 SYSTEMPATH/CodeIgniter.php(485): CodeIgniter\CodeIgniter->createController()
 3 SYSTEMPATH/CodeIgniter.php(353): CodeIgniter\CodeIgniter->handleRequest(null, Object(Config\Cache), false)
 4 FCPATH/index.php(79): CodeIgniter\CodeIgniter->run()
WARNING - 2024-08-01 18:52:46 --> [DEPRECATED] Creation of dynamic property App\Controllers\Matches::$validation is deprecated in APPPATH/Controllers/BaseController.php on line 57.
 1 SYSTEMPATH/CodeIgniter.php(892): App\Controllers\BaseController->initController(Object(CodeIgniter\HTTP\IncomingRequest), Object(CodeIgniter\HTTP\Response), Object(CodeIgniter\Log\Logger))
 2 SYSTEMPATH/CodeIgniter.php(485): CodeIgniter\CodeIgniter->createController()
 3 SYSTEMPATH/CodeIgniter.php(353): CodeIgniter\CodeIgniter->handleRequest(null, Object(Config\Cache), false)
 4 FCPATH/index.php(79): CodeIgniter\CodeIgniter->run()
WARNING - 2024-08-01 18:53:09 --> [DEPRECATED] Creation of dynamic property App\Controllers\Matches::$validation is deprecated in APPPATH/Controllers/BaseController.php on line 57.
 1 SYSTEMPATH/CodeIgniter.php(892): App\Controllers\BaseController->initController(Object(CodeIgniter\HTTP\IncomingRequest), Object(CodeIgniter\HTTP\Response), Object(CodeIgniter\Log\Logger))
 2 SYSTEMPATH/CodeIgniter.php(485): CodeIgniter\CodeIgniter->createController()
 3 SYSTEMPATH/CodeIgniter.php(353): CodeIgniter\CodeIgniter->handleRequest(null, Object(Config\Cache), false)
 4 FCPATH/index.php(79): CodeIgniter\CodeIgniter->run()
WARNING - 2024-08-01 18:53:09 --> [DEPRECATED] Creation of dynamic property App\Controllers\Matches::$validation is deprecated in APPPATH/Controllers/BaseController.php on line 57.
 1 SYSTEMPATH/CodeIgniter.php(892): App\Controllers\BaseController->initController(Object(CodeIgniter\HTTP\IncomingRequest), Object(CodeIgniter\HTTP\Response), Object(CodeIgniter\Log\Logger))
 2 SYSTEMPATH/CodeIgniter.php(485): CodeIgniter\CodeIgniter->createController()
 3 SYSTEMPATH/CodeIgniter.php(353): CodeIgniter\CodeIgniter->handleRequest(null, Object(Config\Cache), false)
 4 FCPATH/index.php(79): CodeIgniter\CodeIgniter->run()
WARNING - 2024-08-01 18:53:09 --> [DEPRECATED] Creation of dynamic property App\Controllers\Cron\News::$validation is deprecated in APPPATH/Controllers/BaseController.php on line 57.
 1 SYSTEMPATH/CodeIgniter.php(892): App\Controllers\BaseController->initController(Object(CodeIgniter\HTTP\IncomingRequest), Object(CodeIgniter\HTTP\Response), Object(CodeIgniter\Log\Logger))
 2 SYSTEMPATH/CodeIgniter.php(485): CodeIgniter\CodeIgniter->createController()
 3 SYSTEMPATH/CodeIgniter.php(353): CodeIgniter\CodeIgniter->handleRequest(null, Object(Config\Cache), false)
 4 FCPATH/index.php(79): CodeIgniter\CodeIgniter->run()
WARNING - 2024-08-01 18:53:10 --> [DEPRECATED] Creation of dynamic property App\Controllers\Matches::$validation is deprecated in APPPATH/Controllers/BaseController.php on line 57.
 1 SYSTEMPATH/CodeIgniter.php(892): App\Controllers\BaseController->initController(Object(CodeIgniter\HTTP\IncomingRequest), Object(CodeIgniter\HTTP\Response), Object(CodeIgniter\Log\Logger))
 2 SYSTEMPATH/CodeIgniter.php(485): CodeIgniter\CodeIgniter->createController()
 3 SYSTEMPATH/CodeIgniter.php(353): CodeIgniter\CodeIgniter->handleRequest(null, Object(Config\Cache), false)
 4 FCPATH/index.php(79): CodeIgniter\CodeIgniter->run()
WARNING - 2024-08-01 18:53:10 --> [DEPRECATED] Creation of dynamic property App\Controllers\Matches::$validation is deprecated in APPPATH/Controllers/BaseController.php on line 57.
 1 SYSTEMPATH/CodeIgniter.php(892): App\Controllers\BaseController->initController(Object(CodeIgniter\HTTP\IncomingRequest), Object(CodeIgniter\HTTP\Response), Object(CodeIgniter\Log\Logger))
 2 SYSTEMPATH/CodeIgniter.php(485): CodeIgniter\CodeIgniter->createController()
 3 SYSTEMPATH/CodeIgniter.php(353): CodeIgniter\CodeIgniter->handleRequest(null, Object(Config\Cache), false)
 4 FCPATH/index.php(79): CodeIgniter\CodeIgniter->run()
WARNING - 2024-08-01 18:53:10 --> [DEPRECATED] Creation of dynamic property App\Controllers\Matches::$validation is deprecated in APPPATH/Controllers/BaseController.php on line 57.
 1 SYSTEMPATH/CodeIgniter.php(892): App\Controllers\BaseController->initController(Object(CodeIgniter\HTTP\IncomingRequest), Object(CodeIgniter\HTTP\Response), Object(CodeIgniter\Log\Logger))
 2 SYSTEMPATH/CodeIgniter.php(485): CodeIgniter\CodeIgniter->createController()
 3 SYSTEMPATH/CodeIgniter.php(353): CodeIgniter\CodeIgniter->handleRequest(null, Object(Config\Cache), false)
 4 FCPATH/index.php(79): CodeIgniter\CodeIgniter->run()
WARNING - 2024-08-01 18:53:28 --> [DEPRECATED] Creation of dynamic property App\Controllers\Matches::$validation is deprecated in APPPATH/Controllers/BaseController.php on line 57.
 1 SYSTEMPATH/CodeIgniter.php(892): App\Controllers\BaseController->initController(Object(CodeIgniter\HTTP\IncomingRequest), Object(CodeIgniter\HTTP\Response), Object(CodeIgniter\Log\Logger))
 2 SYSTEMPATH/CodeIgniter.php(485): CodeIgniter\CodeIgniter->createController()
 3 SYSTEMPATH/CodeIgniter.php(353): CodeIgniter\CodeIgniter->handleRequest(null, Object(Config\Cache), false)
 4 FCPATH/index.php(79): CodeIgniter\CodeIgniter->run()
WARNING - 2024-08-01 18:53:28 --> [DEPRECATED] Creation of dynamic property App\Controllers\Matches::$validation is deprecated in APPPATH/Controllers/BaseController.php on line 57.
 1 SYSTEMPATH/CodeIgniter.php(892): App\Controllers\BaseController->initController(Object(CodeIgniter\HTTP\IncomingRequest), Object(CodeIgniter\HTTP\Response), Object(CodeIgniter\Log\Logger))
 2 SYSTEMPATH/CodeIgniter.php(485): CodeIgniter\CodeIgniter->createController()
 3 SYSTEMPATH/CodeIgniter.php(353): CodeIgniter\CodeIgniter->handleRequest(null, Object(Config\Cache), false)
 4 FCPATH/index.php(79): CodeIgniter\CodeIgniter->run()
WARNING - 2024-08-01 18:53:28 --> [DEPRECATED] Creation of dynamic property App\Controllers\Cron\News::$validation is deprecated in APPPATH/Controllers/BaseController.php on line 57.
 1 SYSTEMPATH/CodeIgniter.php(892): App\Controllers\BaseController->initController(Object(CodeIgniter\HTTP\IncomingRequest), Object(CodeIgniter\HTTP\Response), Object(CodeIgniter\Log\Logger))
 2 SYSTEMPATH/CodeIgniter.php(485): CodeIgniter\CodeIgniter->createController()
 3 SYSTEMPATH/CodeIgniter.php(353): CodeIgniter\CodeIgniter->handleRequest(null, Object(Config\Cache), false)
 4 FCPATH/index.php(79): CodeIgniter\CodeIgniter->run()
WARNING - 2024-08-01 18:53:28 --> [DEPRECATED] Creation of dynamic property App\Controllers\Matches::$validation is deprecated in APPPATH/Controllers/BaseController.php on line 57.
 1 SYSTEMPATH/CodeIgniter.php(892): App\Controllers\BaseController->initController(Object(CodeIgniter\HTTP\IncomingRequest), Object(CodeIgniter\HTTP\Response), Object(CodeIgniter\Log\Logger))
 2 SYSTEMPATH/CodeIgniter.php(485): CodeIgniter\CodeIgniter->createController()
 3 SYSTEMPATH/CodeIgniter.php(353): CodeIgniter\CodeIgniter->handleRequest(null, Object(Config\Cache), false)
 4 FCPATH/index.php(79): CodeIgniter\CodeIgniter->run()
WARNING - 2024-08-01 18:53:29 --> [DEPRECATED] Creation of dynamic property App\Controllers\Matches::$validation is deprecated in APPPATH/Controllers/BaseController.php on line 57.
 1 SYSTEMPATH/CodeIgniter.php(892): App\Controllers\BaseController->initController(Object(CodeIgniter\HTTP\IncomingRequest), Object(CodeIgniter\HTTP\Response), Object(CodeIgniter\Log\Logger))
 2 SYSTEMPATH/CodeIgniter.php(485): CodeIgniter\CodeIgniter->createController()
 3 SYSTEMPATH/CodeIgniter.php(353): CodeIgniter\CodeIgniter->handleRequest(null, Object(Config\Cache), false)
 4 FCPATH/index.php(79): CodeIgniter\CodeIgniter->run()
WARNING - 2024-08-01 18:53:29 --> [DEPRECATED] Creation of dynamic property App\Controllers\Matches::$validation is deprecated in APPPATH/Controllers/BaseController.php on line 57.
 1 SYSTEMPATH/CodeIgniter.php(892): App\Controllers\BaseController->initController(Object(CodeIgniter\HTTP\IncomingRequest), Object(CodeIgniter\HTTP\Response), Object(CodeIgniter\Log\Logger))
 2 SYSTEMPATH/CodeIgniter.php(485): CodeIgniter\CodeIgniter->createController()
 3 SYSTEMPATH/CodeIgniter.php(353): CodeIgniter\CodeIgniter->handleRequest(null, Object(Config\Cache), false)
 4 FCPATH/index.php(79): CodeIgniter\CodeIgniter->run()
WARNING - 2024-08-01 18:53:29 --> [DEPRECATED] Creation of dynamic property App\Controllers\Cron\News::$validation is deprecated in APPPATH/Controllers/BaseController.php on line 57.
 1 SYSTEMPATH/CodeIgniter.php(892): App\Controllers\BaseController->initController(Object(CodeIgniter\HTTP\IncomingRequest), Object(CodeIgniter\HTTP\Response), Object(CodeIgniter\Log\Logger))
 2 SYSTEMPATH/CodeIgniter.php(485): CodeIgniter\CodeIgniter->createController()
 3 SYSTEMPATH/CodeIgniter.php(353): CodeIgniter\CodeIgniter->handleRequest(null, Object(Config\Cache), false)
 4 FCPATH/index.php(79): CodeIgniter\CodeIgniter->run()
WARNING - 2024-08-01 18:53:29 --> [DEPRECATED] Creation of dynamic property App\Controllers\Matches::$validation is deprecated in APPPATH/Controllers/BaseController.php on line 57.
 1 SYSTEMPATH/CodeIgniter.php(892): App\Controllers\BaseController->initController(Object(CodeIgniter\HTTP\IncomingRequest), Object(CodeIgniter\HTTP\Response), Object(CodeIgniter\Log\Logger))
 2 SYSTEMPATH/CodeIgniter.php(485): CodeIgniter\CodeIgniter->createController()
 3 SYSTEMPATH/CodeIgniter.php(353): CodeIgniter\CodeIgniter->handleRequest(null, Object(Config\Cache), false)
 4 FCPATH/index.php(79): CodeIgniter\CodeIgniter->run()
WARNING - 2024-08-01 18:53:29 --> [DEPRECATED] Creation of dynamic property App\Controllers\Matches::$validation is deprecated in APPPATH/Controllers/BaseController.php on line 57.
 1 SYSTEMPATH/CodeIgniter.php(892): App\Controllers\BaseController->initController(Object(CodeIgniter\HTTP\IncomingRequest), Object(CodeIgniter\HTTP\Response), Object(CodeIgniter\Log\Logger))
 2 SYSTEMPATH/CodeIgniter.php(485): CodeIgniter\CodeIgniter->createController()
 3 SYSTEMPATH/CodeIgniter.php(353): CodeIgniter\CodeIgniter->handleRequest(null, Object(Config\Cache), false)
 4 FCPATH/index.php(79): CodeIgniter\CodeIgniter->run()
WARNING - 2024-08-01 18:53:29 --> [DEPRECATED] Creation of dynamic property App\Controllers\Matches::$validation is deprecated in APPPATH/Controllers/BaseController.php on line 57.
 1 SYSTEMPATH/CodeIgniter.php(892): App\Controllers\BaseController->initController(Object(CodeIgniter\HTTP\IncomingRequest), Object(CodeIgniter\HTTP\Response), Object(CodeIgniter\Log\Logger))
 2 SYSTEMPATH/CodeIgniter.php(485): CodeIgniter\CodeIgniter->createController()
 3 SYSTEMPATH/CodeIgniter.php(353): CodeIgniter\CodeIgniter->handleRequest(null, Object(Config\Cache), false)
 4 FCPATH/index.php(79): CodeIgniter\CodeIgniter->run()
WARNING - 2024-08-01 18:53:31 --> [DEPRECATED] Creation of dynamic property App\Controllers\Matches::$validation is deprecated in APPPATH/Controllers/BaseController.php on line 57.
 1 SYSTEMPATH/CodeIgniter.php(892): App\Controllers\BaseController->initController(Object(CodeIgniter\HTTP\IncomingRequest), Object(CodeIgniter\HTTP\Response), Object(CodeIgniter\Log\Logger))
 2 SYSTEMPATH/CodeIgniter.php(485): CodeIgniter\CodeIgniter->createController()
 3 SYSTEMPATH/CodeIgniter.php(353): CodeIgniter\CodeIgniter->handleRequest(null, Object(Config\Cache), false)
 4 FCPATH/index.php(79): CodeIgniter\CodeIgniter->run()
WARNING - 2024-08-01 19:09:58 --> [DEPRECATED] Creation of dynamic property App\Controllers\Cron\News::$validation is deprecated in APPPATH/Controllers/BaseController.php on line 57.
 1 SYSTEMPATH/CodeIgniter.php(892): App\Controllers\BaseController->initController(Object(CodeIgniter\HTTP\IncomingRequest), Object(CodeIgniter\HTTP\Response), Object(CodeIgniter\Log\Logger))
 2 SYSTEMPATH/CodeIgniter.php(485): CodeIgniter\CodeIgniter->createController()
 3 SYSTEMPATH/CodeIgniter.php(353): CodeIgniter\CodeIgniter->handleRequest(null, Object(Config\Cache), false)
 4 FCPATH/index.php(79): CodeIgniter\CodeIgniter->run()
WARNING - 2024-08-01 20:02:38 --> [DEPRECATED] Creation of dynamic property App\Controllers\Cron\News::$validation is deprecated in APPPATH/Controllers/BaseController.php on line 57.
 1 SYSTEMPATH/CodeIgniter.php(892): App\Controllers\BaseController->initController(Object(CodeIgniter\HTTP\IncomingRequest), Object(CodeIgniter\HTTP\Response), Object(CodeIgniter\Log\Logger))
 2 SYSTEMPATH/CodeIgniter.php(485): CodeIgniter\CodeIgniter->createController()
 3 SYSTEMPATH/CodeIgniter.php(353): CodeIgniter\CodeIgniter->handleRequest(null, Object(Config\Cache), false)
 4 FCPATH/index.php(79): CodeIgniter\CodeIgniter->run()
WARNING - 2024-08-01 21:04:19 --> [DEPRECATED] Creation of dynamic property App\Controllers\Cron\News::$validation is deprecated in APPPATH/Controllers/BaseController.php on line 57.
 1 SYSTEMPATH/CodeIgniter.php(892): App\Controllers\BaseController->initController(Object(CodeIgniter\HTTP\IncomingRequest), Object(CodeIgniter\HTTP\Response), Object(CodeIgniter\Log\Logger))
 2 SYSTEMPATH/CodeIgniter.php(485): CodeIgniter\CodeIgniter->createController()
 3 SYSTEMPATH/CodeIgniter.php(353): CodeIgniter\CodeIgniter->handleRequest(null, Object(Config\Cache), false)
 4 FCPATH/index.php(79): CodeIgniter\CodeIgniter->run()
WARNING - 2024-08-01 21:30:02 --> [DEPRECATED] Creation of dynamic property App\Controllers\Cron\Players::$validation is deprecated in APPPATH/Controllers/BaseController.php on line 57.
 1 SYSTEMPATH/CodeIgniter.php(892): App\Controllers\BaseController->initController(Object(CodeIgniter\HTTP\IncomingRequest), Object(CodeIgniter\HTTP\Response), Object(CodeIgniter\Log\Logger))
 2 SYSTEMPATH/CodeIgniter.php(485): CodeIgniter\CodeIgniter->createController()
 3 SYSTEMPATH/CodeIgniter.php(353): CodeIgniter\CodeIgniter->handleRequest(null, Object(Config\Cache), false)
 4 FCPATH/index.php(79): CodeIgniter\CodeIgniter->run()
WARNING - 2024-08-01 21:30:02 --> [DEPRECATED] Creation of dynamic property App\Controllers\Cron\Matches::$validation is deprecated in APPPATH/Controllers/BaseController.php on line 57.
 1 SYSTEMPATH/CodeIgniter.php(892): App\Controllers\BaseController->initController(Object(CodeIgniter\HTTP\IncomingRequest), Object(CodeIgniter\HTTP\Response), Object(CodeIgniter\Log\Logger))
 2 SYSTEMPATH/CodeIgniter.php(485): CodeIgniter\CodeIgniter->createController()
 3 SYSTEMPATH/CodeIgniter.php(353): CodeIgniter\CodeIgniter->handleRequest(null, Object(Config\Cache), false)
 4 FCPATH/index.php(79): CodeIgniter\CodeIgniter->run()
WARNING - 2024-08-01 21:30:02 --> [DEPRECATED] Creation of dynamic property App\Models\UserModel::$userBankAccoTbl is deprecated in APPPATH/Models/UserModel.php on line 18.
 1 APPPATH/Controllers/Cron/Players.php(34): App\Models\UserModel->__construct()
 2 SYSTEMPATH/CodeIgniter.php(919): App\Controllers\Cron\Players->getMatchPlayers()
 3 SYSTEMPATH/CodeIgniter.php(494): CodeIgniter\CodeIgniter->runController(Object(App\Controllers\Cron\Players))
 4 SYSTEMPATH/CodeIgniter.php(353): CodeIgniter\CodeIgniter->handleRequest(null, Object(Config\Cache), false)
 5 FCPATH/index.php(79): CodeIgniter\CodeIgniter->run()
WARNING - 2024-08-01 22:31:26 --> [DEPRECATED] Creation of dynamic property App\Controllers\Cron\News::$validation is deprecated in APPPATH/Controllers/BaseController.php on line 57.
 1 SYSTEMPATH/CodeIgniter.php(892): App\Controllers\BaseController->initController(Object(CodeIgniter\HTTP\IncomingRequest), Object(CodeIgniter\HTTP\Response), Object(CodeIgniter\Log\Logger))
 2 SYSTEMPATH/CodeIgniter.php(485): CodeIgniter\CodeIgniter->createController()
 3 SYSTEMPATH/CodeIgniter.php(353): CodeIgniter\CodeIgniter->handleRequest(null, Object(Config\Cache), false)
 4 FCPATH/index.php(79): CodeIgniter\CodeIgniter->run()
WARNING - 2024-08-01 23:15:16 --> [DEPRECATED] Creation of dynamic property App\Controllers\Cron\News::$validation is deprecated in APPPATH/Controllers/BaseController.php on line 57.
 1 SYSTEMPATH/CodeIgniter.php(892): App\Controllers\BaseController->initController(Object(CodeIgniter\HTTP\IncomingRequest), Object(CodeIgniter\HTTP\Response), Object(CodeIgniter\Log\Logger))
 2 SYSTEMPATH/CodeIgniter.php(485): CodeIgniter\CodeIgniter->createController()
 3 SYSTEMPATH/CodeIgniter.php(353): CodeIgniter\CodeIgniter->handleRequest(null, Object(Config\Cache), false)
 4 FCPATH/index.php(79): CodeIgniter\CodeIgniter->run()
WARNING - 2024-08-01 23:19:17 --> [DEPRECATED] Creation of dynamic property App\Controllers\Cron\News::$validation is deprecated in APPPATH/Controllers/BaseController.php on line 57.
 1 SYSTEMPATH/CodeIgniter.php(892): App\Controllers\BaseController->initController(Object(CodeIgniter\HTTP\IncomingRequest), Object(CodeIgniter\HTTP\Response), Object(CodeIgniter\Log\Logger))
 2 SYSTEMPATH/CodeIgniter.php(485): CodeIgniter\CodeIgniter->createController()
 3 SYSTEMPATH/CodeIgniter.php(353): CodeIgniter\CodeIgniter->handleRequest(null, Object(Config\Cache), false)
 4 FCPATH/index.php(79): CodeIgniter\CodeIgniter->run()
WARNING - 2024-08-01 23:37:59 --> [DEPRECATED] Creation of dynamic property App\Controllers\Matches::$validation is deprecated in APPPATH/Controllers/BaseController.php on line 57.
 1 SYSTEMPATH/CodeIgniter.php(892): App\Controllers\BaseController->initController(Object(CodeIgniter\HTTP\IncomingRequest), Object(CodeIgniter\HTTP\Response), Object(CodeIgniter\Log\Logger))
 2 SYSTEMPATH/CodeIgniter.php(485): CodeIgniter\CodeIgniter->createController()
 3 SYSTEMPATH/CodeIgniter.php(353): CodeIgniter\CodeIgniter->handleRequest(null, Object(Config\Cache), false)
 4 FCPATH/index.php(79): CodeIgniter\CodeIgniter->run()
WARNING - 2024-08-01 23:37:59 --> [DEPRECATED] Creation of dynamic property App\Controllers\Cron\News::$validation is deprecated in APPPATH/Controllers/BaseController.php on line 57.
 1 SYSTEMPATH/CodeIgniter.php(892): App\Controllers\BaseController->initController(Object(CodeIgniter\HTTP\IncomingRequest), Object(CodeIgniter\HTTP\Response), Object(CodeIgniter\Log\Logger))
 2 SYSTEMPATH/CodeIgniter.php(485): CodeIgniter\CodeIgniter->createController()
 3 SYSTEMPATH/CodeIgniter.php(353): CodeIgniter\CodeIgniter->handleRequest(null, Object(Config\Cache), false)
 4 FCPATH/index.php(79): CodeIgniter\CodeIgniter->run()
WARNING - 2024-08-01 23:37:59 --> [DEPRECATED] Creation of dynamic property App\Controllers\Matches::$validation is deprecated in APPPATH/Controllers/BaseController.php on line 57.
 1 SYSTEMPATH/CodeIgniter.php(892): App\Controllers\BaseController->initController(Object(CodeIgniter\HTTP\IncomingRequest), Object(CodeIgniter\HTTP\Response), Object(CodeIgniter\Log\Logger))
 2 SYSTEMPATH/CodeIgniter.php(485): CodeIgniter\CodeIgniter->createController()
 3 SYSTEMPATH/CodeIgniter.php(353): CodeIgniter\CodeIgniter->handleRequest(null, Object(Config\Cache), false)
 4 FCPATH/index.php(79): CodeIgniter\CodeIgniter->run()
WARNING - 2024-08-01 23:38:00 --> [DEPRECATED] Creation of dynamic property App\Controllers\Matches::$validation is deprecated in APPPATH/Controllers/BaseController.php on line 57.
 1 SYSTEMPATH/CodeIgniter.php(892): App\Controllers\BaseController->initController(Object(CodeIgniter\HTTP\IncomingRequest), Object(CodeIgniter\HTTP\Response), Object(CodeIgniter\Log\Logger))
 2 SYSTEMPATH/CodeIgniter.php(485): CodeIgniter\CodeIgniter->createController()
 3 SYSTEMPATH/CodeIgniter.php(353): CodeIgniter\CodeIgniter->handleRequest(null, Object(Config\Cache), false)
 4 FCPATH/index.php(79): CodeIgniter\CodeIgniter->run()
WARNING - 2024-08-01 23:38:00 --> [DEPRECATED] Creation of dynamic property App\Controllers\Matches::$validation is deprecated in APPPATH/Controllers/BaseController.php on line 57.
 1 SYSTEMPATH/CodeIgniter.php(892): App\Controllers\BaseController->initController(Object(CodeIgniter\HTTP\IncomingRequest), Object(CodeIgniter\HTTP\Response), Object(CodeIgniter\Log\Logger))
 2 SYSTEMPATH/CodeIgniter.php(485): CodeIgniter\CodeIgniter->createController()
 3 SYSTEMPATH/CodeIgniter.php(353): CodeIgniter\CodeIgniter->handleRequest(null, Object(Config\Cache), false)
 4 FCPATH/index.php(79): CodeIgniter\CodeIgniter->run()
WARNING - 2024-08-01 23:38:01 --> [DEPRECATED] Creation of dynamic property App\Controllers\Matches::$validation is deprecated in APPPATH/Controllers/BaseController.php on line 57.
 1 SYSTEMPATH/CodeIgniter.php(892): App\Controllers\BaseController->initController(Object(CodeIgniter\HTTP\IncomingRequest), Object(CodeIgniter\HTTP\Response), Object(CodeIgniter\Log\Logger))
 2 SYSTEMPATH/CodeIgniter.php(485): CodeIgniter\CodeIgniter->createController()
 3 SYSTEMPATH/CodeIgniter.php(353): CodeIgniter\CodeIgniter->handleRequest(null, Object(Config\Cache), false)
 4 FCPATH/index.php(79): CodeIgniter\CodeIgniter->run()
WARNING - 2024-08-01 23:38:04 --> [DEPRECATED] Creation of dynamic property App\Controllers\Matches::$validation is deprecated in APPPATH/Controllers/BaseController.php on line 57.
 1 SYSTEMPATH/CodeIgniter.php(892): App\Controllers\BaseController->initController(Object(CodeIgniter\HTTP\IncomingRequest), Object(CodeIgniter\HTTP\Response), Object(CodeIgniter\Log\Logger))
 2 SYSTEMPATH/CodeIgniter.php(485): CodeIgniter\CodeIgniter->createController()
 3 SYSTEMPATH/CodeIgniter.php(353): CodeIgniter\CodeIgniter->handleRequest(null, Object(Config\Cache), false)
 4 FCPATH/index.php(79): CodeIgniter\CodeIgniter->run()
WARNING - 2024-08-01 23:41:14 --> [DEPRECATED] Creation of dynamic property App\Controllers\Cron\News::$validation is deprecated in APPPATH/Controllers/BaseController.php on line 57.
 1 SYSTEMPATH/CodeIgniter.php(892): App\Controllers\BaseController->initController(Object(CodeIgniter\HTTP\IncomingRequest), Object(CodeIgniter\HTTP\Response), Object(CodeIgniter\Log\Logger))
 2 SYSTEMPATH/CodeIgniter.php(485): CodeIgniter\CodeIgniter->createController()
 3 SYSTEMPATH/CodeIgniter.php(353): CodeIgniter\CodeIgniter->handleRequest(null, Object(Config\Cache), false)
 4 FCPATH/index.php(79): CodeIgniter\CodeIgniter->run()
